Township,Area_Raw,Area_Clean,Area_Key,State,State_Clean,Tenure,Type,Type_Clean,Primary_Type,Category,Median_Price,Median_PSF,Transactions
SCIENTEX SUNGAI DUA,Tasek Gelugor,TASEK GELUGOR,PENANG | TASEK GELUGOR,Penang,PENANG,Freehold,Terrace House,Terrace House,Terrace House,Landed,331800.0,304.0,593
BANDAR PUTRA,Kulai,KULAI,JOHOR | KULAI,Johor,JOHOR,Freehold,"Cluster House, Terrace House","Cluster House, Terrace House",Cluster House,Landed,590900.0,322.0,519
TAMAN LAGENDA TROPIKA TAPAH,Chenderiang,CHENDERIANG,PERAK | CHENDERIANG,Perak,PERAK,Freehold,Terrace House,Terrace House,Terrace House,Landed,229954.0,130.0,414
SCIENTEX JASIN MUTIARA,Bemban,BEMBAN,MELAKA | BEMBAN,Melaka,MELAKA,Freehold,Terrace House,Terrace House,Terrace House,Landed,255600.0,218.0,391
TAMAN LAGENDA AMAN,Tapah,TAPAH,PERAK | TAPAH,Perak,PERAK,Leasehold,Terrace House,Terrace House,Terrace House,Landed,219300.0,168.0,363
TAMAN IMPIAN EMAS,Tebrau,TEBRAU,JOHOR | TEBRAU,Johor,JOHOR,Freehold,"Terrace House, Semi D","Semi D, Terrace House",Semi D,Landed,738000.0,328.0,349
TAMAN KOTA MASAI,Pasir Gudang,PASIR GUDANG,JOHOR | PASIR GUDANG,Johor,JOHOR,Freehold,Terrace House,Terrace House,Terrace House,Landed,345000.0,323.0,319
TAMAN LAGENDA TELUK INTAN,Teluk Intan,TELUK INTAN,PERAK | TELUK INTAN,Perak,PERAK,Leasehold,"Terrace House, Cluster House","Cluster House, Terrace House",Cluster House,Landed,236594.0,126.0,309
BANDAR SCIENTEX JASIN,Jasin,JASIN,MELAKA | JASIN,Melaka,MELAKA,Freehold,Terrace House,Terrace House,Terrace House,Landed,180000.0,188.0,301
BANDAR BUKIT RAJA,Kapar,KAPAR,SELANGOR | KAPAR,Selangor,SELANGOR,Freehold,Terrace House,Terrace House,Terrace House,Landed,793888.0,496.0,292
TAMAN IMPIANA KESANG,Bemban,BEMBAN,MELAKA | BEMBAN,Melaka,MELAKA,Leasehold,Terrace House,Terrace House,Terrace House,Landed,128730.0,92.0,288
TAMAN BUKIT INDAH,Iskandar Puteri (Nusajaya),ISKANDAR PUTERI (NUSAJAYA),JOHOR | ISKANDAR PUTERI (NUSAJAYA),Johor,JOHOR,Freehold,Terrace House,Terrace House,Terrace House,Landed,695000.0,425.0,259
TAMAN NUSA SERI CENGAL 2 & 3,Nilai,NILAI,NEGERI SEMBILAN | NILAI,Negeri Sembilan,NEGERI SEMBILAN,Leasehold,Terrace House,Terrace House,Terrace House,Landed,359000.0,194.0,210
BANDAR DATO' ONN,Tebrau,TEBRAU,JOHOR | TEBRAU,Johor,JOHOR,Freehold,"Terrace House, Semi D","Semi D, Terrace House",Semi D,Landed,750000.0,450.0,203
TAMAN UNIVERSITI,Skudai,SKUDAI,JOHOR | SKUDAI,Johor,JOHOR,Freehold,Terrace House,Terrace House,Terrace House,Landed,394000.0,307.0,202
TAMAN JOHOR JAYA,Johor Bahru,JOHOR BAHRU,JOHOR | JOHOR BAHRU,Johor,JOHOR,Freehold,Terrace House,Terrace House,Terrace House,Landed,450000.0,326.0,195
TAMAN PUTERA INDAH,Batu Pahat,BATU PAHAT,JOHOR | BATU PAHAT,Johor,JOHOR,Freehold,"Terrace House, Cluster House","Cluster House, Terrace House",Cluster House,Landed,400000.0,214.0,193
TAMAN KIRANA,Kluang,KLUANG,JOHOR | KLUANG,Johor,JOHOR,Leasehold,Terrace House,Terrace House,Terrace House,Landed,170800.0,125.0,188
TAMAN BESTARI INDAH,Ulu Tiram,ULU TIRAM,JOHOR | ULU TIRAM,Johor,JOHOR,Freehold,Terrace House,Terrace House,Terrace House,Landed,832000.0,471.0,184
TAMAN MUTIARA RINI,Skudai,SKUDAI,JOHOR | SKUDAI,Johor,JOHOR,Leasehold,Terrace House,Terrace House,Terrace House,Landed,672000.0,396.0,183
TAMAN BUKIT PERDANA,Kluang,KLUANG,JOHOR | KLUANG,Johor,JOHOR,Freehold,Cluster House,Cluster House,Cluster House,Landed,343400.0,140.0,181
TAMAN SCIENTEX,Pasir Gudang,PASIR GUDANG,JOHOR | PASIR GUDANG,Johor,JOHOR,Freehold,"Terrace House, Cluster House","Cluster House, Terrace House",Cluster House,Landed,380000.0,387.0,177
BANDAR BARU PERMAS JAYA,Permas Jaya,PERMAS JAYA,JOHOR | PERMAS JAYA,Johor,JOHOR,Freehold,Terrace House,Terrace House,Terrace House,Landed,500000.0,392.0,173
TAMAN DAYA,Tebrau,TEBRAU,JOHOR | TEBRAU,Johor,JOHOR,Freehold,"Cluster House, Terrace House","Cluster House, Terrace House",Cluster House,Landed,504000.0,331.0,172
HORIZON HILLS,Iskandar Puteri (Nusajaya),ISKANDAR PUTERI (NUSAJAYA),JOHOR | ISKANDAR PUTERI (NUSAJAYA),Johor,JOHOR,Freehold,Terrace House,Terrace House,Terrace House,Landed,1180000.0,500.0,171
BUKIT SENTOSA,Serendah,SERENDAH,SELANGOR | SERENDAH,Selangor,SELANGOR,Freehold,"Bungalow, Terrace House","Bungalow, Terrace House",Bungalow,Landed,290000.0,232.0,166
D'Summit Residences,Skudai,SKUDAI,JOHOR | SKUDAI,Johor,JOHOR,Freehold,Service Residence,Service Residence,Service Residence,High-Rise,452900.0,602.0,165
BANDAR BARU SRI KLEBANG,Chemor,CHEMOR,PERAK | CHEMOR,Perak,PERAK,Freehold,"Terrace House, Semi D","Semi D, Terrace House",Semi D,Landed,472800.0,235.0,164
TAMAN DESA TEBRAU,Tebrau,TEBRAU,JOHOR | TEBRAU,Johor,JOHOR,Freehold,"Terrace House, Cluster House","Cluster House, Terrace House",Cluster House,Landed,930000.0,470.0,163
BANDAR BARU KANGKAR PULAI,Kulai,KULAI,JOHOR | KULAI,Johor,JOHOR,Mixed,"Cluster House, Terrace House","Cluster House, Terrace House",Cluster House,Landed,553200.0,297.0,155
TAMAN AROWANA [LENGGENG],Lenggeng,LENGGENG,NEGERI SEMBILAN | LENGGENG,Negeri Sembilan,NEGERI SEMBILAN,Leasehold,Terrace House,Terrace House,Terrace House,Landed,476240.0,310.0,152
TAMAN PERLING,Perling,PERLING,JOHOR | PERLING,Johor,JOHOR,Freehold,Terrace House,Terrace House,Terrace House,Landed,527500.0,286.0,152
LAYANGGKASA,Pasir Gudang,PASIR GUDANG,JOHOR | PASIR GUDANG,Johor,JOHOR,Freehold,Terrace House,Terrace House,Terrace House,Landed,551650.0,384.0,149
INDAHPURA,Kulai,KULAI,JOHOR | KULAI,Johor,JOHOR,Freehold,Terrace House,Terrace House,Terrace House,Landed,680000.0,377.0,145
TAMAN BUNGA RAYA,Serendah,SERENDAH,SELANGOR | SERENDAH,Selangor,SELANGOR,Leasehold,Terrace House,Terrace House,Terrace House,Landed,200000.0,186.0,144
TAMAN SEPADU JAYA (D'HALONA PLACE),Penaga,PENAGA,PENANG | PENAGA,Penang,PENANG,Freehold,Terrace House,Terrace House,Terrace House,Landed,307000.0,277.0,141
TAMAN SENTOSA,Klang,KLANG,SELANGOR | KLANG,Selangor,SELANGOR,Freehold,Terrace House,Terrace House,Terrace House,Landed,450000.0,357.0,141
TAMAN ANJUNG SUNGAI PETAI,Sungei Petai,SUNGEI PETAI,MELAKA | SUNGEI PETAI,Melaka,MELAKA,Freehold,"Terrace House, Semi D","Semi D, Terrace House",Semi D,Landed,298800.0,194.0,140
SEKSYEN 30 SHAH ALAM,Shah Alam,SHAH ALAM,SELANGOR | SHAH ALAM,Selangor,SELANGOR,Freehold,"Semi D, Terrace House","Semi D, Terrace House",Semi D,Landed,495000.0,308.0,140
TAMAN PUTERI WANGSA,Ulu Tiram,ULU TIRAM,JOHOR | ULU TIRAM,Johor,JOHOR,Freehold,Terrace House,Terrace House,Terrace House,Landed,450000.0,294.0,138
TAMAN SERAI RESIDENSI,Padang Serai,PADANG SERAI,KEDAH | PADANG SERAI,Kedah,KEDAH,Freehold,"Terrace House, Semi D","Semi D, Terrace House",Semi D,Landed,199800.0,143.0,136
TANJUNG PUTERI RESORT,Pasir Gudang,PASIR GUDANG,JOHOR | PASIR GUDANG,Johor,JOHOR,Freehold,"Bungalow, Terrace House","Bungalow, Terrace House",Bungalow,Landed,397800.0,258.0,135
BANDAR BARU SETIA AWAN PERDANA,Sitiawan,SITIAWAN,PERAK | SITIAWAN,Perak,PERAK,Freehold,"Cluster House, Terrace House","Cluster House, Terrace House",Cluster House,Landed,245000.0,139.0,128
TAMAN SRI IMPIAN / BANDAR SRI IMPIAN,Kluang,KLUANG,JOHOR | KLUANG,Johor,JOHOR,Freehold,Terrace House,Terrace House,Terrace House,Landed,419444.0,200.0,124
BANDAR SERI COALFIELDS,Ijok,IJOK,SELANGOR | IJOK,Selangor,SELANGOR,Freehold,"Terrace House, Cluster House","Cluster House, Terrace House",Cluster House,Landed,913800.0,432.0,123
TAMAN TASIK UTAMA,Bukit Katil,BUKIT KATIL,MELAKA | BUKIT KATIL,Melaka,MELAKA,Leasehold,Terrace House,Terrace House,Terrace House,Landed,270000.0,175.0,123
PULAU INDAH,Klang,KLANG,SELANGOR | KLANG,Selangor,SELANGOR,Freehold,Terrace House,Terrace House,Terrace House,Landed,350000.0,252.0,122
TAMAN UNGKU TUN AMINAH,Skudai,SKUDAI,JOHOR | SKUDAI,Johor,JOHOR,Freehold,Terrace House,Terrace House,Terrace House,Landed,530000.0,322.0,122
ELMINA WEST,Shah Alam,SHAH ALAM,SELANGOR | SHAH ALAM,Selangor,SELANGOR,Freehold,Terrace House,Terrace House,Terrace House,Landed,1060888.0,550.0,120
TAMAN SETIA INDAH,Tebrau,TEBRAU,JOHOR | TEBRAU,Johor,JOHOR,Freehold,Terrace House,Terrace House,Terrace House,Landed,610000.0,382.0,118
SEKSYEN 29 SHAH ALAM,Shah Alam,SHAH ALAM,SELANGOR | SHAH ALAM,Selangor,SELANGOR,Leasehold,Terrace House,Terrace House,Terrace House,Landed,472800.0,309.0,118
TAMAN BANANG JAYA,Batu Pahat,BATU PAHAT,JOHOR | BATU PAHAT,Johor,JOHOR,Freehold,Terrace House,Terrace House,Terrace House,Landed,618500.0,388.0,118
TAMAN SAUJANA,Kluang,KLUANG,JOHOR | KLUANG,Johor,JOHOR,Freehold,Terrace House,Terrace House,Terrace House,Landed,150000.0,107.0,117
Flat Taman Ungku Tun Aminah,Skudai,SKUDAI,JOHOR | SKUDAI,Johor,JOHOR,Freehold,Flat,Flat,Flat,High-Rise,140000.0,283.0,117
MERIDIN EAST,Pasir Gudang,PASIR GUDANG,JOHOR | PASIR GUDANG,Johor,JOHOR,Freehold,Terrace House,Terrace House,Terrace House,Landed,580000.0,414.0,115
TAMAN SKUDAI BARU,Skudai,SKUDAI,JOHOR | SKUDAI,Johor,JOHOR,Freehold,Terrace House,Terrace House,Terrace House,Landed,435000.0,325.0,114
TAMAN MUTIARA BESTARI,Skudai,SKUDAI,JOHOR | SKUDAI,Johor,JOHOR,Freehold,"Cluster House, Semi D","Semi D, Cluster House",Semi D,Landed,1114310.0,483.0,114
BUKIT BERUNTUNG,Serendah,SERENDAH,SELANGOR | SERENDAH,Selangor,SELANGOR,Freehold,Terrace House,Terrace House,Terrace House,Landed,300000.0,222.0,113
TAMAN RINTING,Masai,MASAI,JOHOR | MASAI,Johor,JOHOR,Freehold,Terrace House,Terrace House,Terrace House,Landed,430000.0,279.0,111
SETIA TROPIKA,Tampoi,TAMPOI,JOHOR | TAMPOI,Johor,JOHOR,Freehold,"Cluster House, Terrace House","Cluster House, Terrace House",Cluster House,Landed,911890.0,435.0,110
CALEDONIA,Ijok,IJOK,SELANGOR | IJOK,Selangor,SELANGOR,Freehold,Terrace House,Terrace House,Terrace House,Landed,509800.0,392.0,109
ALAM NUSANTARA,Setia Alam,SETIA ALAM,SELANGOR | SETIA ALAM,Selangor,SELANGOR,Freehold,Terrace House,Terrace House,Terrace House,Landed,872999.0,496.0,109
LAMAN ASPIRASI (BANTING),Banting,BANTING,SELANGOR | BANTING,Selangor,SELANGOR,Freehold,"Semi D, Terrace House","Semi D, Terrace House",Semi D,Landed,180000.0,129.0,104
BANDAR MAHKOTA CHERAS,Cheras,CHERAS,SELANGOR | CHERAS,Selangor,SELANGOR,Freehold,"Terrace House, Semi D, Town House","Semi D, Terrace House, Town House",Semi D,Landed,640000.0,422.0,103
PRIMA @ SITIAWAN,Sitiawan,SITIAWAN,PERAK | SITIAWAN,Perak,PERAK,Freehold,Terrace House,Terrace House,Terrace House,Landed,270610.0,193.0,102
BANDAR MAHKOTA BANTING (BANDAR BARU BROOKLANDS),Tanjong Duabelas,TANJONG DUABELAS,SELANGOR | TANJONG DUABELAS,Selangor,SELANGOR,Freehold,Terrace House,Terrace House,Terrace House,Landed,400000.0,258.0,102
OUG Parklane,Jalan Klang Lama (Old Klang Road),JALAN KLANG LAMA (OLD KLANG ROAD),KUALA LUMPUR | JALAN KLANG LAMA (OLD KLANG ROAD),Kuala Lumpur,KUALA LUMPUR,Freehold,Service Residence,Service Residence,Service Residence,High-Rise,580000.0,611.0,102
ALAM IMPIAN,Shah Alam,SHAH ALAM,SELANGOR | SHAH ALAM,Selangor,SELANGOR,Freehold,Terrace House,Terrace House,Terrace House,Landed,887800.0,488.0,99
BANDAR TASIK PUTERI,Rawang,RAWANG,SELANGOR | RAWANG,Selangor,SELANGOR,Leasehold,Terrace House,Terrace House,Terrace House,Landed,400000.0,281.0,93
BANDAR UTAMA,Bandar Utama,BANDAR UTAMA,SELANGOR | BANDAR UTAMA,Selangor,SELANGOR,Freehold,Terrace House,Terrace House,Terrace House,Landed,1510000.0,849.0,92
PERWIRA SERI ISKANDAR,Seri Iskandar,SERI ISKANDAR,PERAK | SERI ISKANDAR,Perak,PERAK,Leasehold,Terrace House,Terrace House,Terrace House,Landed,145000.0,104.0,92
TAMAN AUSTIN DUTA,Tebrau,TEBRAU,JOHOR | TEBRAU,Johor,JOHOR,Freehold,"Terrace House, Cluster House","Cluster House, Terrace House",Cluster House,Landed,781000.0,493.0,92
TAMAN PULAI INDAH,Skudai,SKUDAI,JOHOR | SKUDAI,Johor,JOHOR,Freehold,"Terrace House, Cluster House","Cluster House, Terrace House",Cluster House,Landed,460000.0,321.0,92
BANDAR BARU LAPANGAN,Ipoh,IPOH,PERAK | IPOH,Perak,PERAK,Leasehold,Terrace House,Terrace House,Terrace House,Landed,588800.0,369.0,91
TAMAN PUTERIMAS (KLUANG),Kluang,KLUANG,JOHOR | KLUANG,Johor,JOHOR,Freehold,Terrace House,Terrace House,Terrace House,Landed,250750.0,119.0,89
D'ART HILLS RESIDENCE,Senai,SENAI,JOHOR | SENAI,Johor,JOHOR,Freehold,Terrace House,Terrace House,Terrace House,Landed,839000.0,591.0,89
TAMAN DESA BERTAM,Tanjong Minyak,TANJONG MINYAK,MELAKA | TANJONG MINYAK,Melaka,MELAKA,Freehold,"Semi D, Cluster House","Semi D, Cluster House",Semi D,Landed,453000.0,185.0,89
TAMAN REM,Kota Tinggi,KOTA TINGGI,JOHOR | KOTA TINGGI,Johor,JOHOR,Leasehold,Terrace House,Terrace House,Terrace House,Landed,246600.0,160.0,89
TAMAN PULAI MUTIARA 2,Skudai,SKUDAI,JOHOR | SKUDAI,Johor,JOHOR,Freehold,"Terrace House, Cluster House","Cluster House, Terrace House",Cluster House,Landed,564230.0,252.0,88
KOTA BAYUEMAS,Klang,KLANG,SELANGOR | KLANG,Selangor,SELANGOR,Freehold,"Terrace House, Semi D","Semi D, Terrace House",Semi D,Landed,804000.0,446.0,88
TAMAN KOTA IMPIAN @ IMPIAN HILLS,Kota Tinggi,KOTA TINGGI,JOHOR | KOTA TINGGI,Johor,JOHOR,Freehold,Terrace House,Terrace House,Terrace House,Landed,713000.0,405.0,87
EKA HEIGHTS - PRECINCT 3B,Labu,LABU,NEGERI SEMBILAN | LABU,Negeri Sembilan,NEGERI SEMBILAN,Freehold,Terrace House,Terrace House,Terrace House,Landed,400000.0,267.0,87
BANDAR SPRINGHILL,Jimah,JIMAH,NEGERI SEMBILAN | JIMAH,Negeri Sembilan,NEGERI SEMBILAN,Freehold,Terrace House,Terrace House,Terrace House,Landed,220000.0,179.0,86
TAMAN HIJAUAN VALDOR,Sungai Bakap,SUNGAI BAKAP,PENANG | SUNGAI BAKAP,Penang,PENANG,Freehold,"Terrace House, Semi D","Semi D, Terrace House",Semi D,Landed,675000.0,241.0,85
TAMAN SRI GOMBAK,Batu Caves,BATU CAVES,SELANGOR | BATU CAVES,Selangor,SELANGOR,Freehold,Terrace House,Terrace House,Terrace House,Landed,450000.0,556.0,85
Flora Damansara Apartment,Damansara Perdana,DAMANSARA PERDANA,SELANGOR | DAMANSARA PERDANA,Selangor,SELANGOR,Leasehold,Apartment,Apartment,Apartment,High-Rise,380000.0,447.0,85
TAMAN KOTA SRI AHMAD SHAH,Kuantan,KUANTAN,PAHANG | KUANTAN,Pahang,PAHANG,Leasehold,Terrace House,Terrace House,Terrace House,Landed,582222.0,334.0,84
TAMAN MESRA IMPIAN,Kampar,KAMPAR,PERAK | KAMPAR,Perak,PERAK,Leasehold,Terrace House,Terrace House,Terrace House,Landed,300000.0,214.0,83
S2 HEIGHTS,Seremban 2,SEREMBAN 2,NEGERI SEMBILAN | SEREMBAN 2,Negeri Sembilan,NEGERI SEMBILAN,Freehold,Terrace House,Terrace House,Terrace House,Landed,775800.0,464.0,83
TAMAN SERI MAHKOTA,Sitiawan,SITIAWAN,PERAK | SITIAWAN,Perak,PERAK,Freehold,Terrace House,Terrace House,Terrace House,Landed,250000.0,179.0,82
TAMAN KINDING AKASIA,Ipoh,IPOH,PERAK | IPOH,Perak,PERAK,Leasehold,Terrace House,Terrace House,Terrace House,Landed,260000.0,186.0,82
TAMAN SHOREA HARTAMAS,Pasir Panjang,PASIR PANJANG,NEGERI SEMBILAN | PASIR PANJANG,Negeri Sembilan,NEGERI SEMBILAN,Freehold,Terrace House,Terrace House,Terrace House,Landed,250000.0,183.0,82
PRIMA D'MARINA,Kuantan,KUANTAN,PAHANG | KUANTAN,Pahang,PAHANG,Leasehold,Terrace House,Terrace House,Terrace House,Landed,431167.0,271.0,82
BUKIT JELUTONG,Shah Alam,SHAH ALAM,SELANGOR | SHAH ALAM,Selangor,SELANGOR,Freehold,"Semi D, Terrace House, Bungalow","Bungalow, Semi D, Terrace House",Bungalow,Landed,980000.0,437.0,81
BERIS MERAGA,Kijal,KIJAL,TERENGGANU | KIJAL,Terengganu,TERENGGANU,Freehold,"Semi D, Terrace House","Semi D, Terrace House",Semi D,Landed,320000.0,126.0,81
BAYU SUTERA - PRECINCT 3B,Jimah,JIMAH,NEGERI SEMBILAN | JIMAH,Negeri Sembilan,NEGERI SEMBILAN,Freehold,Terrace House,Terrace House,Terrace House,Landed,675888.0,483.0,80
BANDAR IOI,Segamat,SEGAMAT,JOHOR | SEGAMAT,Johor,JOHOR,Freehold,Terrace House,Terrace House,Terrace House,Landed,349350.0,208.0,80
BANDAR COUNTRY HOMES,Rawang,RAWANG,SELANGOR | RAWANG,Selangor,SELANGOR,Freehold,"Terrace House, Semi D","Semi D, Terrace House",Semi D,Landed,420000.0,313.0,79
PER. PERMATANG BADAK PERDANA (PL 177521),Kuantan,KUANTAN,PAHANG | KUANTAN,Pahang,PAHANG,Leasehold,Terrace House,Terrace House,Terrace House,Landed,325000.0,232.0,78
EKA HEIGHTS - PRECINCT 3A,Labu,LABU,NEGERI SEMBILAN | LABU,Negeri Sembilan,NEGERI SEMBILAN,Freehold,Terrace House,Terrace House,Terrace House,Landed,380000.0,267.0,78
TAMAN PUTRI KULAI,Kulai,KULAI,JOHOR | KULAI,Johor,JOHOR,Freehold,Terrace House,Terrace House,Terrace House,Landed,450000.0,292.0,78
TAMAN CENTURY,Johor Bahru,JOHOR BAHRU,JOHOR | JOHOR BAHRU,Johor,JOHOR,Freehold,"Terrace House, Semi D","Semi D, Terrace House",Semi D,Landed,609000.0,327.0,78
BANDAR BARU UDA,Johor Bahru,JOHOR BAHRU,JOHOR | JOHOR BAHRU,Johor,JOHOR,Mixed,Terrace House,Terrace House,Terrace House,Landed,500000.0,279.0,78
BANDAR SAUJANA PUTRA,Tanjong Duabelas,TANJONG DUABELAS,SELANGOR | TANJONG DUABELAS,Selangor,SELANGOR,Leasehold,Terrace House,Terrace House,Terrace House,Landed,450000.0,339.0,78
TAMAN PUNCAK JALIL,Seri Kembangan,SERI KEMBANGAN,SELANGOR | SERI KEMBANGAN,Selangor,SELANGOR,Leasehold,Terrace House,Terrace House,Terrace House,Landed,580000.0,400.0,78
TAMAN NADA EMBUN,Rantau,RANTAU,NEGERI SEMBILAN | RANTAU,Negeri Sembilan,NEGERI SEMBILAN,Freehold,Terrace House,Terrace House,Terrace House,Landed,522000.0,368.0,77
RESIDENSI MESRA,Gurun,GURUN,KEDAH | GURUN,Kedah,KEDAH,Freehold,Terrace House,Terrace House,Terrace House,Landed,232000.0,141.0,76
TAMAN MEGAH RIA,Masai,MASAI,JOHOR | MASAI,Johor,JOHOR,Freehold,"Terrace House, Semi D","Semi D, Terrace House",Semi D,Landed,436440.0,320.0,76
TAMAN SAFFRON,Serendah,SERENDAH,SELANGOR | SERENDAH,Selangor,SELANGOR,Freehold,Terrace House,Terrace House,Terrace House,Landed,437100.0,357.0,75
SERENIA CITY,Dengkil,DENGKIL,SELANGOR | DENGKIL,Selangor,SELANGOR,Freehold,Terrace House,Terrace House,Terrace House,Landed,828888.0,532.0,75
PUTRA HEIGHTS,Subang Jaya,SUBANG JAYA,SELANGOR | SUBANG JAYA,Selangor,SELANGOR,Freehold,Terrace House,Terrace House,Terrace House,Landed,855000.0,448.0,75
TAMAN AROWANA,Sungai Petani,SUNGAI PETANI,KEDAH | SUNGAI PETANI,Kedah,KEDAH,Freehold,Terrace House,Terrace House,Terrace House,Landed,276800.0,230.0,74
KOTA KEMUNING,Shah Alam,SHAH ALAM,SELANGOR | SHAH ALAM,Selangor,SELANGOR,Freehold,Terrace House,Terrace House,Terrace House,Landed,844000.0,417.0,74
BANDAR PUTERI KLANG,Klang,KLANG,SELANGOR | KLANG,Selangor,SELANGOR,Freehold,Terrace House,Terrace House,Terrace House,Landed,682500.0,434.0,74
BANDAR PUCHONG JAYA,Puchong,PUCHONG,SELANGOR | PUCHONG,Selangor,SELANGOR,Freehold,Terrace House,Terrace House,Terrace House,Landed,725000.0,513.0,74
TAMAN PONDEROSA,Johor Bahru,JOHOR BAHRU,JOHOR | JOHOR BAHRU,Johor,JOHOR,Freehold,Semi D,Semi D,Semi D,Landed,1110900.0,535.0,74
TAMAN DESA JAYA,Johor Bahru,JOHOR BAHRU,JOHOR | JOHOR BAHRU,Johor,JOHOR,Freehold,Terrace House,Terrace House,Terrace House,Landed,440000.0,338.0,73
LAMAN SETIA,Iskandar Puteri (Nusajaya),ISKANDAR PUTERI (NUSAJAYA),JOHOR | ISKANDAR PUTERI (NUSAJAYA),Johor,JOHOR,Freehold,Terrace House,Terrace House,Terrace House,Landed,650000.0,389.0,73
TAMAN PELANGI INDAH,Ulu Tiram,ULU TIRAM,JOHOR | ULU TIRAM,Johor,JOHOR,Freehold,"Terrace House, Semi D","Semi D, Terrace House",Semi D,Landed,600000.0,308.0,73
TAMAN PUTERI,Padang Serai,PADANG SERAI,KEDAH | PADANG SERAI,Kedah,KEDAH,Freehold,Terrace House,Terrace House,Terrace House,Landed,204000.0,159.0,72
TAMAN SENGKANG,Pasir Panjang,PASIR PANJANG,NEGERI SEMBILAN | PASIR PANJANG,Negeri Sembilan,NEGERI SEMBILAN,Freehold,Terrace House,Terrace House,Terrace House,Landed,279000.0,192.0,72
Mkh Boulevard,Kajang,KAJANG,SELANGOR | KAJANG,Selangor,SELANGOR,Leasehold,Service Residence,Service Residence,Service Residence,High-Rise,299000.0,503.0,72
LA CASA LUNAS,Lunas,LUNAS,KEDAH | LUNAS,Kedah,KEDAH,Freehold,Semi D,Semi D,Semi D,Landed,516888.0,227.0,71
TAMAN RAIA UTAMA,Gopeng,GOPENG,PERAK | GOPENG,Perak,PERAK,Freehold,Terrace House,Terrace House,Terrace House,Landed,268000.0,192.0,71
MEKARSARI UNGGUL (FASA III),Kepala Batas,KEPALA BATAS,PENANG | KEPALA BATAS,Penang,PENANG,Freehold,Terrace House,Terrace House,Terrace House,Landed,613000.0,366.0,71
PUNCAK ALAM,Bandar Puncak Alam,BANDAR PUNCAK ALAM,SELANGOR | BANDAR PUNCAK ALAM,Selangor,SELANGOR,Leasehold,"Cluster House, Terrace House","Cluster House, Terrace House",Cluster House,Landed,400000.0,288.0,71
Palmyra Residences,Bangi,BANGI,SELANGOR | BANGI,Selangor,SELANGOR,Freehold,Service Residence,Service Residence,Service Residence,High-Rise,432000.0,508.0,71
TAMAN SERI AUSTIN,Tebrau,TEBRAU,JOHOR | TEBRAU,Johor,JOHOR,Freehold,"Terrace House, Cluster House","Cluster House, Terrace House",Cluster House,Landed,719000.0,464.0,70
BANDAR SRI ASTANA,Sungai Petani,SUNGAI PETANI,KEDAH | SUNGAI PETANI,Kedah,KEDAH,Freehold,Terrace House,Terrace House,Terrace House,Landed,260000.0,177.0,70
BANDAR BARU SRI DAMANSARA,Bandar Sri Damansara,BANDAR SRI DAMANSARA,SELANGOR | BANDAR SRI DAMANSARA,Selangor,SELANGOR,Freehold,Terrace House,Terrace House,Terrace House,Landed,894000.0,564.0,70
TAMAN DESA CEMERLANG,Ulu Tiram,ULU TIRAM,JOHOR | ULU TIRAM,Johor,JOHOR,Freehold,Terrace House,Terrace House,Terrace House,Landed,495000.0,357.0,70
BANDAR DAMAI PERDANA,Cheras,CHERAS,SELANGOR | CHERAS,Selangor,SELANGOR,Freehold,Terrace House,Terrace House,Terrace House,Landed,775000.0,543.0,70
SERELYN AVENUE,Kuantan,KUANTAN,PAHANG | KUANTAN,Pahang,PAHANG,Leasehold,Terrace House,Terrace House,Terrace House,Landed,388000.0,231.0,69
TAMAN PELANGI,Johor Bahru,JOHOR BAHRU,JOHOR | JOHOR BAHRU,Johor,JOHOR,Freehold,"Semi D, Terrace House","Semi D, Terrace House",Semi D,Landed,750000.0,325.0,69
TAMAN SETIA MUTIARA,Kluang,KLUANG,JOHOR | KLUANG,Johor,JOHOR,Freehold,"Terrace House, Semi D","Semi D, Terrace House",Semi D,Landed,150000.0,107.0,69
BANDAR CEMERLANG,Tebrau,TEBRAU,JOHOR | TEBRAU,Johor,JOHOR,Freehold,"Cluster House, Semi D","Semi D, Cluster House",Semi D,Landed,828000.0,345.0,69
SETIA IMPIAN 3,Setia Alam,SETIA ALAM,SELANGOR | SETIA ALAM,Selangor,SELANGOR,Freehold,"Terrace House, Semi D","Semi D, Terrace House",Semi D,Landed,930000.0,584.0,69
ECO BOTANIC,Iskandar Puteri (Nusajaya),ISKANDAR PUTERI (NUSAJAYA),JOHOR | ISKANDAR PUTERI (NUSAJAYA),Johor,JOHOR,Freehold,Terrace House,Terrace House,Terrace House,Landed,1260000.0,580.0,68
TAMAN PULAI MUTIARA,Skudai,SKUDAI,JOHOR | SKUDAI,Johor,JOHOR,Freehold,"Terrace House, Cluster House","Cluster House, Terrace House",Cluster House,Landed,550000.0,426.0,68
GOODVIEW HEIGHTS,Kajang,KAJANG,SELANGOR | KAJANG,Selangor,SELANGOR,Freehold,"Terrace House, Town House","Terrace House, Town House",Terrace House,Landed,768800.0,542.0,67
TAMAN KERSANI,Kuala Pilah,KUALA PILAH,NEGERI SEMBILAN | KUALA PILAH,Negeri Sembilan,NEGERI SEMBILAN,Freehold,Terrace House,Terrace House,Terrace House,Landed,298000.0,192.0,67
IRAMA SENDAYAN 2C,Labu,LABU,NEGERI SEMBILAN | LABU,Negeri Sembilan,NEGERI SEMBILAN,Freehold,Terrace House,Terrace House,Terrace House,Landed,584999.0,417.0,67
BANDAR SERI BOTANI,Ipoh,IPOH,PERAK | IPOH,Perak,PERAK,Mixed,"Terrace House, Semi D","Semi D, Terrace House",Semi D,Landed,496800.0,344.0,67
TAMAN KLANG UTAMA,Kapar,KAPAR,SELANGOR | KAPAR,Selangor,SELANGOR,Freehold,Terrace House,Terrace House,Terrace House,Landed,427500.0,403.0,66
TAMAN DESA PD,Linggi,LINGGI,NEGERI SEMBILAN | LINGGI,Negeri Sembilan,NEGERI SEMBILAN,Freehold,Terrace House,Terrace House,Terrace House,Landed,180000.0,131.0,66
Mentari Court,Bandar Sunway,BANDAR SUNWAY,SELANGOR | BANDAR SUNWAY,Selangor,SELANGOR,Leasehold,Apartment,Apartment,Apartment,High-Rise,400000.0,516.0,66
TAMAN BENTARA,Telok Panglima Garang,TELOK PANGLIMA GARANG,SELANGOR | TELOK PANGLIMA GARANG,Selangor,SELANGOR,Leasehold,Terrace House,Terrace House,Terrace House,Landed,455000.0,287.0,65
BANDAR TASIK KESUMA,Beranang,BERANANG,SELANGOR | BERANANG,Selangor,SELANGOR,Freehold,"Semi D, Town House, Terrace House","Semi D, Terrace House, Town House",Semi D,Landed,400000.0,293.0,64
TAMAN POLO LAGUNA @ TAMBUN,Ipoh,IPOH,PERAK | IPOH,Perak,PERAK,Leasehold,Terrace House,Terrace House,Terrace House,Landed,487800.0,349.0,64
TAMAN HARMONIS FASA 2,Seri Iskandar,SERI ISKANDAR,PERAK | SERI ISKANDAR,Perak,PERAK,Leasehold,"Terrace House, Cluster House","Cluster House, Terrace House",Cluster House,Landed,240000.0,175.0,64
TAMAN TUN DR ISMAIL,Taman Tun Dr Ismail,TAMAN TUN DR ISMAIL,KUALA LUMPUR | TAMAN TUN DR ISMAIL,Kuala Lumpur,KUALA LUMPUR,Freehold,Terrace House,Terrace House,Terrace House,Landed,1585000.0,768.0,64
TAMAN KAMUNTING PUTRA FASA 1,Kamunting,KAMUNTING,PERAK | KAMUNTING,Perak,PERAK,Leasehold,Terrace House,Terrace House,Terrace House,Landed,171000.0,131.0,63
BANDAR SUNGAI LONG,Bandar Sungai Long,BANDAR SUNGAI LONG,SELANGOR | BANDAR SUNGAI LONG,Selangor,SELANGOR,Freehold,Terrace House,Terrace House,Terrace House,Landed,690000.0,440.0,63
BANDAR BARU SRI PETALING,Sri Petaling,SRI PETALING,KUALA LUMPUR | SRI PETALING,Kuala Lumpur,KUALA LUMPUR,Leasehold,"Terrace House, Semi D","Semi D, Terrace House",Semi D,Landed,845000.0,511.0,63
BANDAR AMANJAYA (ZON ANGGERIK),Sungai Petani,SUNGAI PETANI,KEDAH | SUNGAI PETANI,Kedah,KEDAH,Freehold,"Semi D, Terrace House","Semi D, Terrace House",Semi D,Landed,215000.0,166.0,63
CHEMOR KAYANGAN,Ipoh,IPOH,PERAK | IPOH,Perak,PERAK,Leasehold,Terrace House,Terrace House,Terrace House,Landed,228000.0,156.0,62
BANDAR JAYA PUTRA,Tebrau,TEBRAU,JOHOR | TEBRAU,Johor,JOHOR,Freehold,"Terrace House, Cluster House","Cluster House, Terrace House",Cluster House,Landed,1201200.0,549.0,62
BANDAR JAYA PUTRA,Ulu Tiram,ULU TIRAM,JOHOR | ULU TIRAM,Johor,JOHOR,Freehold,Terrace House,Terrace House,Terrace House,Landed,620000.0,501.0,62
TAMAN SRI MUDA,Shah Alam,SHAH ALAM,SELANGOR | SHAH ALAM,Selangor,SELANGOR,Freehold,Terrace House,Terrace House,Terrace House,Landed,330000.0,321.0,61
TAMAN GADONG JAYA,Labu,LABU,NEGERI SEMBILAN | LABU,Negeri Sembilan,NEGERI SEMBILAN,Freehold,"Terrace House, Town House","Terrace House, Town House",Terrace House,Landed,280000.0,207.0,60
TAMAN MOLEK,Johor Bahru,JOHOR BAHRU,JOHOR | JOHOR BAHRU,Johor,JOHOR,Freehold,Terrace House,Terrace House,Terrace House,Landed,600000.0,322.0,60
ALAM SARI BANGI,Bangi,BANGI,SELANGOR | BANGI,Selangor,SELANGOR,Freehold,"Terrace House, Cluster House","Cluster House, Terrace House",Cluster House,Landed,857000.0,416.0,60
BANDAR SUNGAI BUAYA,Serendah,SERENDAH,SELANGOR | SERENDAH,Selangor,SELANGOR,Leasehold,Terrace House,Terrace House,Terrace House,Landed,300000.0,188.0,60
Sri Putramas,Jalan Kuching,JALAN KUCHING,KUALA LUMPUR | JALAN KUCHING,Kuala Lumpur,KUALA LUMPUR,Freehold,Condominium,Condominium,Condominium,High-Rise,650000.0,619.0,60
TAMAN RIA,Sungai Petani,SUNGAI PETANI,KEDAH | SUNGAI PETANI,Kedah,KEDAH,Freehold,Terrace House,Terrace House,Terrace House,Landed,220000.0,152.0,59
KOTA PUTERI BANDAR BARU BATU ARANG,Batu Arang,BATU ARANG,SELANGOR | BATU ARANG,Selangor,SELANGOR,Leasehold,Terrace House,Terrace House,Terrace House,Landed,590000.0,272.0,59
TAMAN SAMARINDAH,Kota Samarahan,KOTA SAMARAHAN,SARAWAK | KOTA SAMARAHAN,Sarawak,SARAWAK,Mixed,Terrace House,Terrace House,Terrace House,Landed,300000.0,168.0,59
TAMAN TUNKU,Miri,MIRI,SARAWAK | MIRI,Sarawak,SARAWAK,Leasehold,Terrace House,Terrace House,Terrace House,Landed,288000.0,182.0,59
Royal Domain Sri Putramas 2,Jalan Kuching,JALAN KUCHING,KUALA LUMPUR | JALAN KUCHING,Kuala Lumpur,KUALA LUMPUR,Freehold,Condominium,Condominium,Condominium,High-Rise,850000.0,669.0,59
SETIA ECOHILL,Semenyih,SEMENYIH,SELANGOR | SEMENYIH,Selangor,SELANGOR,Freehold,Terrace House,Terrace House,Terrace House,Landed,670000.0,354.0,58
SS2 PETALING JAYA,Petaling Jaya,PETALING JAYA,SELANGOR | PETALING JAYA,Selangor,SELANGOR,Freehold,Terrace House,Terrace House,Terrace House,Landed,1120000.0,625.0,58
AMBANG BOTANIC,Klang,KLANG,SELANGOR | KLANG,Selangor,SELANGOR,Freehold,"Semi D, Bungalow","Bungalow, Semi D",Bungalow,Landed,1590000.0,546.0,58
BANDAR TASEK MUTIARA,Simpang Ampat,SIMPANG AMPAT,PENANG | SIMPANG AMPAT,Penang,PENANG,Freehold,Terrace House,Terrace House,Terrace House,Landed,425000.0,270.0,58
ECO MAJESTIC,Beranang,BERANANG,SELANGOR | BERANANG,Selangor,SELANGOR,Freehold,"Cluster House, Terrace House","Cluster House, Terrace House",Cluster House,Landed,854000.0,431.0,58
TAMAN TASIK INDAH,Kluang,KLUANG,JOHOR | KLUANG,Johor,JOHOR,Freehold,Terrace House,Terrace House,Terrace House,Landed,614000.0,258.0,58
TAMAN KRUBONG HEIGHTS,Krubong,KRUBONG,MELAKA | KRUBONG,Melaka,MELAKA,Freehold,Terrace House,Terrace House,Terrace House,Landed,405800.0,290.0,57
TAMAN KAMUNTING PELANGI,Taiping,TAIPING,PERAK | TAIPING,Perak,PERAK,Freehold,Terrace House,Terrace House,Terrace House,Landed,299000.0,203.0,57
TAMAN PUNCAK CERIA (IDAMAN HILLS),Kluang,KLUANG,JOHOR | KLUANG,Johor,JOHOR,Freehold,Terrace House,Terrace House,Terrace House,Landed,538000.0,253.0,57
TAMAN NUSA BAYU,Iskandar Puteri (Nusajaya),ISKANDAR PUTERI (NUSAJAYA),JOHOR | ISKANDAR PUTERI (NUSAJAYA),Johor,JOHOR,Freehold,Terrace House,Terrace House,Terrace House,Landed,600000.0,464.0,57
BANDAR LAGUNA MERBOK (TERES),Sungai Petani,SUNGAI PETANI,KEDAH | SUNGAI PETANI,Kedah,KEDAH,Freehold,Terrace House,Terrace House,Terrace House,Landed,400000.0,264.0,57
Palm Spring @ Damansara,Kota Damansara,KOTA DAMANSARA,SELANGOR | KOTA DAMANSARA,Selangor,SELANGOR,Leasehold,Condominium,Condominium,Condominium,High-Rise,530000.0,525.0,57
BANDAR SERI ALAM,Masai,MASAI,JOHOR | MASAI,Johor,JOHOR,Freehold,Terrace House,Terrace House,Terrace House,Landed,496500.0,305.0,56
BANDAR JASIN BISTARI,Bemban,BEMBAN,MELAKA | BEMBAN,Melaka,MELAKA,Leasehold,Terrace House,Terrace House,Terrace House,Landed,230435.0,150.0,56
BERTAM PERDANA,Kepala Batas,KEPALA BATAS,PENANG | KEPALA BATAS,Penang,PENANG,Freehold,"Cluster House, Terrace House","Cluster House, Terrace House",Cluster House,Landed,310000.0,260.0,55
BANDAR PUTERI JAYA SEKSYEN 1,Sungai Petani,SUNGAI PETANI,KEDAH | SUNGAI PETANI,Kedah,KEDAH,Freehold,Terrace House,Terrace House,Terrace House,Landed,228000.0,200.0,55
TAMAN MOUNT AUSTIN,Tebrau,TEBRAU,JOHOR | TEBRAU,Johor,JOHOR,Freehold,"Terrace House, Semi D","Semi D, Terrace House",Semi D,Landed,700000.0,441.0,55
RESIDENSI MERBOK,Nibong Tebal,NIBONG TEBAL,PENANG | NIBONG TEBAL,Penang,PENANG,Freehold,"Semi D, Bungalow","Bungalow, Semi D",Bungalow,Landed,960000.0,274.0,55
TAMAN DESA IMPIAN 2 (FASA 2),Bukit Mertajam,BUKIT MERTAJAM,PENANG | BUKIT MERTAJAM,Penang,PENANG,Freehold,Semi D,Semi D,Semi D,Landed,900000.0,311.0,54
LAKE GARDEN RESIDENCE(TAMAN KLEBANG TEKOMA,Ipoh,IPOH,PERAK | IPOH,Perak,PERAK,Leasehold,"Terrace House, Semi D","Semi D, Terrace House",Semi D,Landed,499800.0,357.0,54
BANDAR BOTANIC,Klang,KLANG,SELANGOR | KLANG,Selangor,SELANGOR,Freehold,Terrace House,Terrace House,Terrace House,Landed,767500.0,468.0,54
TAMAN SRI SAUJANA,Kota Tinggi,KOTA TINGGI,JOHOR | KOTA TINGGI,Johor,JOHOR,Freehold,Terrace House,Terrace House,Terrace House,Landed,380000.0,271.0,54
BANDAR AMANJAYA (KEMBOJA),Sungai Petani,SUNGAI PETANI,KEDAH | SUNGAI PETANI,Kedah,KEDAH,Freehold,Terrace House,Terrace House,Terrace House,Landed,230000.0,165.0,54
Seksyen 2 Wangsa Maju Flat,Wangsa Maju,WANGSA MAJU,KUALA LUMPUR | WANGSA MAJU,Kuala Lumpur,KUALA LUMPUR,Leasehold,Flat,Flat,Flat,High-Rise,224500.0,380.0,54
Melinsung Summer Bay Resort,Papar,PAPAR,SABAH | PAPAR,Sabah,SABAH,Leasehold,Apartment,Apartment,Apartment,High-Rise,115000.0,218.0,54
TAMAN POLITEKNIK,Telok Kemang,TELOK KEMANG,NEGERI SEMBILAN | TELOK KEMANG,Negeri Sembilan,NEGERI SEMBILAN,Freehold,Terrace House,Terrace House,Terrace House,Landed,230000.0,177.0,53
"TAMAN ALAMANDA, BANDAR BARU SEGARI",Lumut,LUMUT,PERAK | LUMUT,Perak,PERAK,Leasehold,Terrace House,Terrace House,Terrace House,Landed,155500.0,120.0,53
TAMAN PUNCAK KASIH MERLIMAU PASIR,Merlimau,MERLIMAU,MELAKA | MERLIMAU,Melaka,MELAKA,Freehold,Terrace House,Terrace House,Terrace House,Landed,179800.0,127.0,53
TAMAN NUSANTARA,Iskandar Puteri (Nusajaya),ISKANDAR PUTERI (NUSAJAYA),JOHOR | ISKANDAR PUTERI (NUSAJAYA),Johor,JOHOR,Freehold,Terrace House,Terrace House,Terrace House,Landed,420000.0,372.0,53
TAMAN NUSA BESTARI 2,Iskandar Puteri (Nusajaya),ISKANDAR PUTERI (NUSAJAYA),JOHOR | ISKANDAR PUTERI (NUSAJAYA),Johor,JOHOR,Freehold,Terrace House,Terrace House,Terrace House,Landed,540000.0,363.0,53
BANDAR TASIK SENANGIN,Lenggeng,LENGGENG,NEGERI SEMBILAN | LENGGENG,Negeri Sembilan,NEGERI SEMBILAN,Freehold,Bungalow,Bungalow,Bungalow,Landed,435000.0,105.0,53
TAMAN SENTOSA,Johor Bahru,JOHOR BAHRU,JOHOR | JOHOR BAHRU,Johor,JOHOR,Freehold,"Semi D, Terrace House","Semi D, Terrace House",Semi D,Landed,700000.0,321.0,53
TAMAN LANGAT UTAMA 3,Tanjong Duabelas,TANJONG DUABELAS,SELANGOR | TANJONG DUABELAS,Selangor,SELANGOR,Leasehold,Terrace House,Terrace House,Terrace House,Landed,410000.0,282.0,53
AMBER 2 @ BUKIT SENTOSA,Serendah,SERENDAH,SELANGOR | SERENDAH,Selangor,SELANGOR,Freehold,Terrace House,Terrace House,Terrace House,Landed,452000.0,385.0,52
KOTA EMERALD,Rawang,RAWANG,SELANGOR | RAWANG,Selangor,SELANGOR,Freehold,"Terrace House, Semi D","Semi D, Terrace House",Semi D,Landed,795000.0,383.0,52
TAMAN MELAWATI,Ulu Klang,ULU KLANG,SELANGOR | ULU KLANG,Selangor,SELANGOR,Freehold,"Terrace House, Semi D","Semi D, Terrace House",Semi D,Landed,686000.0,483.0,51
BUKIT BANYAN,Sungai Petani,SUNGAI PETANI,KEDAH | SUNGAI PETANI,Kedah,KEDAH,Freehold,"Town House, Terrace House, Semi D","Semi D, Terrace House, Town House",Semi D,Landed,499900.0,267.0,51
BANDAR RINCHING,Semenyih,SEMENYIH,SELANGOR | SEMENYIH,Selangor,SELANGOR,Freehold,Terrace House,Terrace House,Terrace House,Landed,400000.0,292.0,51
TAMAN NILAM SARI,Seremban,SEREMBAN,NEGERI SEMBILAN | SEREMBAN,Negeri Sembilan,NEGERI SEMBILAN,Leasehold,Terrace House,Terrace House,Terrace House,Landed,411800.0,317.0,50
TAMAN AIR MANIS,Sabak Bernam,SABAK BERNAM,SELANGOR | SABAK BERNAM,Selangor,SELANGOR,Leasehold,"Cluster House, Terrace House","Cluster House, Terrace House",Cluster House,Landed,250000.0,179.0,50
TAMAN BERTAM HEIGHTS,Tanjong Minyak,TANJONG MINYAK,MELAKA | TANJONG MINYAK,Melaka,MELAKA,Freehold,Terrace House,Terrace House,Terrace House,Landed,180000.0,138.0,50
TAMAN PASIR PUTIH,Pasir Gudang,PASIR GUDANG,JOHOR | PASIR GUDANG,Johor,JOHOR,Freehold,Terrace House,Terrace House,Terrace House,Landed,375000.0,273.0,50
BANDAR PUTERA 2,Klang,KLANG,SELANGOR | KLANG,Selangor,SELANGOR,Leasehold,Terrace House,Terrace House,Terrace House,Landed,411640.0,344.0,50
TAMAN KERIAN SENTOSA,Parit Buntar,PARIT BUNTAR,PERAK | PARIT BUNTAR,Perak,PERAK,Leasehold,Terrace House,Terrace House,Terrace House,Landed,368800.0,267.0,50
Medini Signature,Iskandar Puteri (Nusajaya),ISKANDAR PUTERI (NUSAJAYA),JOHOR | ISKANDAR PUTERI (NUSAJAYA),Johor,JOHOR,Freehold,Condominium,Condominium,Condominium,High-Rise,814800.0,505.0,50
Angkasa Condominiums,Cheras,CHERAS,KUALA LUMPUR | CHERAS,Kuala Lumpur,KUALA LUMPUR,Freehold,Condominium,Condominium,Condominium,High-Rise,600000.0,648.0,50
BANDAR SEBERANG JAYA,Seberang Jaya,SEBERANG JAYA,PENANG | SEBERANG JAYA,Penang,PENANG,Leasehold,Terrace House,Terrace House,Terrace House,Landed,280000.0,294.0,49
AMBER 1@BUKIT SENTOSA,Serendah,SERENDAH,SELANGOR | SERENDAH,Selangor,SELANGOR,Freehold,Terrace House,Terrace House,Terrace House,Landed,430000.0,332.0,49
TAMAN SRI SKUDAI,Skudai,SKUDAI,JOHOR | SKUDAI,Johor,JOHOR,Freehold,Terrace House,Terrace House,Terrace House,Landed,400000.0,283.0,49
TAMAN AIR BIRU,Pasir Gudang,PASIR GUDANG,JOHOR | PASIR GUDANG,Johor,JOHOR,Leasehold,"Semi D, Terrace House","Semi D, Terrace House",Semi D,Landed,270000.0,245.0,49
TAMAN SRI PULAI PERDANA,Kulai,KULAI,JOHOR | KULAI,Johor,JOHOR,Freehold,Terrace House,Terrace House,Terrace House,Landed,499000.0,382.0,49
TAMAN LESTARI PUCHONG,Seri Kembangan,SERI KEMBANGAN,SELANGOR | SERI KEMBANGAN,Selangor,SELANGOR,Leasehold,Terrace House,Terrace House,Terrace House,Landed,508000.0,338.0,49
NUSA SENTRAL,Iskandar Puteri (Nusajaya),ISKANDAR PUTERI (NUSAJAYA),JOHOR | ISKANDAR PUTERI (NUSAJAYA),Johor,JOHOR,Freehold,"Semi D, Terrace House","Semi D, Terrace House",Semi D,Landed,770000.0,485.0,49
TAMAN CEMPAKA,Ipoh,IPOH,PERAK | IPOH,Perak,PERAK,Mixed,Terrace House,Terrace House,Terrace House,Landed,199000.0,202.0,49
IRAMA SENDAYAN 2A,Labu,LABU,NEGERI SEMBILAN | LABU,Negeri Sembilan,NEGERI SEMBILAN,Freehold,Terrace House,Terrace House,Terrace House,Landed,559444.0,379.0,48
BANDAR PUTERI PUCHONG,Puchong,PUCHONG,SELANGOR | PUCHONG,Selangor,SELANGOR,Freehold,Terrace House,Terrace House,Terrace House,Landed,1225000.0,620.0,48
KEPONG BARU,Kepong,KEPONG,KUALA LUMPUR | KEPONG,Kuala Lumpur,KUALA LUMPUR,Mixed,Terrace House,Terrace House,Terrace House,Landed,667500.0,445.0,48
BANDAR KINRARA,Bandar Kinrara,BANDAR KINRARA,SELANGOR | BANDAR KINRARA,Selangor,SELANGOR,Freehold,Terrace House,Terrace House,Terrace House,Landed,1415000.0,621.0,48
TAMAN RIA JAYA FASA 2,Sungai Petani,SUNGAI PETANI,KEDAH | SUNGAI PETANI,Kedah,KEDAH,Freehold,Terrace House,Terrace House,Terrace House,Landed,197500.0,146.0,48
TAMAN CAHAYA MASAI,Pasir Gudang,PASIR GUDANG,JOHOR | PASIR GUDANG,Johor,JOHOR,Leasehold,Terrace House,Terrace House,Terrace House,Landed,300000.0,381.0,48
Nusa Perdana Apartment,Iskandar Puteri (Nusajaya),ISKANDAR PUTERI (NUSAJAYA),JOHOR | ISKANDAR PUTERI (NUSAJAYA),Johor,JOHOR,Freehold,Service Residence,Service Residence,Service Residence,High-Rise,360000.0,386.0,48
TAMAN MELOR JAYA,Gerisek,GERISEK,JOHOR | GERISEK,Johor,JOHOR,Freehold,Terrace House,Terrace House,Terrace House,Landed,165000.0,100.0,47
TANJUNG TEMASEK,Ipoh,IPOH,PERAK | IPOH,Perak,PERAK,Leasehold,Terrace House,Terrace House,Terrace House,Landed,303800.0,226.0,47
ALAM PERDANA,Ijok,IJOK,SELANGOR | IJOK,Selangor,SELANGOR,Leasehold,Terrace House,Terrace House,Terrace House,Landed,310000.0,189.0,47
TAMAN KRUBONG JAYA,Krubong,KRUBONG,MELAKA | KRUBONG,Melaka,MELAKA,Leasehold,Terrace House,Terrace House,Terrace House,Landed,290000.0,223.0,47
TAMAN ADDA,Tebrau,TEBRAU,JOHOR | TEBRAU,Johor,JOHOR,Freehold,"Terrace House, Cluster House","Cluster House, Terrace House",Cluster House,Landed,1000000.0,387.0,47
TAMAN BANDAR UTAMA TAMPIN,Tampin,TAMPIN,NEGERI SEMBILAN | TAMPIN,Negeri Sembilan,NEGERI SEMBILAN,Freehold,"Semi D, Terrace House","Semi D, Terrace House",Semi D,Landed,299473.0,145.0,47
Taman Terubong Indah (Majestic Heights),Ayer Itam,AYER ITAM,PENANG | AYER ITAM,Penang,PENANG,Freehold,Flat,Flat,Flat,High-Rise,170000.0,243.0,47
TAMAN CASSIA BAHAU,Bahau,BAHAU,NEGERI SEMBILAN | BAHAU,Negeri Sembilan,NEGERI SEMBILAN,Leasehold,Terrace House,Terrace House,Terrace House,Landed,249000.0,192.0,46
TAMAN MAHSURI,Padang Serai,PADANG SERAI,KEDAH | PADANG SERAI,Kedah,KEDAH,Freehold,Terrace House,Terrace House,Terrace House,Landed,270000.0,208.0,46
TAMAN BUKIT PERDANA,Batu Pahat,BATU PAHAT,JOHOR | BATU PAHAT,Johor,JOHOR,Freehold,Terrace House,Terrace House,Terrace House,Landed,390000.0,253.0,46
TAMAN PUCHONG UTAMA,Puchong,PUCHONG,SELANGOR | PUCHONG,Selangor,SELANGOR,Freehold,Terrace House,Terrace House,Terrace House,Landed,600000.0,454.0,46
USJ 3,Subang Jaya,SUBANG JAYA,SELANGOR | SUBANG JAYA,Selangor,SELANGOR,Freehold,Terrace House,Terrace House,Terrace House,Landed,765000.0,482.0,46
TAMAN EVERGREEN HEIGHTS,Batu Pahat,BATU PAHAT,JOHOR | BATU PAHAT,Johor,JOHOR,Freehold,Terrace House,Terrace House,Terrace House,Landed,420000.0,244.0,46
TAMAN LAGENDA,Padang Serai,PADANG SERAI,KEDAH | PADANG SERAI,Kedah,KEDAH,Freehold,Terrace House,Terrace House,Terrace House,Landed,292500.0,214.0,46
Molek Regency,Johor Bahru,JOHOR BAHRU,JOHOR | JOHOR BAHRU,Johor,JOHOR,Freehold,Service Residence,Service Residence,Service Residence,High-Rise,580000.0,536.0,46
TAMAN SAUJANA MANJUNG,Sitiawan,SITIAWAN,PERAK | SITIAWAN,Perak,PERAK,Leasehold,"Semi D, Terrace House","Semi D, Terrace House",Semi D,Landed,329890.0,279.0,45
MERU SENTOSA,Ipoh,IPOH,PERAK | IPOH,Perak,PERAK,Leasehold,Terrace House,Terrace House,Terrace House,Landed,340194.0,235.0,45
TAMAN TERATAI,Kulai,KULAI,JOHOR | KULAI,Johor,JOHOR,Freehold,Terrace House,Terrace House,Terrace House,Landed,330000.0,273.0,45
TAMAN SEMENTA PERMAI,Kapar,KAPAR,SELANGOR | KAPAR,Selangor,SELANGOR,Freehold,Terrace House,Terrace House,Terrace House,Landed,358000.0,254.0,45
TAMAN KOTA JAYA,Kota Tinggi,KOTA TINGGI,JOHOR | KOTA TINGGI,Johor,JOHOR,Freehold,"Semi D, Terrace House","Semi D, Terrace House",Semi D,Landed,310000.0,198.0,45
TAMAN SENAI JAYA,Senai,SENAI,JOHOR | SENAI,Johor,JOHOR,Freehold,Terrace House,Terrace House,Terrace House,Landed,170000.0,110.0,45
PR1MA @ PORT DICKSON,Lukut,LUKUT,NEGERI SEMBILAN | LUKUT,Negeri Sembilan,NEGERI SEMBILAN,Freehold,Terrace House,Terrace House,Terrace House,Landed,287850.0,210.0,45
TAMAN SCIENTEX SENAI,Senai,SENAI,JOHOR | SENAI,Johor,JOHOR,Freehold,Terrace House,Terrace House,Terrace House,Landed,480000.0,446.0,45
Green Garden,Ayer Itam,AYER ITAM,PENANG | AYER ITAM,Penang,PENANG,Freehold,Flat,Flat,Flat,High-Rise,180000.0,335.0,45
SCIENTEX SEREMBAN,Seremban,SEREMBAN,NEGERI SEMBILAN | SEREMBAN,Negeri Sembilan,NEGERI SEMBILAN,Freehold,Terrace House,Terrace House,Terrace House,Landed,380000.0,272.0,44
BANDAR UTAMA BATANG KALI,Batang Kali,BATANG KALI,SELANGOR | BATANG KALI,Selangor,SELANGOR,Freehold,"Terrace House, Cluster House","Cluster House, Terrace House",Cluster House,Landed,232500.0,208.0,44
TAMAN BUKIT TIRAM,Ulu Tiram,ULU TIRAM,JOHOR | ULU TIRAM,Johor,JOHOR,Freehold,Terrace House,Terrace House,Terrace House,Landed,380000.0,366.0,44
PULAI JAYA,Kulai,KULAI,JOHOR | KULAI,Johor,JOHOR,Freehold,Terrace House,Terrace House,Terrace House,Landed,520000.0,346.0,43
BANDAR UNIVERSITI,Seri Iskandar,SERI ISKANDAR,PERAK | SERI ISKANDAR,Perak,PERAK,Leasehold,"Terrace House, Semi D","Semi D, Terrace House",Semi D,Landed,250000.0,175.0,43
SERENE HEIGHTS,Semenyih,SEMENYIH,SELANGOR | SEMENYIH,Selangor,SELANGOR,Freehold,Terrace House,Terrace House,Terrace House,Landed,781800.0,445.0,43
TAS,Kuantan,KUANTAN,PAHANG | KUANTAN,Pahang,PAHANG,Freehold,Terrace House,Terrace House,Terrace House,Landed,185000.0,158.0,43
BANDAR TUN HUSSEIN ONN,Cheras,CHERAS,SELANGOR | CHERAS,Selangor,SELANGOR,Freehold,"Terrace House, Semi D","Semi D, Terrace House",Semi D,Landed,800000.0,390.0,43
TAMAN BUKIT DAHLIA,Pasir Gudang,PASIR GUDANG,JOHOR | PASIR GUDANG,Johor,JOHOR,Mixed,Terrace House,Terrace House,Terrace House,Landed,480000.0,353.0,43
TAMAN BUKIT KEMPAS,Tampoi,TAMPOI,JOHOR | TAMPOI,Johor,JOHOR,Freehold,Terrace House,Terrace House,Terrace House,Landed,480000.0,291.0,43
TAMAN PUTRA PRIMA,Puchong,PUCHONG,SELANGOR | PUCHONG,Selangor,SELANGOR,Freehold,Terrace House,Terrace House,Terrace House,Landed,780000.0,454.0,43
DESA MAYANG SARI,Nilai,NILAI,NEGERI SEMBILAN | NILAI,Negeri Sembilan,NEGERI SEMBILAN,Freehold,Terrace House,Terrace House,Terrace House,Landed,718000.0,511.0,42
TAMAN DAMAI JAYA,Skudai,SKUDAI,JOHOR | SKUDAI,Johor,JOHOR,Freehold,Terrace House,Terrace House,Terrace House,Landed,325000.0,387.0,42
USJ 11,Subang Jaya,SUBANG JAYA,SELANGOR | SUBANG JAYA,Selangor,SELANGOR,Freehold,Terrace House,Terrace House,Terrace House,Landed,900000.0,513.0,42
TAMAN WIDURI,Sungai Jawi,SUNGAI JAWI,PENANG | SUNGAI JAWI,Penang,PENANG,Freehold,Terrace House,Terrace House,Terrace House,Landed,260000.0,224.0,42
BANDAR EKAR,Rantau,RANTAU,NEGERI SEMBILAN | RANTAU,Negeri Sembilan,NEGERI SEMBILAN,Freehold,Terrace House,Terrace House,Terrace House,Landed,235789.0,145.0,42
Greenfield Regency,Tampoi,TAMPOI,JOHOR | TAMPOI,Johor,JOHOR,Freehold,Service Residence,Service Residence,Service Residence,High-Rise,391500.0,485.0,42
OVERSEAS UNION GARDEN,Jalan Klang Lama (Old Klang Road),JALAN KLANG LAMA (OLD KLANG ROAD),KUALA LUMPUR | JALAN KLANG LAMA (OLD KLANG ROAD),Kuala Lumpur,KUALA LUMPUR,Freehold,"Bungalow, Terrace House","Bungalow, Terrace House",Bungalow,Landed,923000.0,519.0,41
TAMAN PARKLAND,Kluang,KLUANG,JOHOR | KLUANG,Johor,JOHOR,Freehold,Terrace House,Terrace House,Terrace House,Landed,150000.0,107.0,41
TAMAN TEHEL INDAH,Bemban,BEMBAN,MELAKA | BEMBAN,Melaka,MELAKA,Freehold,Terrace House,Terrace House,Terrace House,Landed,497000.0,337.0,41
TAMAN KLEMERU (P/L : 48396),Ipoh,IPOH,PERAK | IPOH,Perak,PERAK,Leasehold,Terrace House,Terrace House,Terrace House,Landed,403000.0,229.0,41
TAMAN BANDAR BARU SUNGAI LALANG,Sungai Petani,SUNGAI PETANI,KEDAH | SUNGAI PETANI,Kedah,KEDAH,Freehold,Terrace House,Terrace House,Terrace House,Landed,200000.0,151.0,41
UDA UTAMA,Johor Bahru,JOHOR BAHRU,JOHOR | JOHOR BAHRU,Johor,JOHOR,Freehold,Terrace House,Terrace House,Terrace House,Landed,809662.0,487.0,41
NILAI IMPIAN,Nilai,NILAI,NEGERI SEMBILAN | NILAI,Negeri Sembilan,NEGERI SEMBILAN,Freehold,Terrace House,Terrace House,Terrace House,Landed,639888.0,383.0,41
"TAMAN KELANA, RANTAU PANJANG",Kapar,KAPAR,SELANGOR | KAPAR,Selangor,SELANGOR,Freehold,Terrace House,Terrace House,Terrace House,Landed,473000.0,354.0,40
TIARA SENDAYAN - PRESINT 14C,Labu,LABU,NEGERI SEMBILAN | LABU,Negeri Sembilan,NEGERI SEMBILAN,Freehold,Terrace House,Terrace House,Terrace House,Landed,512650.0,350.0,40
TAMAN DESA IMPIAN,Simpang Ampat,SIMPANG AMPAT,PENANG | SIMPANG AMPAT,Penang,PENANG,Freehold,Cluster House,Cluster House,Cluster House,Landed,880000.0,314.0,40
BANDAR BESTARI@CANARY GARDEN,Klang,KLANG,SELANGOR | KLANG,Selangor,SELANGOR,Freehold,Cluster House,Cluster House,Cluster House,Landed,1449665.0,620.0,40
TAMAN SRI PENAWAR,Pengerang,PENGERANG,JOHOR | PENGERANG,Johor,JOHOR,Leasehold,Terrace House,Terrace House,Terrace House,Landed,525000.0,375.0,40
BANDAR SERI BOTANI,Simpang Pulai,SIMPANG PULAI,PERAK | SIMPANG PULAI,Perak,PERAK,Mixed,Terrace House,Terrace House,Terrace House,Landed,448800.0,288.0,40
TAMAN RASA UTAMA,Batang Kali,BATANG KALI,SELANGOR | BATANG KALI,Selangor,SELANGOR,Leasehold,Terrace House,Terrace House,Terrace House,Landed,250000.0,187.0,40
TAMAN DESA TANJUNG MINYAK (SERI BERTAM),Tanjong Minyak,TANJONG MINYAK,MELAKA | TANJONG MINYAK,Melaka,MELAKA,Leasehold,Terrace House,Terrace House,Terrace House,Landed,260000.0,181.0,39
TAMAN CANNING,Ipoh,IPOH,PERAK | IPOH,Perak,PERAK,Mixed,"Terrace House, Semi D, Bungalow","Bungalow, Semi D, Terrace House",Bungalow,Landed,425000.0,171.0,39
TAMAN PUSING SAKURA,Batu Gajah,BATU GAJAH,PERAK | BATU GAJAH,Perak,PERAK,Leasehold,Terrace House,Terrace House,Terrace House,Landed,330880.0,236.0,39
M SENYUM SALAK TINGGI,Sepang,SEPANG,SELANGOR | SEPANG,Selangor,SELANGOR,Leasehold,Terrace House,Terrace House,Terrace House,Landed,555210.0,463.0,39
BB SETIA AWAN PERDANA RESIDEN 8,Sitiawan,SITIAWAN,PERAK | SITIAWAN,Perak,PERAK,Freehold,Terrace House,Terrace House,Terrace House,Landed,245000.0,205.0,39
TAMAN KLUANG PERDANA,Kluang,KLUANG,JOHOR | KLUANG,Johor,JOHOR,Freehold,"Semi D, Terrace House","Semi D, Terrace House",Semi D,Landed,199900.0,110.0,39
TAMAN MENGKIBOL,Kluang,KLUANG,JOHOR | KLUANG,Johor,JOHOR,Freehold,Terrace House,Terrace House,Terrace House,Landed,379000.0,237.0,39
RPR BANDAR BARU SAMARIANG,Kuching,KUCHING,SARAWAK | KUCHING,Sarawak,SARAWAK,Leasehold,Terrace House,Terrace House,Terrace House,Landed,200000.0,195.0,39
TAMAN PULAI UTAMA,Skudai,SKUDAI,JOHOR | SKUDAI,Johor,JOHOR,Freehold,Terrace House,Terrace House,Terrace House,Landed,595000.0,340.0,39
TAMAN SUTERA,Perling,PERLING,JOHOR | PERLING,Johor,JOHOR,Freehold,Terrace House,Terrace House,Terrace House,Landed,780000.0,306.0,39
SEKSYEN 17,Petaling Jaya,PETALING JAYA,SELANGOR | PETALING JAYA,Selangor,SELANGOR,Freehold,"Bungalow, Terrace House, Semi D","Bungalow, Semi D, Terrace House",Bungalow,Landed,948000.0,464.0,39
Taman Pandan Jaya,Cheras,CHERAS,SELANGOR | CHERAS,Selangor,SELANGOR,Leasehold,Flat,Flat,Flat,High-Rise,185000.0,313.0,39
Venice Hill,Cheras,CHERAS,SELANGOR | CHERAS,Selangor,SELANGOR,Freehold,Condominium,Condominium,Condominium,High-Rise,250000.0,162.0,39
Green Haven,Masai,MASAI,JOHOR | MASAI,Johor,JOHOR,Freehold,Service Residence,Service Residence,Service Residence,High-Rise,631950.0,530.0,39
Sri Penara,Cheras,CHERAS,KUALA LUMPUR | CHERAS,Kuala Lumpur,KUALA LUMPUR,Leasehold,Apartment,Apartment,Apartment,High-Rise,280000.0,433.0,39
TAMAN BUKIT KATIL DAMAI,Bukit Katil,BUKIT KATIL,MELAKA | BUKIT KATIL,Melaka,MELAKA,Leasehold,"Semi D, Terrace House","Semi D, Terrace House",Semi D,Landed,488000.0,338.0,38
HAPPY GARDEN,Jalan Klang Lama (Old Klang Road),JALAN KLANG LAMA (OLD KLANG ROAD),KUALA LUMPUR | JALAN KLANG LAMA (OLD KLANG ROAD),Kuala Lumpur,KUALA LUMPUR,Mixed,Terrace House,Terrace House,Terrace House,Landed,912500.0,445.0,38
BERCHAM NOBEL RESIDENCES,Ipoh,IPOH,PERAK | IPOH,Perak,PERAK,Freehold,Terrace House,Terrace House,Terrace House,Landed,335000.0,238.0,38
TAMAN MERPATI INDAH,Kulim,KULIM,KEDAH | KULIM,Kedah,KEDAH,Freehold,Terrace House,Terrace House,Terrace House,Landed,462000.0,330.0,38
MUTIARA HILLS @ SEMENYIH,Semenyih,SEMENYIH,SELANGOR | SEMENYIH,Selangor,SELANGOR,Freehold,Terrace House,Terrace House,Terrace House,Landed,547770.0,391.0,38
LEXVIEW,Ipoh,IPOH,PERAK | IPOH,Perak,PERAK,Mixed,Terrace House,Terrace House,Terrace House,Landed,458880.0,298.0,38
BANDAR SERI ALAM,Pasir Gudang,PASIR GUDANG,JOHOR | PASIR GUDANG,Johor,JOHOR,Freehold,Terrace House,Terrace House,Terrace House,Landed,340000.0,361.0,38
TAMAN PINGGIR PENGKALAN PERMAI,Ipoh,IPOH,PERAK | IPOH,Perak,PERAK,Freehold,Cluster House,Cluster House,Cluster House,Landed,688000.0,262.0,38
BANDAR PUTRA BERTAM,Kepala Batas,KEPALA BATAS,PENANG | KEPALA BATAS,Penang,PENANG,Freehold,"Terrace House, Cluster House","Cluster House, Terrace House",Cluster House,Landed,350000.0,275.0,38
TAMAN PULAI HIJAUAN,Skudai,SKUDAI,JOHOR | SKUDAI,Johor,JOHOR,Freehold,"Terrace House, Cluster House","Cluster House, Terrace House",Cluster House,Landed,655000.0,329.0,38
KAMPUNG BARU KERTIH,Kerteh,KERTEH,TERENGGANU | KERTEH,Terengganu,TERENGGANU,Mixed,"Semi D, Terrace House","Semi D, Terrace House",Semi D,Landed,350000.0,108.0,38
TAMAN PANDAN INDAH,Ampang,AMPANG,SELANGOR | AMPANG,Selangor,SELANGOR,Leasehold,"Terrace House, Town House","Terrace House, Town House",Terrace House,Landed,522500.0,511.0,38
SAUJANA IMPIAN,Kajang,KAJANG,SELANGOR | KAJANG,Selangor,SELANGOR,Freehold,"Terrace House, Bungalow","Bungalow, Terrace House",Bungalow,Landed,540000.0,330.0,38
TAMAN GAYA,Ulu Tiram,ULU TIRAM,JOHOR | ULU TIRAM,Johor,JOHOR,Freehold,Cluster House,Cluster House,Cluster House,Landed,1034400.0,409.0,38
P/L 104445 & P/L 104476(LOT 2507),Kuantan,KUANTAN,PAHANG | KUANTAN,Pahang,PAHANG,Freehold,Terrace House,Terrace House,Terrace House,Landed,271790.0,174.0,38
SCIENTEX KUNDANG JAYA,Rawang,RAWANG,SELANGOR | RAWANG,Selangor,SELANGOR,Freehold,Terrace House,Terrace House,Terrace House,Landed,504339.0,403.0,37
SPRINGVILLE @VICTORIA COUNTRY,Sitiawan,SITIAWAN,PERAK | SITIAWAN,Perak,PERAK,Freehold,Terrace House,Terrace House,Terrace House,Landed,435000.0,288.0,37
TAMAN MOLEK RESIDEN,Ayer Molek,AYER MOLEK,MELAKA | AYER MOLEK,Melaka,MELAKA,Freehold,Terrace House,Terrace House,Terrace House,Landed,435800.0,312.0,37
TAMAN EMAS BIDOR,Bidor,BIDOR,PERAK | BIDOR,Perak,PERAK,Leasehold,Terrace House,Terrace House,Terrace House,Landed,90000.0,75.0,37
SETIA ECOHILL,Beranang,BERANANG,SELANGOR | BERANANG,Selangor,SELANGOR,Freehold,"Cluster House, Terrace House","Cluster House, Terrace House",Cluster House,Landed,680000.0,419.0,37
TAMAN SRI TEBRAU,Johor Bahru,JOHOR BAHRU,JOHOR | JOHOR BAHRU,Johor,JOHOR,Freehold,Terrace House,Terrace House,Terrace House,Landed,680000.0,336.0,37
BANDAR BUKIT TINGGI,Klang,KLANG,SELANGOR | KLANG,Selangor,SELANGOR,Freehold,Terrace House,Terrace House,Terrace House,Landed,750000.0,468.0,37
TAMAN KELADI FASA 1,Sungai Petani,SUNGAI PETANI,KEDAH | SUNGAI PETANI,Kedah,KEDAH,Freehold,Terrace House,Terrace House,Terrace House,Landed,200000.0,152.0,37
BAYAN BARU,Bayan Baru,BAYAN BARU,PENANG | BAYAN BARU,Penang,PENANG,Leasehold,"Cluster House, Terrace House, Semi D","Semi D, Cluster House, Terrace House",Semi D,Landed,570000.0,376.0,37
TAMAN MUHIBAH,Kulai,KULAI,JOHOR | KULAI,Johor,JOHOR,Freehold,Terrace House,Terrace House,Terrace House,Landed,290000.0,342.0,37
BANDAR BUKIT PUCHONG,Puchong,PUCHONG,SELANGOR | PUCHONG,Selangor,SELANGOR,Freehold,Terrace House,Terrace House,Terrace House,Landed,640000.0,418.0,37
BANDAR AMANJAYA (ZON KENANGA),Sungai Petani,SUNGAI PETANI,KEDAH | SUNGAI PETANI,Kedah,KEDAH,Freehold,Semi D,Semi D,Semi D,Landed,320000.0,136.0,37
Tebrau City Residences,Tebrau,TEBRAU,JOHOR | TEBRAU,Johor,JOHOR,Freehold,Service Residence,Service Residence,Service Residence,High-Rise,380000.0,365.0,37
Pangsapuri Lagoon Perdana,Bandar Sunway,BANDAR SUNWAY,SELANGOR | BANDAR SUNWAY,Selangor,SELANGOR,Leasehold,Apartment,Apartment,Apartment,High-Rise,210000.0,235.0,37
Farlim 4,Ayer Itam,AYER ITAM,PENANG | AYER ITAM,Penang,PENANG,Freehold,Flat,Flat,Flat,High-Rise,130000.0,254.0,37
Mahsuri Flat,Bayan Baru,BAYAN BARU,PENANG | BAYAN BARU,Penang,PENANG,Leasehold,Flat,Flat,Flat,High-Rise,156000.0,308.0,37
DENAI ALAM,Shah Alam,SHAH ALAM,SELANGOR | SHAH ALAM,Selangor,SELANGOR,Freehold,Terrace House,Terrace House,Terrace House,Landed,900000.0,446.0,36
SELANGOR CYBER VALLEY-RESIDENCY AURORA,Dengkil,DENGKIL,SELANGOR | DENGKIL,Selangor,SELANGOR,Leasehold,Terrace House,Terrace House,Terrace House,Landed,1042000.0,573.0,36
"TAMAN IDAMAN, SUNGAI SEGAMAT",Segamat,SEGAMAT,JOHOR | SEGAMAT,Johor,JOHOR,Leasehold,Terrace House,Terrace House,Terrace House,Landed,117500.0,81.0,36
BAYU SUTERA - PRECINCT 4A,Jimah,JIMAH,NEGERI SEMBILAN | JIMAH,Negeri Sembilan,NEGERI SEMBILAN,Freehold,Terrace House,Terrace House,Terrace House,Landed,700888.0,483.0,36
BANDAR BARU BIDOR,Bidor,BIDOR,PERAK | BIDOR,Perak,PERAK,Leasehold,Terrace House,Terrace House,Terrace House,Landed,268000.0,187.0,36
IRAMA SENDAYAN 2D,Labu,LABU,NEGERI SEMBILAN | LABU,Negeri Sembilan,NEGERI SEMBILAN,Freehold,Terrace House,Terrace House,Terrace House,Landed,628888.0,444.0,36
TAMAN DESA ILMU,Kota Samarahan,KOTA SAMARAHAN,SARAWAK | KOTA SAMARAHAN,Sarawak,SARAWAK,Leasehold,"Terrace House, Semi D","Semi D, Terrace House",Semi D,Landed,380000.0,175.0,36
USJ 2,Subang Jaya,SUBANG JAYA,SELANGOR | SUBANG JAYA,Selangor,SELANGOR,Freehold,Terrace House,Terrace House,Terrace House,Landed,745000.0,450.0,36
TAMAN SENGGARANG,Senggarang,SENGGARANG,JOHOR | SENGGARANG,Johor,JOHOR,Freehold,Terrace House,Terrace House,Terrace House,Landed,150000.0,107.0,36
ELMINA EAST,Shah Alam,SHAH ALAM,SELANGOR | SHAH ALAM,Selangor,SELANGOR,Freehold,"Terrace House, Semi D","Semi D, Terrace House",Semi D,Landed,921500.0,547.0,36
TAMAN SUTERA UTAMA,Skudai,SKUDAI,JOHOR | SKUDAI,Johor,JOHOR,Freehold,"Cluster House, Terrace House","Cluster House, Terrace House",Cluster House,Landed,1065000.0,474.0,36
BANDAR PUTERI JAYA SEKSYEN 2,Sungai Petani,SUNGAI PETANI,KEDAH | SUNGAI PETANI,Kedah,KEDAH,Freehold,Terrace House,Terrace House,Terrace House,Landed,275000.0,180.0,36
LAMAN HARIS @ ECO GRANDEUR,Ijok,IJOK,SELANGOR | IJOK,Selangor,SELANGOR,Leasehold,Terrace House,Terrace House,Terrace House,Landed,455000.0,325.0,36
MATANG JAYA,Kuching,KUCHING,SARAWAK | KUCHING,Sarawak,SARAWAK,Leasehold,"Semi D, Terrace House, Bungalow","Bungalow, Semi D, Terrace House",Bungalow,Landed,350000.0,151.0,36
BANDAR BOTANI PARKLAND,Jasin,JASIN,MELAKA | JASIN,Melaka,MELAKA,Freehold,Terrace House,Terrace House,Terrace House,Landed,120700.0,100.0,35
TAMAN PERWIRA JAYA,Tapah,TAPAH,PERAK | TAPAH,Perak,PERAK,Leasehold,Terrace House,Terrace House,Terrace House,Landed,169000.0,121.0,35
TANJUNG TEMASEK FASA 1,Ipoh,IPOH,PERAK | IPOH,Perak,PERAK,Leasehold,Terrace House,Terrace House,Terrace House,Landed,298800.0,226.0,35
TAMAN SELASIH INDAH,Kulim,KULIM,KEDAH | KULIM,Kedah,KEDAH,Freehold,Terrace House,Terrace House,Terrace House,Landed,542200.0,387.0,35
OSKAR RESIDENCE @SEREMBAN FOREST HEIGHTS,Ampangan,AMPANGAN,NEGERI SEMBILAN | AMPANGAN,Negeri Sembilan,NEGERI SEMBILAN,Freehold,Terrace House,Terrace House,Terrace House,Landed,669000.0,454.0,35
TAMAN PANTAI SEPANG PUTRA,Sepang,SEPANG,SELANGOR | SEPANG,Selangor,SELANGOR,Freehold,Bungalow,Bungalow,Bungalow,Landed,400000.0,109.0,35
SETIA ECO GARDEN,Gelang Patah,GELANG PATAH,JOHOR | GELANG PATAH,Johor,JOHOR,Freehold,Terrace House,Terrace House,Terrace House,Landed,527680.0,403.0,35
TAMAN SRI PULAI,Kulai,KULAI,JOHOR | KULAI,Johor,JOHOR,Freehold,Terrace House,Terrace House,Terrace House,Landed,380000.0,273.0,35
TAMAN NUSA IDAMAN,Iskandar Puteri (Nusajaya),ISKANDAR PUTERI (NUSAJAYA),JOHOR | ISKANDAR PUTERI (NUSAJAYA),Johor,JOHOR,Freehold,Semi D,Semi D,Semi D,Landed,780000.0,368.0,35
TAMAN LINTANG BISTARI,Sungai Siput,SUNGAI SIPUT,PERAK | SUNGAI SIPUT,Perak,PERAK,Leasehold,Terrace House,Terrace House,Terrace House,Landed,267284.0,175.0,35
TAMAN KEMPAS UTAMA,Skudai,SKUDAI,JOHOR | SKUDAI,Johor,JOHOR,Freehold,"Semi D, Cluster House","Semi D, Cluster House",Semi D,Landed,1000000.0,427.0,35
ECO GRANDEUR,Ijok,IJOK,SELANGOR | IJOK,Selangor,SELANGOR,Leasehold,"Bungalow, Terrace House","Bungalow, Terrace House",Bungalow,Landed,700000.0,438.0,35
TAMAN KELISA RIA FASA 1,Sungai Petani,SUNGAI PETANI,KEDAH | SUNGAI PETANI,Kedah,KEDAH,Freehold,"Terrace House, Semi D","Semi D, Terrace House",Semi D,Landed,250000.0,153.0,35
TAMAN RIA JAYA FASA 1,Sungai Petani,SUNGAI PETANI,KEDAH | SUNGAI PETANI,Kedah,KEDAH,Freehold,Terrace House,Terrace House,Terrace House,Landed,210000.0,155.0,35
PANORAMA LAPANGAN PERDANA,Ipoh,IPOH,PERAK | IPOH,Perak,PERAK,Freehold,Terrace House,Terrace House,Terrace House,Landed,568000.0,289.0,35
TAMAN RIA JAYA FASA 3,Sungai Petani,SUNGAI PETANI,KEDAH | SUNGAI PETANI,Kedah,KEDAH,Freehold,Terrace House,Terrace House,Terrace House,Landed,250000.0,158.0,35
TAMAN SRIKANDI,Telok Panglima Garang,TELOK PANGLIMA GARANG,SELANGOR | TELOK PANGLIMA GARANG,Selangor,SELANGOR,Leasehold,"Semi D, Terrace House","Semi D, Terrace House",Semi D,Landed,454220.0,258.0,35
Beverly Hills 3,Kota Kinabalu,KOTA KINABALU,SABAH | KOTA KINABALU,Sabah,SABAH,Leasehold,Apartment,Apartment,Apartment,High-Rise,250000.0,415.0,35
Kipark Apartment,Tampoi,TAMPOI,JOHOR | TAMPOI,Johor,JOHOR,Leasehold,Apartment,Apartment,Apartment,High-Rise,380000.0,443.0,35
Cyber City Apartment 1,Penampang,PENAMPANG,SABAH | PENAMPANG,Sabah,SABAH,Freehold,Apartment,Apartment,Apartment,High-Rise,240000.0,480.0,35
D'aman Crimson,Ara Damansara,ARA DAMANSARA,SELANGOR | ARA DAMANSARA,Selangor,SELANGOR,Freehold,Condominium,Condominium,Condominium,High-Rise,443000.0,420.0,35
TAMAN NUSAPUTRA TIMUR (REFLEXION),Dengkil,DENGKIL,SELANGOR | DENGKIL,Selangor,SELANGOR,Leasehold,Terrace House,Terrace House,Terrace House,Landed,1450000.0,944.0,34
TAMAN TIANG DUA BESTARI,Ayer Molek,AYER MOLEK,MELAKA | AYER MOLEK,Melaka,MELAKA,Freehold,"Cluster House, Terrace House","Cluster House, Terrace House",Cluster House,Landed,269100.0,175.0,34
TAMAN BUKIT SEMPANG,Merlimau,MERLIMAU,MELAKA | MERLIMAU,Melaka,MELAKA,Freehold,Terrace House,Terrace House,Terrace House,Landed,311650.0,186.0,34
BANDAR PERDANA (TERES),Sungai Petani,SUNGAI PETANI,KEDAH | SUNGAI PETANI,Kedah,KEDAH,Freehold,Terrace House,Terrace House,Terrace House,Landed,271000.0,175.0,34
TAMAN SRI KLUANG,Kluang,KLUANG,JOHOR | KLUANG,Johor,JOHOR,Freehold,Terrace House,Terrace House,Terrace House,Landed,307500.0,210.0,34
BANDAR UTAMA,Sungai Petani,SUNGAI PETANI,KEDAH | SUNGAI PETANI,Kedah,KEDAH,Freehold,"Terrace House, Bungalow","Bungalow, Terrace House",Bungalow,Landed,262500.0,164.0,34
ALAM DAMAI,Cheras,CHERAS,KUALA LUMPUR | CHERAS,Kuala Lumpur,KUALA LUMPUR,Leasehold,Terrace House,Terrace House,Terrace House,Landed,859000.0,458.0,34
TAMAN MIDAH,Cheras,CHERAS,KUALA LUMPUR | CHERAS,Kuala Lumpur,KUALA LUMPUR,Freehold,Terrace House,Terrace House,Terrace House,Landed,815000.0,490.0,34
TAMAN DATO HORMAT,Telok Panglima Garang,TELOK PANGLIMA GARANG,SELANGOR | TELOK PANGLIMA GARANG,Selangor,SELANGOR,Freehold,Terrace House,Terrace House,Terrace House,Landed,435000.0,293.0,34
BANDAR CYBER IPOH,Ipoh,IPOH,PERAK | IPOH,Perak,PERAK,Leasehold,Semi D,Semi D,Semi D,Landed,609000.0,252.0,34
TAMAN DESA HARMONI,Masai,MASAI,JOHOR | MASAI,Johor,JOHOR,Freehold,Terrace House,Terrace House,Terrace House,Landed,450000.0,306.0,34
TAMAN SRI SINAR,Segambut,SEGAMBUT,KUALA LUMPUR | SEGAMBUT,Kuala Lumpur,KUALA LUMPUR,Freehold,Terrace House,Terrace House,Terrace House,Landed,495000.0,663.0,34
TAMAN NUSA BESTARI,Iskandar Puteri (Nusajaya),ISKANDAR PUTERI (NUSAJAYA),JOHOR | ISKANDAR PUTERI (NUSAJAYA),Johor,JOHOR,Freehold,Terrace House,Terrace House,Terrace House,Landed,810000.0,407.0,34
BANDAR SRI INDAH,Tawau,TAWAU,SABAH | TAWAU,Sabah,SABAH,Leasehold,Terrace House,Terrace House,Terrace House,Landed,385000.0,169.0,34
Villa Wangsamas,Wangsa Maju,WANGSA MAJU,KUALA LUMPUR | WANGSA MAJU,Kuala Lumpur,KUALA LUMPUR,Freehold,Condominium,Condominium,Condominium,High-Rise,500000.0,386.0,34
Taman Terubong Jaya,Ayer Itam,AYER ITAM,PENANG | AYER ITAM,Penang,PENANG,Leasehold,Flat,Flat,Flat,High-Rise,165000.0,272.0,34
Lake View Suites,Tebrau,TEBRAU,JOHOR | TEBRAU,Johor,JOHOR,Freehold,Apartment,Apartment,Apartment,High-Rise,293000.0,359.0,34
9Ine (Residensi Sembilan),Cheras,CHERAS,SELANGOR | CHERAS,Selangor,SELANGOR,Freehold,Condominium,Condominium,Condominium,High-Rise,970000.0,801.0,34
Villa Krystal Apartment,Skudai,SKUDAI,JOHOR | SKUDAI,Johor,JOHOR,Freehold,Apartment,Apartment,Apartment,High-Rise,300000.0,336.0,34
SIERRA PERDANA,Masai,MASAI,JOHOR | MASAI,Johor,JOHOR,Freehold,"Terrace House, Cluster House","Cluster House, Terrace House",Cluster House,Landed,495000.0,361.0,33
TAMAN BUKIT MALURI,Kepong,KEPONG,KUALA LUMPUR | KEPONG,Kuala Lumpur,KUALA LUMPUR,Leasehold,Terrace House,Terrace House,Terrace House,Landed,890000.0,456.0,33
TAMAN WARISAN PUTERI,Ampangan,AMPANGAN,NEGERI SEMBILAN | AMPANGAN,Negeri Sembilan,NEGERI SEMBILAN,Freehold,"Semi D, Terrace House, Cluster House","Semi D, Cluster House, Terrace House",Semi D,Landed,433680.0,279.0,33
SETIA ECO GARDEN,Skudai,SKUDAI,JOHOR | SKUDAI,Johor,JOHOR,Freehold,Terrace House,Terrace House,Terrace House,Landed,650000.0,429.0,33
The Seed,Skudai,SKUDAI,JOHOR | SKUDAI,Johor,JOHOR,Freehold,Apartment,Apartment,Apartment,High-Rise,650000.0,516.0,33
The Garden Residences,Skudai,SKUDAI,JOHOR | SKUDAI,Johor,JOHOR,Mixed,Service Residence,Service Residence,Service Residence,High-Rise,365000.0,437.0,33
Taman Cempaka,Tampoi,TAMPOI,JOHOR | TAMPOI,Johor,JOHOR,Leasehold,Flat,Flat,Flat,High-Rise,136000.0,246.0,33
TAMAN RAMBAI IDAMAN,Bukit Rambai,BUKIT RAMBAI,MELAKA | BUKIT RAMBAI,Melaka,MELAKA,Mixed,Terrace House,Terrace House,Terrace House,Landed,295000.0,164.0,32
SS19,Subang Jaya,SUBANG JAYA,SELANGOR | SUBANG JAYA,Selangor,SELANGOR,Freehold,"Terrace House, Semi D","Semi D, Terrace House",Semi D,Landed,505000.0,541.0,32
SS3 PETALING JAYA,Petaling Jaya,PETALING JAYA,SELANGOR | PETALING JAYA,Selangor,SELANGOR,Freehold,"Terrace House, Bungalow","Bungalow, Terrace House",Bungalow,Landed,1565000.0,423.0,32
BK 5 - PERUMAHAN KINRARA,Bandar Kinrara,BANDAR KINRARA,SELANGOR | BANDAR KINRARA,Selangor,SELANGOR,Freehold,Terrace House,Terrace House,Terrace House,Landed,885000.0,540.0,32
TAMAN ANJUNG GAPAM,Bemban,BEMBAN,MELAKA | BEMBAN,Melaka,MELAKA,Leasehold,Bungalow,Bungalow,Bungalow,Landed,632000.0,136.0,32
USJ 6,Subang Jaya,SUBANG JAYA,SELANGOR | SUBANG JAYA,Selangor,SELANGOR,Freehold,Terrace House,Terrace House,Terrace House,Landed,694000.0,536.0,32
DESA RENING,Rasa,RASA,SELANGOR | RASA,Selangor,SELANGOR,Leasehold,"Terrace House, Semi D","Semi D, Terrace House",Semi D,Landed,439928.0,125.0,32
SEKSYEN 7 SHAH ALAM,Shah Alam,SHAH ALAM,SELANGOR | SHAH ALAM,Selangor,SELANGOR,Leasehold,Terrace House,Terrace House,Terrace House,Landed,740000.0,390.0,32
TAMAN SELASIH FASA 1,Kulim,KULIM,KEDAH | KULIM,Kedah,KEDAH,Freehold,Terrace House,Terrace House,Terrace House,Landed,275000.0,189.0,32
EAST LEDANG,Iskandar Puteri (Nusajaya),ISKANDAR PUTERI (NUSAJAYA),JOHOR | ISKANDAR PUTERI (NUSAJAYA),Johor,JOHOR,Freehold,"Semi D, Terrace House","Semi D, Terrace House",Semi D,Landed,1344000.0,340.0,32
TAMAN DURANDA EMAS,Kuching,KUCHING,SARAWAK | KUCHING,Sarawak,SARAWAK,Leasehold,Terrace House,Terrace House,Terrace House,Landed,180000.0,174.0,32
PUSAT BANDAR PUCHONG,Puchong,PUCHONG,SELANGOR | PUCHONG,Selangor,SELANGOR,Freehold,Terrace House,Terrace House,Terrace House,Landed,762500.0,531.0,32
TAMAN SRI LAMBAK,Simpang Rengam,SIMPANG RENGAM,JOHOR | SIMPANG RENGAM,Johor,JOHOR,Leasehold,Bungalow,Bungalow,Bungalow,Landed,335000.0,95.0,32
TAMAN SERI DUYONG,Duyong,DUYONG,MELAKA | DUYONG,Melaka,MELAKA,Leasehold,Terrace House,Terrace House,Terrace House,Landed,268000.0,157.0,32
TAMAN LAGENDA PUTRA,Kulai,KULAI,JOHOR | KULAI,Johor,JOHOR,Freehold,"Terrace House, Semi D","Semi D, Terrace House",Semi D,Landed,589000.0,328.0,32
TAMAN ECO FLORA,Tebrau,TEBRAU,JOHOR | TEBRAU,Johor,JOHOR,Freehold,Terrace House,Terrace House,Terrace House,Landed,880000.0,523.0,32
BISTARI PERDANA,Pasir Gudang,PASIR GUDANG,JOHOR | PASIR GUDANG,Johor,JOHOR,Freehold,Terrace House,Terrace House,Terrace House,Landed,460000.0,384.0,32
1 Bukit Utama,Bandar Utama,BANDAR UTAMA,SELANGOR | BANDAR UTAMA,Selangor,SELANGOR,Freehold,Condominium,Condominium,Condominium,High-Rise,1269000.0,566.0,32
Pangsapuri Sri Kemuning,Shah Alam,SHAH ALAM,SELANGOR | SHAH ALAM,Selangor,SELANGOR,Freehold,Apartment,Apartment,Apartment,High-Rise,220000.0,292.0,32
Green Acre,Bandar Sungai Long,BANDAR SUNGAI LONG,SELANGOR | BANDAR SUNGAI LONG,Selangor,SELANGOR,Freehold,Condominium,Condominium,Condominium,High-Rise,550000.0,543.0,32
Sri Akasia,Tampoi,TAMPOI,JOHOR | TAMPOI,Johor,JOHOR,Leasehold,Apartment,Apartment,Apartment,High-Rise,380000.0,357.0,32
TAMAN SCIENTEX (BUKIT TAMBUN PERDANA),Durian Tunggal,DURIAN TUNGGAL,MELAKA | DURIAN TUNGGAL,Melaka,MELAKA,Freehold,Terrace House,Terrace House,Terrace House,Landed,267000.0,226.0,31
TAMAN LAHAT SENTOSA (MOSEY HILL),Ipoh,IPOH,PERAK | IPOH,Perak,PERAK,Leasehold,Terrace House,Terrace House,Terrace House,Landed,399880.0,207.0,31
TAMAN BIDOR BISTARI,Bidor,BIDOR,PERAK | BIDOR,Perak,PERAK,Leasehold,Terrace House,Terrace House,Terrace House,Landed,185000.0,132.0,31
TAMAN ASTANA CHEMOR,Ipoh,IPOH,PERAK | IPOH,Perak,PERAK,Leasehold,Terrace House,Terrace House,Terrace House,Landed,90000.0,102.0,31
TAMAN MERU PERDANA,Ipoh,IPOH,PERAK | IPOH,Perak,PERAK,Freehold,Terrace House,Terrace House,Terrace House,Landed,406700.0,305.0,31
PUNCAK ISKANDAR,Seri Iskandar,SERI ISKANDAR,PERAK | SERI ISKANDAR,Perak,PERAK,Leasehold,Terrace House,Terrace House,Terrace House,Landed,343040.0,245.0,31
TAMAN TOK MUDA,Kapar,KAPAR,SELANGOR | KAPAR,Selangor,SELANGOR,Freehold,Terrace House,Terrace House,Terrace House,Landed,397000.0,300.0,31
TAMAN MUTIARA PERDANA,Batu Pahat,BATU PAHAT,JOHOR | BATU PAHAT,Johor,JOHOR,Freehold,"Terrace House, Semi D","Semi D, Terrace House",Semi D,Landed,573000.0,206.0,31
TAMAN SRI ORKID,Skudai,SKUDAI,JOHOR | SKUDAI,Johor,JOHOR,Leasehold,Terrace House,Terrace House,Terrace House,Landed,618000.0,440.0,31
ULU SUNGAI MERAH,Sibu,SIBU,SARAWAK | SIBU,Sarawak,SARAWAK,Leasehold,Terrace House,Terrace House,Terrace House,Landed,430000.0,173.0,31
TAMAN PERTAMA,Ipoh,IPOH,PERAK | IPOH,Perak,PERAK,Leasehold,"Semi D, Terrace House","Semi D, Terrace House",Semi D,Landed,280000.0,174.0,31
TAMAN IRINGAN BAYU,Rantau,RANTAU,NEGERI SEMBILAN | RANTAU,Negeri Sembilan,NEGERI SEMBILAN,Freehold,"Terrace House, Semi D","Semi D, Terrace House",Semi D,Landed,472910.0,331.0,31
TAMAN SRI RAMBAI,Bukit Mertajam,BUKIT MERTAJAM,PENANG | BUKIT MERTAJAM,Penang,PENANG,Freehold,"Terrace House, Semi D","Semi D, Terrace House",Semi D,Landed,400000.0,179.0,31
TAMAN CHERAS PERDANA,Cheras,CHERAS,SELANGOR | CHERAS,Selangor,SELANGOR,Freehold,Terrace House,Terrace House,Terrace House,Landed,445000.0,361.0,31
SENIBONG COVE,Permas Jaya,PERMAS JAYA,JOHOR | PERMAS JAYA,Johor,JOHOR,Freehold,"Semi D, Terrace House","Semi D, Terrace House",Semi D,Landed,1680000.0,557.0,31
BANDAR SIBU JAYA,Sibu,SIBU,SARAWAK | SIBU,Sarawak,SARAWAK,Leasehold,Terrace House,Terrace House,Terrace House,Landed,200000.0,130.0,31
Flat Taman Perling,Perling,PERLING,JOHOR | PERLING,Johor,JOHOR,Freehold,Flat,Flat,Flat,High-Rise,150000.0,273.0,31
ARC @ Austin Hills,Johor Bahru,JOHOR BAHRU,JOHOR | JOHOR BAHRU,Johor,JOHOR,Freehold,Service Residence,Service Residence,Service Residence,High-Rise,360000.0,506.0,31
TAMAN KLUANG BARAT,Kluang,KLUANG,JOHOR | KLUANG,Johor,JOHOR,Freehold,"Terrace House, Semi D","Semi D, Terrace House",Semi D,Landed,176500.0,215.0,30
TAMAN RIA MESRA 2,Gurun,GURUN,KEDAH | GURUN,Kedah,KEDAH,Freehold,"Terrace House, Semi D","Semi D, Terrace House",Semi D,Landed,210000.0,136.0,30
SS22 & SS22A DAMANSARA JAYA,Petaling Jaya,PETALING JAYA,SELANGOR | PETALING JAYA,Selangor,SELANGOR,Freehold,Terrace House,Terrace House,Terrace House,Landed,1565000.0,656.0,30
TAMAN SERI ANDALAS,Klang,KLANG,SELANGOR | KLANG,Selangor,SELANGOR,Leasehold,"Semi D, Terrace House","Semi D, Terrace House",Semi D,Landed,475000.0,287.0,30
TAMAN CASSIA,Alor Setar,ALOR SETAR,KEDAH | ALOR SETAR,Kedah,KEDAH,Freehold,Semi D,Semi D,Semi D,Landed,300000.0,117.0,30
BANDAR SELESA JAYA,Skudai,SKUDAI,JOHOR | SKUDAI,Johor,JOHOR,Freehold,Terrace House,Terrace House,Terrace House,Landed,462500.0,323.0,30
BANDAR PARKLANDS,Klang,KLANG,SELANGOR | KLANG,Selangor,SELANGOR,Freehold,Terrace House,Terrace House,Terrace House,Landed,879000.0,430.0,30
TAMAN IPOH,Ipoh,IPOH,PERAK | IPOH,Perak,PERAK,Freehold,Terrace House,Terrace House,Terrace House,Landed,347500.0,196.0,30
TAMAN MALIM JAYA,Bachang,BACHANG,MELAKA | BACHANG,Melaka,MELAKA,Leasehold,Terrace House,Terrace House,Terrace House,Landed,296500.0,243.0,30
TAMAN POKOK MANGGA,Balai Panjang,BALAI PANJANG,MELAKA | BALAI PANJANG,Melaka,MELAKA,Mixed,Terrace House,Terrace House,Terrace House,Landed,325000.0,201.0,30
TAMAN KEMPAS INDAH,Tebrau,TEBRAU,JOHOR | TEBRAU,Johor,JOHOR,Freehold,"Cluster House, Terrace House","Cluster House, Terrace House",Cluster House,Landed,644000.0,333.0,30
TAMAN PANDAN PERDANA,Ampang,AMPANG,SELANGOR | AMPANG,Selangor,SELANGOR,Leasehold,Terrace House,Terrace House,Terrace House,Landed,722500.0,484.0,30
TAMAN GAMBANG DAMAI / DESA HIJAUAN,Hulu Lepar,HULU LEPAR,PAHANG | HULU LEPAR,Pahang,PAHANG,Leasehold,Terrace House,Terrace House,Terrace House,Landed,181500.0,141.0,30
TAMAN SAUJANA UTAMA,Saujana Utama,SAUJANA UTAMA,SELANGOR | SAUJANA UTAMA,Selangor,SELANGOR,Leasehold,Terrace House,Terrace House,Terrace House,Landed,497500.0,282.0,30
BUKIT ANAK DARA,Kijal,KIJAL,TERENGGANU | KIJAL,Terengganu,TERENGGANU,Freehold,Terrace House,Terrace House,Terrace House,Landed,274850.0,177.0,30
Endah Regal Condominium,Sri Petaling,SRI PETALING,KUALA LUMPUR | SRI PETALING,Kuala Lumpur,KUALA LUMPUR,Leasehold,Condominium,Condominium,Condominium,High-Rise,550000.0,482.0,30
The Z Residence,Bukit Jalil,BUKIT JALIL,KUALA LUMPUR | BUKIT JALIL,Kuala Lumpur,KUALA LUMPUR,Freehold,Condominium,Condominium,Condominium,High-Rise,628000.0,493.0,30
Sri Saujana,Georgetown,GEORGETOWN,PENANG | GEORGETOWN,Penang,PENANG,Leasehold,Apartment,Apartment,Apartment,High-Rise,260000.0,402.0,30
TAMAN JUASSEH SENTOSA FASA 2,Juasseh,JUASSEH,NEGERI SEMBILAN | JUASSEH,Negeri Sembilan,NEGERI SEMBILAN,Freehold,Terrace House,Terrace House,Terrace House,Landed,249800.0,158.0,29
"TAMAN MELATI INDAH, PUNDUT",Lumut,LUMUT,PERAK | LUMUT,Perak,PERAK,Freehold,Terrace House,Terrace House,Terrace House,Landed,420000.0,270.0,29
PANORAMA LAPANGAN MUTIARA,Ipoh,IPOH,PERAK | IPOH,Perak,PERAK,Leasehold,Terrace House,Terrace House,Terrace House,Landed,435000.0,306.0,29
TAMAN ALAMANDA (KEDIAMAN),Bahau,BAHAU,NEGERI SEMBILAN | BAHAU,Negeri Sembilan,NEGERI SEMBILAN,Leasehold,Terrace House,Terrace House,Terrace House,Landed,239999.0,184.0,29
TAMAN SUNGAI RAMBAI MESRA,Sungai Rambai,SUNGAI RAMBAI,MELAKA | SUNGAI RAMBAI,Melaka,MELAKA,Freehold,Cluster House,Cluster House,Cluster House,Landed,367000.0,136.0,29
TAMAN MELODIES,Johor Bahru,JOHOR BAHRU,JOHOR | JOHOR BAHRU,Johor,JOHOR,Freehold,"Semi D, Bungalow","Bungalow, Semi D",Bungalow,Landed,980000.0,275.0,29
TAMAN INTAN,Kluang,KLUANG,JOHOR | KLUANG,Johor,JOHOR,Freehold,Terrace House,Terrace House,Terrace House,Landed,220000.0,188.0,29
TAMAN DESA SAUJANA,Arau,ARAU,PERLIS | ARAU,Perlis,PERLIS,Freehold,"Semi D, Terrace House","Semi D, Terrace House",Semi D,Landed,414428.0,205.0,29
TAMAN PERDA INDAH,Tasek Gelugor,TASEK GELUGOR,PENANG | TASEK GELUGOR,Penang,PENANG,Freehold,Terrace House,Terrace House,Terrace House,Landed,343800.0,157.0,29
ISLAND GLADES,Jelutong,JELUTONG,PENANG | JELUTONG,Penang,PENANG,Freehold,Terrace House,Terrace House,Terrace House,Landed,1000000.0,632.0,29
Seksyen 1 Wangsa Maju Flat,Wangsa Maju,WANGSA MAJU,KUALA LUMPUR | WANGSA MAJU,Kuala Lumpur,KUALA LUMPUR,Leasehold,Flat,Flat,Flat,High-Rise,220000.0,414.0,29
Taman Pelangi,Perai,PERAI,PENANG | PERAI,Penang,PENANG,Leasehold,Flat,Flat,Flat,High-Rise,100000.0,168.0,29
Twin Galaxy (Dwi Galaksi),Johor Bahru,JOHOR BAHRU,JOHOR | JOHOR BAHRU,Johor,JOHOR,Freehold,Service Residence,Service Residence,Service Residence,High-Rise,586000.0,641.0,29
TAMAN RIMBAYU,Tanjong Duabelas,TANJONG DUABELAS,SELANGOR | TANJONG DUABELAS,Selangor,SELANGOR,Leasehold,Terrace House,Terrace House,Terrace House,Landed,760000.0,500.0,28
BANGI AVENUE,Bangi,BANGI,SELANGOR | BANGI,Selangor,SELANGOR,Freehold,Terrace House,Terrace House,Terrace House,Landed,607500.0,418.0,28
TAMAN BIDORIA RESIDENSI,Bidor,BIDOR,PERAK | BIDOR,Perak,PERAK,Leasehold,Terrace House,Terrace House,Terrace House,Landed,245000.0,175.0,28
BERTAM PERDANA 2 - LAKEVIEW,Kepala Batas,KEPALA BATAS,PENANG | KEPALA BATAS,Penang,PENANG,Freehold,"Terrace House, Bungalow","Bungalow, Terrace House",Bungalow,Landed,618744.0,271.0,28
YARRA PARK (RESIDENSI SINAR),Sungai Petani,SUNGAI PETANI,KEDAH | SUNGAI PETANI,Kedah,KEDAH,Freehold,Terrace House,Terrace House,Terrace House,Landed,200000.0,143.0,28
TAMAN KOTA SELESA,Kota Tinggi,KOTA TINGGI,JOHOR | KOTA TINGGI,Johor,JOHOR,Freehold,Terrace House,Terrace House,Terrace House,Landed,424150.0,275.0,28
LOT 11666-11704 PERUMAHAN BALOK PERDANA,Sungai Karang,SUNGAI KARANG,PAHANG | SUNGAI KARANG,Pahang,PAHANG,Leasehold,Terrace House,Terrace House,Terrace House,Landed,315000.0,205.0,28
GREEN PAVILION RESIDENCE,Kulai,KULAI,JOHOR | KULAI,Johor,JOHOR,Freehold,Terrace House,Terrace House,Terrace House,Landed,685000.0,457.0,28
BANDAR BARU KAMPAR,Kampar,KAMPAR,PERAK | KAMPAR,Perak,PERAK,Leasehold,Terrace House,Terrace House,Terrace House,Landed,272500.0,195.0,28
PROTON CITY,Ulu Bernam,ULU BERNAM,PERAK | ULU BERNAM,Perak,PERAK,Freehold,Terrace House,Terrace House,Terrace House,Landed,467500.0,211.0,28
TAMAN PAYA RUMPUT PERDANA,Paya Rumput,PAYA RUMPUT,MELAKA | PAYA RUMPUT,Melaka,MELAKA,Freehold,"Bungalow, Town House","Bungalow, Town House",Bungalow,Landed,627500.0,158.0,28
TAMAN TANJUNG MINYAK PERDANA,Tanjong Minyak,TANJONG MINYAK,MELAKA | TANJONG MINYAK,Melaka,MELAKA,Leasehold,"Town House, Terrace House","Terrace House, Town House",Terrace House,Landed,300000.0,197.0,28
TAMAN SOON HUP(JALAN PERMAI),Sibu,SIBU,SARAWAK | SIBU,Sarawak,SARAWAK,Leasehold,Terrace House,Terrace House,Terrace House,Landed,377500.0,179.0,28
TAMAN SAUJANA PUCHONG,Puchong,PUCHONG,SELANGOR | PUCHONG,Selangor,SELANGOR,Mixed,Terrace House,Terrace House,Terrace House,Landed,531000.0,374.0,28
LAMAN SETIA,Skudai,SKUDAI,JOHOR | SKUDAI,Johor,JOHOR,Freehold,Terrace House,Terrace House,Terrace House,Landed,650000.0,426.0,28
TAMAN KLEBANG PUTRA,Ipoh,IPOH,PERAK | IPOH,Perak,PERAK,Freehold,Terrace House,Terrace House,Terrace House,Landed,317600.0,209.0,28
TAMAN KELADI FASA 2,Sungai Petani,SUNGAI PETANI,KEDAH | SUNGAI PETANI,Kedah,KEDAH,Freehold,Terrace House,Terrace House,Terrace House,Landed,215000.0,176.0,28
TAMAN PEREPAT INDAH,Kapar,KAPAR,SELANGOR | KAPAR,Selangor,SELANGOR,Leasehold,Terrace House,Terrace House,Terrace House,Landed,371159.0,298.0,28
TAMAN BUKIT REBANA [SP HEIGHTS],Sungai Petani,SUNGAI PETANI,KEDAH | SUNGAI PETANI,Kedah,KEDAH,Freehold,Semi D,Semi D,Semi D,Landed,300000.0,114.0,28
TAMAN BUKIT MEWAH,Kajang,KAJANG,SELANGOR | KAJANG,Selangor,SELANGOR,Freehold,Terrace House,Terrace House,Terrace House,Landed,470000.0,328.0,28
BANDAR METRO PUCHONG,Puchong,PUCHONG,SELANGOR | PUCHONG,Selangor,SELANGOR,Leasehold,Terrace House,Terrace House,Terrace House,Landed,925000.0,547.0,28
TABUAN JAYA,Kuching,KUCHING,SARAWAK | KUCHING,Sarawak,SARAWAK,Leasehold,"Terrace House, Semi D","Semi D, Terrace House",Semi D,Landed,625000.0,216.0,28
LEISURE FARM,Gelang Patah,GELANG PATAH,JOHOR | GELANG PATAH,Johor,JOHOR,Freehold,"Town House, Semi D","Semi D, Town House",Semi D,Landed,650000.0,422.0,28
TAMAN NUSA DAMAI,Pasir Gudang,PASIR GUDANG,JOHOR | PASIR GUDANG,Johor,JOHOR,Freehold,Terrace House,Terrace House,Terrace House,Landed,365000.0,309.0,28
TAMAN INDAH JAYA,Sandakan,SANDAKAN,SABAH | SANDAKAN,Sabah,SABAH,Leasehold,Terrace House,Terrace House,Terrace House,Landed,395000.0,256.0,28
BANDAR BARU TRONOH (TAMAN TRONOH BARU),Tronoh,TRONOH,PERAK | TRONOH,Perak,PERAK,Leasehold,Terrace House,Terrace House,Terrace House,Landed,263000.0,190.0,28
Rampai Court,Wangsa Maju,WANGSA MAJU,KUALA LUMPUR | WANGSA MAJU,Kuala Lumpur,KUALA LUMPUR,Freehold,Apartment,Apartment,Apartment,High-Rise,231000.0,390.0,28
Nusa Heights (Nusa Puncak),Iskandar Puteri (Nusajaya),ISKANDAR PUTERI (NUSAJAYA),JOHOR | ISKANDAR PUTERI (NUSAJAYA),Johor,JOHOR,Freehold,Apartment,Apartment,Apartment,High-Rise,415000.0,451.0,28
Pangsapuri Persiaran Tanjung,Tampoi,TAMPOI,JOHOR | TAMPOI,Johor,JOHOR,Leasehold,Apartment,Apartment,Apartment,High-Rise,285000.0,297.0,28
Mutiara Condominium,Bukit Mertajam,BUKIT MERTAJAM,PENANG | BUKIT MERTAJAM,Penang,PENANG,Freehold,Condominium,Condominium,Condominium,High-Rise,260000.0,351.0,28
Ladang Tok Pelam,Kuala Terengganu,KUALA TERENGGANU,TERENGGANU | KUALA TERENGGANU,Terengganu,TERENGGANU,Leasehold,Apartment,Apartment,Apartment,High-Rise,232000.0,276.0,28
Taman Bunga Negara,Shah Alam,SHAH ALAM,SELANGOR | SHAH ALAM,Selangor,SELANGOR,Freehold,Flat,Flat,Flat,High-Rise,207500.0,287.0,28
Flat Taman Melati,Setapak,SETAPAK,KUALA LUMPUR | SETAPAK,Kuala Lumpur,KUALA LUMPUR,Freehold,Flat,Flat,Flat,High-Rise,207500.0,326.0,28
TAMAN KIARA,Kuala Selangor,KUALA SELANGOR,SELANGOR | KUALA SELANGOR,Selangor,SELANGOR,Freehold,Terrace House,Terrace House,Terrace House,Landed,308000.0,258.0,27
"SKIM PERUMAHAN PERAKKU, TANJUNG TUALANG",Tanjong Tualang,TANJONG TUALANG,PERAK | TANJONG TUALANG,Perak,PERAK,Leasehold,Terrace House,Terrace House,Terrace House,Landed,180000.0,117.0,27
TAMAN KAMPAR BESTARI,Kampar,KAMPAR,PERAK | KAMPAR,Perak,PERAK,Leasehold,"Terrace House, Semi D","Semi D, Terrace House",Semi D,Landed,269800.0,123.0,27
TAMAN BUKIT KOMAN 2,Raub,RAUB,PAHANG | RAUB,Pahang,PAHANG,Leasehold,Terrace House,Terrace House,Terrace House,Landed,297600.0,208.0,27
EVERGREEN GARDEN RESIDENCE,Cyberjaya,CYBERJAYA,SELANGOR | CYBERJAYA,Selangor,SELANGOR,Freehold,"Terrace House, Semi D","Semi D, Terrace House",Semi D,Landed,1450000.0,457.0,27
TAMAN SERI IPIL,Nibong Tebal,NIBONG TEBAL,PENANG | NIBONG TEBAL,Penang,PENANG,Freehold,"Semi D, Bungalow","Bungalow, Semi D",Bungalow,Landed,520000.0,185.0,27
SETIA IMPIAN 4,Setia Alam,SETIA ALAM,SELANGOR | SETIA ALAM,Selangor,SELANGOR,Freehold,Terrace House,Terrace House,Terrace House,Landed,705000.0,538.0,27
TAMAN SUNGAI KAPAR INDAH,Kapar,KAPAR,SELANGOR | KAPAR,Selangor,SELANGOR,Freehold,Terrace House,Terrace House,Terrace House,Landed,450000.0,346.0,27
TAMAN RAWANG PERDANA,Rawang,RAWANG,SELANGOR | RAWANG,Selangor,SELANGOR,Freehold,Terrace House,Terrace House,Terrace House,Landed,460000.0,322.0,27
TAMAN KLEBANG RIA,Chemor,CHEMOR,PERAK | CHEMOR,Perak,PERAK,Freehold,Terrace House,Terrace House,Terrace House,Landed,398800.0,279.0,27
TAMAN SELAYANG MUTIARA,Selayang,SELAYANG,SELANGOR | SELAYANG,Selangor,SELANGOR,Leasehold,Semi D,Semi D,Semi D,Landed,450000.0,204.0,27
TAMAN DESA PUTERA,Klang,KLANG,SELANGOR | KLANG,Selangor,SELANGOR,Mixed,Terrace House,Terrace House,Terrace House,Landed,548000.0,395.0,27
BANDAR AMANJAYA (ZON MAWAR),Sungai Petani,SUNGAI PETANI,KEDAH | SUNGAI PETANI,Kedah,KEDAH,Freehold,"Terrace House, Bungalow","Bungalow, Terrace House",Bungalow,Landed,240000.0,168.0,27
TAMAN DESA MURNI,Butterworth,BUTTERWORTH,PENANG | BUTTERWORTH,Penang,PENANG,Mixed,"Terrace House, Town House","Terrace House, Town House",Terrace House,Landed,350000.0,396.0,27
TAMAN INDAH SATELIT,Tampin,TAMPIN,NEGERI SEMBILAN | TAMPIN,Negeri Sembilan,NEGERI SEMBILAN,Freehold,Terrace House,Terrace House,Terrace House,Landed,285000.0,173.0,27
PELABUHAN KLANG,Port Klang,PORT KLANG,SELANGOR | PORT KLANG,Selangor,SELANGOR,Freehold,Terrace House,Terrace House,Terrace House,Landed,420000.0,249.0,27
"Teratai Mewah Apartment Block 15,17,19,21",Setapak,SETAPAK,KUALA LUMPUR | SETAPAK,Kuala Lumpur,KUALA LUMPUR,Freehold,Apartment,Apartment,Apartment,High-Rise,250000.0,373.0,27
Seksyen 24 Shah Alam,Shah Alam,SHAH ALAM,SELANGOR | SHAH ALAM,Selangor,SELANGOR,Leasehold,Flat,Flat,Flat,High-Rise,185000.0,292.0,27
Akasia,Klang,KLANG,SELANGOR | KLANG,Selangor,SELANGOR,Freehold,Apartment,Apartment,Apartment,High-Rise,380000.0,505.0,27
Taman Bunga Raya,Serendah,SERENDAH,SELANGOR | SERENDAH,Selangor,SELANGOR,Leasehold,Flat,Flat,Flat,High-Rise,130000.0,187.0,27
BK 4 - PERUMAHAN KINRARA,Bandar Kinrara,BANDAR KINRARA,SELANGOR | BANDAR KINRARA,Selangor,SELANGOR,Freehold,Terrace House,Terrace House,Terrace House,Landed,702500.0,434.0,26
IRAMA SENDAYAN 2B,Labu,LABU,NEGERI SEMBILAN | LABU,Negeri Sembilan,NEGERI SEMBILAN,Freehold,Terrace House,Terrace House,Terrace House,Landed,603444.0,424.0,26
DESA PARK CHEMOR,Ipoh,IPOH,PERAK | IPOH,Perak,PERAK,Freehold,Cluster House,Cluster House,Cluster House,Landed,338000.0,270.0,26
TAMAN KLEBANG PERDANA,Ipoh,IPOH,PERAK | IPOH,Perak,PERAK,Freehold,Terrace House,Terrace House,Terrace House,Landed,513967.0,364.0,26
TAMAN SRI PUTRI,Skudai,SKUDAI,JOHOR | SKUDAI,Johor,JOHOR,Freehold,Terrace House,Terrace House,Terrace House,Landed,540000.0,344.0,26
TAMAN IMPIANA BIDOR,Bidor,BIDOR,PERAK | BIDOR,Perak,PERAK,Mixed,Terrace House,Terrace House,Terrace House,Landed,248960.0,162.0,26
TAMAN DAHLIA,Tampoi,TAMPOI,JOHOR | TAMPOI,Johor,JOHOR,Leasehold,Terrace House,Terrace House,Terrace House,Landed,300000.0,288.0,26
TAMAN SEMARAK,Tawau,TAWAU,SABAH | TAWAU,Sabah,SABAH,Leasehold,"Terrace House, Cluster House","Cluster House, Terrace House",Cluster House,Landed,200000.0,205.0,26
TAMAN MAWAR,Pasir Gudang,PASIR GUDANG,JOHOR | PASIR GUDANG,Johor,JOHOR,Leasehold,Terrace House,Terrace House,Terrace House,Landed,390000.0,313.0,26
SEKSYEN 4 BANDAR BARU BANGI,Bangi,BANGI,SELANGOR | BANGI,Selangor,SELANGOR,Leasehold,"Terrace House, Bungalow","Bungalow, Terrace House",Bungalow,Landed,535000.0,279.0,26
TAMAN BISTARI MENGLEMBU,Menglembu,MENGLEMBU,PERAK | MENGLEMBU,Perak,PERAK,Leasehold,Terrace House,Terrace House,Terrace House,Landed,408000.0,372.0,26
UNI GARDEN,Kota Samarahan,KOTA SAMARAHAN,SARAWAK | KOTA SAMARAHAN,Sarawak,SARAWAK,Freehold,Terrace House,Terrace House,Terrace House,Landed,510000.0,238.0,26
BANDAR PUTERI HILLPARK,Sungai Petani,SUNGAI PETANI,KEDAH | SUNGAI PETANI,Kedah,KEDAH,Freehold,Terrace House,Terrace House,Terrace House,Landed,300000.0,162.0,26
BANDAR BARU PUTRA,Ipoh,IPOH,PERAK | IPOH,Perak,PERAK,Mixed,Terrace House,Terrace House,Terrace House,Landed,212500.0,159.0,26
BANDAR BARU KOTA PUTRI,Masai,MASAI,JOHOR | MASAI,Johor,JOHOR,Freehold,Terrace House,Terrace House,Terrace House,Landed,335000.0,391.0,26
TAMAN PELANGI INDAH,Tebrau,TEBRAU,JOHOR | TEBRAU,Johor,JOHOR,Freehold,Terrace House,Terrace House,Terrace House,Landed,904900.0,497.0,26
TAMAN PUTERA/SURIA,Johor Bahru,JOHOR BAHRU,JOHOR | JOHOR BAHRU,Johor,JOHOR,Freehold,Terrace House,Terrace House,Terrace House,Landed,625000.0,343.0,26
TAMAN BUKIT CHENG,Cheng,CHENG,MELAKA | CHENG,Melaka,MELAKA,Freehold,Terrace House,Terrace House,Terrace House,Landed,370000.0,256.0,26
TAMAN BUKIT JAYA,Ulu Tiram,ULU TIRAM,JOHOR | ULU TIRAM,Johor,JOHOR,Freehold,Terrace House,Terrace House,Terrace House,Landed,460000.0,310.0,26
BANDAR PUTERI JAYA SEKSYEN 3,Sungai Petani,SUNGAI PETANI,KEDAH | SUNGAI PETANI,Kedah,KEDAH,Freehold,"Semi D, Terrace House","Semi D, Terrace House",Semi D,Landed,370000.0,118.0,26
AMVERTON HILLS SUNGAI BULOH,Sungai Buloh,SUNGAI BULOH,SELANGOR | SUNGAI BULOH,Selangor,SELANGOR,Freehold,"Semi D, Bungalow","Bungalow, Semi D",Bungalow,Landed,1703888.0,529.0,26
BANDAR TASIK IDAMAN,Batu Gajah,BATU GAJAH,PERAK | BATU GAJAH,Perak,PERAK,Leasehold,Terrace House,Terrace House,Terrace House,Landed,440300.0,270.0,26
TAMAN ANGSAMAS,Rasah,RASAH,NEGERI SEMBILAN | RASAH,Negeri Sembilan,NEGERI SEMBILAN,Freehold,Terrace House,Terrace House,Terrace House,Landed,205000.0,172.0,26
TAMAN KENARI FASA 1,Kulim,KULIM,KEDAH | KULIM,Kedah,KEDAH,Freehold,"Semi D, Terrace House","Semi D, Terrace House",Semi D,Landed,300000.0,207.0,26
TAMAN PENAGA MEWAH,Ampangan,AMPANGAN,NEGERI SEMBILAN | AMPANGAN,Negeri Sembilan,NEGERI SEMBILAN,Freehold,Terrace House,Terrace House,Terrace House,Landed,487910.0,349.0,26
TAMAN PUTRA PERMAI,Seri Kembangan,SERI KEMBANGAN,SELANGOR | SERI KEMBANGAN,Selangor,SELANGOR,Leasehold,Terrace House,Terrace House,Terrace House,Landed,722500.0,342.0,26
TAMAN DESARU UTAMA,Pengerang,PENGERANG,JOHOR | PENGERANG,Johor,JOHOR,Leasehold,"Terrace House, Semi D","Semi D, Terrace House",Semi D,Landed,330000.0,251.0,26
Sky Peak Residences,Tampoi,TAMPOI,JOHOR | TAMPOI,Johor,JOHOR,Freehold,Service Residence,Service Residence,Service Residence,High-Rise,445000.0,431.0,26
Almyra Residences,Bangi,BANGI,SELANGOR | BANGI,Selangor,SELANGOR,Freehold,Condominium,Condominium,Condominium,High-Rise,450400.0,471.0,26
UDA UTAMA,Skudai,SKUDAI,JOHOR | SKUDAI,Johor,JOHOR,Freehold,"Terrace House, Bungalow","Bungalow, Terrace House",Bungalow,Landed,600000.0,324.0,25
TAMAN BANDAR UNIVERSITI PARIT RAJA,Batu Pahat,BATU PAHAT,JOHOR | BATU PAHAT,Johor,JOHOR,Freehold,Terrace House,Terrace House,Terrace House,Landed,326970.0,209.0,25
TAMAN NUSARI BAYU 1,Bandar Sri Sendayan,BANDAR SRI SENDAYAN,NEGERI SEMBILAN | BANDAR SRI SENDAYAN,Negeri Sembilan,NEGERI SEMBILAN,Freehold,Terrace House,Terrace House,Terrace House,Landed,300000.0,207.0,25
TEMPLER RESIDENCE,Rawang,RAWANG,SELANGOR | RAWANG,Selangor,SELANGOR,Freehold,Terrace House,Terrace House,Terrace House,Landed,837000.0,518.0,25
TAMAN TTDI GROVE,Bangi,BANGI,SELANGOR | BANGI,Selangor,SELANGOR,Freehold,Semi D,Semi D,Semi D,Landed,1068000.0,334.0,25
TAMAN MAWAR INDAH,Raub,RAUB,PAHANG | RAUB,Pahang,PAHANG,Freehold,Semi D,Semi D,Semi D,Landed,420000.0,131.0,25
SEKSYEN 14,Petaling Jaya,PETALING JAYA,SELANGOR | PETALING JAYA,Selangor,SELANGOR,Leasehold,Terrace House,Terrace House,Terrace House,Landed,715000.0,333.0,25
TAMAN PERDANA,Simpang Ampat,SIMPANG AMPAT,PENANG | SIMPANG AMPAT,Penang,PENANG,Freehold,Terrace House,Terrace House,Terrace House,Landed,575000.0,374.0,25
TAMAN PSJ,Sungai Karang,SUNGAI KARANG,PAHANG | SUNGAI KARANG,Pahang,PAHANG,Freehold,"Terrace House, Semi D","Semi D, Terrace House",Semi D,Landed,265000.0,206.0,25
BANDAR MUTIARA,Sungai Petani,SUNGAI PETANI,KEDAH | SUNGAI PETANI,Kedah,KEDAH,Freehold,"Terrace House, Semi D","Semi D, Terrace House",Semi D,Landed,280000.0,186.0,25
TAMAN ANGKASA NURI,Durian Tunggal,DURIAN TUNGGAL,MELAKA | DURIAN TUNGGAL,Melaka,MELAKA,Leasehold,Terrace House,Terrace House,Terrace House,Landed,280000.0,213.0,25
TAMAN EHSAN,Kepong,KEPONG,SELANGOR | KEPONG,Selangor,SELANGOR,Leasehold,Terrace House,Terrace House,Terrace House,Landed,505000.0,305.0,25
TAMAN PUTERI JAYA,Batu Pahat,BATU PAHAT,JOHOR | BATU PAHAT,Johor,JOHOR,Freehold,"Semi D, Terrace House","Semi D, Terrace House",Semi D,Landed,468000.0,286.0,25
BANDAR TROPICANA AMAN,Tanjong Duabelas,TANJONG DUABELAS,SELANGOR | TANJONG DUABELAS,Selangor,SELANGOR,Leasehold,"Semi D, Terrace House","Semi D, Terrace House",Semi D,Landed,1300000.0,488.0,25
TAMAN BUKIT TERATAI,Ampang,AMPANG,SELANGOR | AMPANG,Selangor,SELANGOR,Leasehold,"Terrace House, Town House","Terrace House, Town House",Terrace House,Landed,505000.0,442.0,25
Permata Apartment,Bukit Mertajam,BUKIT MERTAJAM,PENANG | BUKIT MERTAJAM,Penang,PENANG,Freehold,Apartment,Apartment,Apartment,High-Rise,180000.0,288.0,25
Savanna Executive Suite @ Southville City,Bangi,BANGI,SELANGOR | BANGI,Selangor,SELANGOR,Freehold,Service Residence,Service Residence,Service Residence,High-Rise,360000.0,376.0,25
Idaman Selasih,Bayan Lepas,BAYAN LEPAS,PENANG | BAYAN LEPAS,Penang,PENANG,Freehold,Flat,Flat,Flat,High-Rise,320000.0,472.0,25
Bandar Tasik Selatan (Low Cost),Bandar Tasik Selatan,BANDAR TASIK SELATAN,KUALA LUMPUR | BANDAR TASIK SELATAN,Kuala Lumpur,KUALA LUMPUR,Leasehold,Flat,Flat,Flat,High-Rise,190000.0,282.0,25
Pelangi Utama,Bandar Utama,BANDAR UTAMA,SELANGOR | BANDAR UTAMA,Selangor,SELANGOR,Leasehold,Condominium,Condominium,Condominium,High-Rise,480000.0,460.0,25
Jasa,Skudai,SKUDAI,JOHOR | SKUDAI,Johor,JOHOR,Leasehold,Flat,Flat,Flat,High-Rise,150000.0,244.0,25
Taman Mutiara,Labuan,LABUAN,LABUAN | LABUAN,Labuan,LABUAN,Leasehold,Flat,Flat,Flat,High-Rise,130000.0,169.0,25
Taman Sri Tanjung,Semenyih,SEMENYIH,SELANGOR | SEMENYIH,Selangor,SELANGOR,Freehold,Apartment,Apartment,Apartment,High-Rise,296400.0,302.0,25
Taman Pulai Utama,Skudai,SKUDAI,JOHOR | SKUDAI,Johor,JOHOR,Freehold,Flat,Flat,Flat,High-Rise,150000.0,228.0,25
Taman Pauh Indah,Perai,PERAI,PENANG | PERAI,Penang,PENANG,Freehold,Flat,Flat,Flat,High-Rise,185000.0,316.0,25
Pelangi Damansara,Bandar Utama,BANDAR UTAMA,SELANGOR | BANDAR UTAMA,Selangor,SELANGOR,Leasehold,Apartment,Apartment,Apartment,High-Rise,450000.0,576.0,25
SuriaMas Suites,Johor Bahru,JOHOR BAHRU,JOHOR | JOHOR BAHRU,Johor,JOHOR,Leasehold,Service Residence,Service Residence,Service Residence,High-Rise,400000.0,426.0,25
Trefoil,Setia Alam,SETIA ALAM,SELANGOR | SETIA ALAM,Selangor,SELANGOR,Freehold,Service Residence,Service Residence,Service Residence,High-Rise,300000.0,548.0,25
Residensi Adelia,Bangi,BANGI,SELANGOR | BANGI,Selangor,SELANGOR,Freehold,Condominium,Condominium,Condominium,High-Rise,350000.0,323.0,25
SS5 PETALING JAYA,Petaling Jaya,PETALING JAYA,SELANGOR | PETALING JAYA,Selangor,SELANGOR,Freehold,Terrace House,Terrace House,Terrace House,Landed,700000.0,378.0,24
TAMAN LAVENDER HEIGHTS,Senawang,SENAWANG,NEGERI SEMBILAN | SENAWANG,Negeri Sembilan,NEGERI SEMBILAN,Freehold,Bungalow,Bungalow,Bungalow,Landed,440000.0,232.0,24
"ELEMEN @ 18, PENGKALAN",Ipoh,IPOH,PERAK | IPOH,Perak,PERAK,Leasehold,Cluster House,Cluster House,Cluster House,Landed,428000.0,168.0,24
TAMAN MAWAR,Sandakan,SANDAKAN,SABAH | SANDAKAN,Sabah,SABAH,Leasehold,Terrace House,Terrace House,Terrace House,Landed,325000.0,273.0,24
TAMAN SATU KRUBONG,Krubong,KRUBONG,MELAKA | KRUBONG,Melaka,MELAKA,Freehold,"Terrace House, Bungalow","Bungalow, Terrace House",Bungalow,Landed,685000.0,234.0,24
TAMAN INDERAWASIH,Perai,PERAI,PENANG | PERAI,Penang,PENANG,Freehold,Terrace House,Terrace House,Terrace House,Landed,514000.0,318.0,24
BANDAR BUKIT MAHKOTA,Bangi,BANGI,SELANGOR | BANGI,Selangor,SELANGOR,Freehold,"Cluster House, Terrace House, Semi D","Semi D, Cluster House, Terrace House",Semi D,Landed,447500.0,337.0,24
TAMAN BUKIT GALENA,Seremban,SEREMBAN,NEGERI SEMBILAN | SEREMBAN,Negeri Sembilan,NEGERI SEMBILAN,Freehold,"Terrace House, Semi D","Semi D, Terrace House",Semi D,Landed,492500.0,276.0,24
TAMAN NUSANTARA PRIMA,Gelang Patah,GELANG PATAH,JOHOR | GELANG PATAH,Johor,JOHOR,Freehold,"Cluster House, Terrace House","Cluster House, Terrace House",Cluster House,Landed,675000.0,337.0,24
TAMAN NUSA INDAH,Iskandar Puteri (Nusajaya),ISKANDAR PUTERI (NUSAJAYA),JOHOR | ISKANDAR PUTERI (NUSAJAYA),Johor,JOHOR,Freehold,Terrace House,Terrace House,Terrace House,Landed,650000.0,427.0,24
TAMAN BANTING BARU,Banting,BANTING,SELANGOR | BANTING,Selangor,SELANGOR,Freehold,Terrace House,Terrace House,Terrace House,Landed,315000.0,248.0,24
TAMAN JASMIN,Kajang,KAJANG,SELANGOR | KAJANG,Selangor,SELANGOR,Freehold,Terrace House,Terrace House,Terrace House,Landed,442000.0,357.0,24
TAMAN NURI,Durian Tunggal,DURIAN TUNGGAL,MELAKA | DURIAN TUNGGAL,Melaka,MELAKA,Freehold,"Cluster House, Semi D","Semi D, Cluster House",Semi D,Landed,699000.0,213.0,24
TAMAN NUSA INTAN,Ampangan,AMPANGAN,NEGERI SEMBILAN | AMPANGAN,Negeri Sembilan,NEGERI SEMBILAN,Freehold,Terrace House,Terrace House,Terrace House,Landed,382500.0,231.0,24
TAMAN UNIVERSITI INDAH,Seri Kembangan,SERI KEMBANGAN,SELANGOR | SERI KEMBANGAN,Selangor,SELANGOR,Freehold,"Terrace House, Semi D","Semi D, Terrace House",Semi D,Landed,582500.0,477.0,24
TAMAN KERJASAMA,Bukit Baru,BUKIT BARU,MELAKA | BUKIT BARU,Melaka,MELAKA,Freehold,Terrace House,Terrace House,Terrace House,Landed,380000.0,245.0,24
SRI INDERAPURA,Kuantan,KUANTAN,PAHANG | KUANTAN,Pahang,PAHANG,Leasehold,"Terrace House, Semi D","Semi D, Terrace House",Semi D,Landed,192500.0,150.0,24
TAMAN BUKIT RANGIN PERDANA 1 & 2,Kuantan,KUANTAN,PAHANG | KUANTAN,Pahang,PAHANG,Leasehold,Terrace House,Terrace House,Terrace House,Landed,225000.0,173.0,24
TAMAN SRI SERDANG,Seri Kembangan,SERI KEMBANGAN,SELANGOR | SERI KEMBANGAN,Selangor,SELANGOR,Leasehold,Terrace House,Terrace House,Terrace House,Landed,420000.0,286.0,24
SEKSYEN 13 SHAH ALAM,Shah Alam,SHAH ALAM,SELANGOR | SHAH ALAM,Selangor,SELANGOR,Leasehold,"Bungalow, Terrace House, Semi D","Bungalow, Semi D, Terrace House",Bungalow,Landed,1750000.0,452.0,24
BANDAR SULTAN SULAIMAN,Kapar,KAPAR,SELANGOR | KAPAR,Selangor,SELANGOR,Leasehold,Terrace House,Terrace House,Terrace House,Landed,260000.0,251.0,24
TAMAN MAWAR,Serendah,SERENDAH,SELANGOR | SERENDAH,Selangor,SELANGOR,Freehold,Terrace House,Terrace House,Terrace House,Landed,398040.0,306.0,24
DESA RESTU,Sepang,SEPANG,SELANGOR | SEPANG,Selangor,SELANGOR,Leasehold,Terrace House,Terrace House,Terrace House,Landed,575000.0,437.0,24
COUNTRY VILLAS,Bemban,BEMBAN,MELAKA | BEMBAN,Melaka,MELAKA,Leasehold,"Semi D, Terrace House","Semi D, Terrace House",Semi D,Landed,645000.0,388.0,24
Koi Kinrara,Puchong,PUCHONG,SELANGOR | PUCHONG,Selangor,SELANGOR,Freehold,Service Residence,Service Residence,Service Residence,High-Rise,560000.0,532.0,24
Puncak Erskine,Tanjong Tokong,TANJONG TOKONG,PENANG | TANJONG TOKONG,Penang,PENANG,Freehold,Apartment,Apartment,Apartment,High-Rise,175000.0,290.0,24
Subang Perdana Goodyear Court 10,Subang Jaya,SUBANG JAYA,SELANGOR | SUBANG JAYA,Selangor,SELANGOR,Freehold,Apartment,Apartment,Apartment,High-Rise,374000.0,368.0,24
The Park Residences 1,Kampung Kerinchi (Bangsar South),KAMPUNG KERINCHI (BANGSAR SOUTH),KUALA LUMPUR | KAMPUNG KERINCHI (BANGSAR SOUTH),Kuala Lumpur,KUALA LUMPUR,Leasehold,Condominium,Condominium,Condominium,High-Rise,1180000.0,601.0,24
Taman Cendana,Pasir Gudang,PASIR GUDANG,JOHOR | PASIR GUDANG,Johor,JOHOR,Leasehold,Flat,Flat,Flat,High-Rise,130000.0,251.0,24
Pangsapuri Kasuarina,Klang,KLANG,SELANGOR | KLANG,Selangor,SELANGOR,Freehold,Apartment,Apartment,Apartment,High-Rise,380000.0,420.0,24
TAMAN DESA CHEMOR IMPIAN,Chemor,CHEMOR,PERAK | CHEMOR,Perak,PERAK,Leasehold,Terrace House,Terrace House,Terrace House,Landed,342240.0,244.0,23
TAMAN YPJ PUNGGAI,Pengerang,PENGERANG,JOHOR | PENGERANG,Johor,JOHOR,Mixed,Terrace House,Terrace House,Terrace House,Landed,278800.0,199.0,23
PINGGIRAN BAYU (MANTAU),Rasah,RASAH,NEGERI SEMBILAN | RASAH,Negeri Sembilan,NEGERI SEMBILAN,Freehold,Terrace House,Terrace House,Terrace House,Landed,488000.0,349.0,23
RASAH KEMAYAN (KEMAYAN COUNTRY TOWNSHIP),Rasah,RASAH,NEGERI SEMBILAN | RASAH,Negeri Sembilan,NEGERI SEMBILAN,Freehold,Bungalow,Bungalow,Bungalow,Landed,620000.0,128.0,23
LEMBAH BERINGIN,Kuala Kubu Baru,KUALA KUBU BARU,SELANGOR | KUALA KUBU BARU,Selangor,SELANGOR,Freehold,Terrace House,Terrace House,Terrace House,Landed,155000.0,70.0,23
SEKSYEN 27 SHAH ALAM,Shah Alam,SHAH ALAM,SELANGOR | SHAH ALAM,Selangor,SELANGOR,Freehold,"Terrace House, Semi D","Semi D, Terrace House",Semi D,Landed,700000.0,376.0,23
TAMAN RAPAT PERMAI,Ipoh,IPOH,PERAK | IPOH,Perak,PERAK,Leasehold,Terrace House,Terrace House,Terrace House,Landed,368000.0,223.0,23
TIMUR,Bandar Enstek,BANDAR ENSTEK,NEGERI SEMBILAN | BANDAR ENSTEK,Negeri Sembilan,NEGERI SEMBILAN,Freehold,Terrace House,Terrace House,Terrace House,Landed,570000.0,264.0,23
TAMAN BUKIT RAHMAN PUTRA,Sungai Buloh,SUNGAI BULOH,SELANGOR | SUNGAI BULOH,Selangor,SELANGOR,Freehold,"Terrace House, Cluster House","Cluster House, Terrace House",Cluster House,Landed,700000.0,424.0,23
TAMAN MERDEKA JAYA (AERONOTIK TAIPAN),Batu Berendam,BATU BERENDAM,MELAKA | BATU BERENDAM,Melaka,MELAKA,Leasehold,Terrace House,Terrace House,Terrace House,Landed,300000.0,227.0,23
TAMAN AMAN PERDANA,Kapar,KAPAR,SELANGOR | KAPAR,Selangor,SELANGOR,Freehold,Semi D,Semi D,Semi D,Landed,850000.0,321.0,23
SETAPAK JAYA,Setapak,SETAPAK,KUALA LUMPUR | SETAPAK,Kuala Lumpur,KUALA LUMPUR,Leasehold,Cluster House,Cluster House,Cluster House,Landed,240000.0,385.0,23
TAMAN KLEBANG JAYA,Chemor,CHEMOR,PERAK | CHEMOR,Perak,PERAK,Leasehold,Terrace House,Terrace House,Terrace House,Landed,200000.0,167.0,23
BANDAR BARU KUNDANG,Rawang,RAWANG,SELANGOR | RAWANG,Selangor,SELANGOR,Leasehold,Terrace House,Terrace House,Terrace House,Landed,642630.0,456.0,23
TAMAN KELEMAK UTAMA,Alor Gajah,ALOR GAJAH,MELAKA | ALOR GAJAH,Melaka,MELAKA,Freehold,Terrace House,Terrace House,Terrace House,Landed,398760.0,306.0,23
SEKSYEN 21,Petaling Jaya,PETALING JAYA,SELANGOR | PETALING JAYA,Selangor,SELANGOR,Freehold,"Terrace House, Bungalow","Bungalow, Terrace House",Bungalow,Landed,763000.0,493.0,23
BANDAR BUKIT TINGGI,Pandamaran,PANDAMARAN,SELANGOR | PANDAMARAN,Selangor,SELANGOR,Freehold,Terrace House,Terrace House,Terrace House,Landed,686000.0,455.0,23
Amara,Batu Caves,BATU CAVES,SELANGOR | BATU CAVES,Selangor,SELANGOR,Freehold,Service Residence,Service Residence,Service Residence,High-Rise,430000.0,440.0,23
I-Park Apartment,Sungai Ara,SUNGAI ARA,PENANG | SUNGAI ARA,Penang,PENANG,Freehold,Flat,Flat,Flat,High-Rise,250000.0,375.0,23
Juta Mines,Seri Kembangan,SERI KEMBANGAN,SELANGOR | SERI KEMBANGAN,Selangor,SELANGOR,Leasehold,Condominium,Condominium,Condominium,High-Rise,450000.0,370.0,23
Beverly Hills 2,Kota Kinabalu,KOTA KINABALU,SABAH | KOTA KINABALU,Sabah,SABAH,Leasehold,Apartment,Apartment,Apartment,High-Rise,300000.0,372.0,23
Solaris Dutamas,Dutamas,DUTAMAS,KUALA LUMPUR | DUTAMAS,Kuala Lumpur,KUALA LUMPUR,Freehold,Service Residence,Service Residence,Service Residence,High-Rise,900000.0,801.0,23
Pangsapuri Perdana Villa,Klang,KLANG,SELANGOR | KLANG,Selangor,SELANGOR,Freehold,Apartment,Apartment,Apartment,High-Rise,300000.0,310.0,23
D'Esplanade Residence,Johor Bahru,JOHOR BAHRU,JOHOR | JOHOR BAHRU,Johor,JOHOR,Freehold,Service Residence,Service Residence,Service Residence,High-Rise,550000.0,673.0,23
The Platino Serviced Apartment,Tampoi,TAMPOI,JOHOR | TAMPOI,Johor,JOHOR,Freehold,Service Residence,Service Residence,Service Residence,High-Rise,601900.0,666.0,23
Sri Impian Apartment,Johor Bahru,JOHOR BAHRU,JOHOR | JOHOR BAHRU,Johor,JOHOR,Leasehold,Apartment,Apartment,Apartment,High-Rise,280000.0,292.0,23
Taman Alor Vista,Bayan Lepas,BAYAN LEPAS,PENANG | BAYAN LEPAS,Penang,PENANG,Freehold,Apartment,Apartment,Apartment,High-Rise,200000.0,387.0,23
Seremban Putra,Sikamat,SIKAMAT,NEGERI SEMBILAN | SIKAMAT,Negeri Sembilan,NEGERI SEMBILAN,Freehold,Apartment,Apartment,Apartment,High-Rise,185000.0,221.0,23
Mutiara Idaman 1,Jelutong,JELUTONG,PENANG | JELUTONG,Penang,PENANG,Leasehold,Flat,Flat,Flat,High-Rise,282000.0,452.0,23
Taman Pandan Indah,Ampang,AMPANG,SELANGOR | AMPANG,Selangor,SELANGOR,Leasehold,Flat,Flat,Flat,High-Rise,175000.0,264.0,23
TAMAN RASAH JAYA II,Rasah,RASAH,NEGERI SEMBILAN | RASAH,Negeri Sembilan,NEGERI SEMBILAN,Freehold,Terrace House,Terrace House,Terrace House,Landed,235000.0,182.0,22
TAMAN GOPENG MEWAH,Gopeng,GOPENG,PERAK | GOPENG,Perak,PERAK,Leasehold,Terrace House,Terrace House,Terrace House,Landed,277235.0,167.0,22
TAMAN LANG RESIDENCES,Ipoh,IPOH,PERAK | IPOH,Perak,PERAK,Freehold,Terrace House,Terrace House,Terrace House,Landed,459800.0,328.0,22
ASTANA PARK HOMES - VILLA NATURA,Sungai Petani,SUNGAI PETANI,KEDAH | SUNGAI PETANI,Kedah,KEDAH,Freehold,"Terrace House, Semi D, Bungalow","Bungalow, Semi D, Terrace House",Bungalow,Landed,378000.0,202.0,22
TAMAN PERPADUAN KOPERASI,Tambun,TAMBUN,PERAK | TAMBUN,Perak,PERAK,Leasehold,Terrace House,Terrace House,Terrace House,Landed,342500.0,216.0,22
DESA SETAPAK,Wangsa Maju,WANGSA MAJU,KUALA LUMPUR | WANGSA MAJU,Kuala Lumpur,KUALA LUMPUR,Freehold,Terrace House,Terrace House,Terrace House,Landed,413500.0,659.0,22
TAMAN DESA,Muar,MUAR,JOHOR | MUAR,Johor,JOHOR,Freehold,Terrace House,Terrace House,Terrace House,Landed,490000.0,295.0,22
TAMAN KAMPAR PUTRA,Kampar,KAMPAR,PERAK | KAMPAR,Perak,PERAK,Leasehold,Terrace House,Terrace House,Terrace House,Landed,259000.0,159.0,22
TAMAN MERAK,Simpang Ampat,SIMPANG AMPAT,PENANG | SIMPANG AMPAT,Penang,PENANG,Freehold,Terrace House,Terrace House,Terrace House,Landed,297500.0,291.0,22
TAMAN SRI LAYANG,Mentakab,MENTAKAB,PAHANG | MENTAKAB,Pahang,PAHANG,Freehold,Terrace House,Terrace House,Terrace House,Landed,170000.0,160.0,22
TAMAN PUSING PERMAI,Pusing,PUSING,PERAK | PUSING,Perak,PERAK,Leasehold,Terrace House,Terrace House,Terrace House,Landed,273800.0,229.0,22
DESA COALFIELDS,Ijok,IJOK,SELANGOR | IJOK,Selangor,SELANGOR,Freehold,Terrace House,Terrace House,Terrace House,Landed,467500.0,324.0,22
TAMAN MELATI FASA II,Jenjarom,JENJAROM,SELANGOR | JENJAROM,Selangor,SELANGOR,Freehold,Terrace House,Terrace House,Terrace House,Landed,680000.0,419.0,22
TAMAN DESA PUTERI,Bahau,BAHAU,NEGERI SEMBILAN | BAHAU,Negeri Sembilan,NEGERI SEMBILAN,Freehold,Terrace House,Terrace House,Terrace House,Landed,300000.0,179.0,22
TAMAN SEJATI KEHIJAUAN,Klang,KLANG,SELANGOR | KLANG,Selangor,SELANGOR,Freehold,Terrace House,Terrace House,Terrace House,Landed,1138000.0,582.0,22
USJ 4,Subang Jaya,SUBANG JAYA,SELANGOR | SUBANG JAYA,Selangor,SELANGOR,Freehold,Terrace House,Terrace House,Terrace House,Landed,915000.0,499.0,22
TAMAN SAUJANA RAWANG,Rawang,RAWANG,SELANGOR | RAWANG,Selangor,SELANGOR,Leasehold,Terrace House,Terrace House,Terrace House,Landed,521000.0,315.0,22
BEHRANG 2020 / TAMAN WAWASAN,Ulu Bernam,ULU BERNAM,PERAK | ULU BERNAM,Perak,PERAK,Freehold,Terrace House,Terrace House,Terrace House,Landed,252500.0,198.0,22
TAMAN MENTAKAB INDAH,Mentakab,MENTAKAB,PAHANG | MENTAKAB,Pahang,PAHANG,Freehold,Terrace House,Terrace House,Terrace House,Landed,105500.0,101.0,22
AVIRA GARDEN TERRACES @ MEDINI,Iskandar Puteri (Nusajaya),ISKANDAR PUTERI (NUSAJAYA),JOHOR | ISKANDAR PUTERI (NUSAJAYA),Johor,JOHOR,Freehold,Terrace House,Terrace House,Terrace House,Landed,999000.0,569.0,22
TAMAN PUCHONG PERDANA,Puchong,PUCHONG,SELANGOR | PUCHONG,Selangor,SELANGOR,Leasehold,Terrace House,Terrace House,Terrace House,Landed,375000.0,342.0,22
TAMAN PONTIAN PERDANA,Pontian,PONTIAN,JOHOR | PONTIAN,Johor,JOHOR,Freehold,Bungalow,Bungalow,Bungalow,Landed,541600.0,150.0,22
Bandar Baru Permas Jaya,Permas Jaya,PERMAS JAYA,JOHOR | PERMAS JAYA,Johor,JOHOR,Freehold,Flat,Flat,Flat,High-Rise,172500.0,232.0,22
Bandar Damai Perdana (Low Cost),Cheras,CHERAS,SELANGOR | CHERAS,Selangor,SELANGOR,Freehold,Condominium,Condominium,Condominium,High-Rise,457500.0,458.0,22
Prima Regency,Johor Bahru,JOHOR BAHRU,JOHOR | JOHOR BAHRU,Johor,JOHOR,Freehold,Apartment,Apartment,Apartment,High-Rise,351500.0,332.0,22
Seri Semarak (Asia Heights),Ayer Itam,AYER ITAM,PENANG | AYER ITAM,Penang,PENANG,Freehold,Apartment,Apartment,Apartment,High-Rise,265000.0,425.0,22
Jadite Suites,Kajang,KAJANG,SELANGOR | KAJANG,Selangor,SELANGOR,Freehold,Service Residence,Service Residence,Service Residence,High-Rise,688800.0,472.0,22
Cyberia Smart Homes,Cyberjaya,CYBERJAYA,SELANGOR | CYBERJAYA,Selangor,SELANGOR,Freehold,Condominium,Condominium,Condominium,High-Rise,250000.0,238.0,22
Casa Tiara Serviced Apartment,Subang Jaya,SUBANG JAYA,SELANGOR | SUBANG JAYA,Selangor,SELANGOR,Freehold,Service Residence,Service Residence,Service Residence,High-Rise,416500.0,550.0,22
Danga View Apartment,Tampoi,TAMPOI,JOHOR | TAMPOI,Johor,JOHOR,Freehold,Apartment,Apartment,Apartment,High-Rise,420000.0,340.0,22
D'Ambience Residences (Pangsapuri Ikatan Flora),Permas Jaya,PERMAS JAYA,JOHOR | PERMAS JAYA,Johor,JOHOR,Freehold,Service Residence,Service Residence,Service Residence,High-Rise,339000.0,396.0,22
Sri Lanang,Tebrau,TEBRAU,JOHOR | TEBRAU,Johor,JOHOR,Freehold,Flat,Flat,Flat,High-Rise,170000.0,226.0,22
Desa Permai Indah Flat,Sungai Dua,SUNGAI DUA,PENANG | SUNGAI DUA,Penang,PENANG,Leasehold,Flat,Flat,Flat,High-Rise,180000.0,328.0,22
The Heritage Residence,Seri Kembangan,SERI KEMBANGAN,SELANGOR | SERI KEMBANGAN,Selangor,SELANGOR,Leasehold,Service Residence,Service Residence,Service Residence,High-Rise,297500.0,379.0,22
TAMAN PELANGI,Semenyih,SEMENYIH,SELANGOR | SEMENYIH,Selangor,SELANGOR,Freehold,Terrace House,Terrace House,Terrace House,Landed,450000.0,301.0,21
SETIA ECO GLADES,Cyberjaya,CYBERJAYA,SELANGOR | CYBERJAYA,Selangor,SELANGOR,Freehold,"Bungalow, Terrace House","Bungalow, Terrace House",Bungalow,Landed,1200000.0,513.0,21
JALAN JENDERAM-SALAK,Dengkil,DENGKIL,SELANGOR | DENGKIL,Selangor,SELANGOR,Freehold,Cluster House,Cluster House,Cluster House,Landed,1438800.0,616.0,21
"KEMUNING UTAMA, SEKSYEN 32",Shah Alam,SHAH ALAM,SELANGOR | SHAH ALAM,Selangor,SELANGOR,Freehold,Terrace House,Terrace House,Terrace House,Landed,828000.0,501.0,21
TAMAN CHEPOR MUTIARA,Ipoh,IPOH,PERAK | IPOH,Perak,PERAK,Leasehold,"Terrace House, Cluster House","Cluster House, Terrace House",Cluster House,Landed,398000.0,235.0,21
TAMAN CASSIA CEMPAKA,Batu Kawan,BATU KAWAN,PENANG | BATU KAWAN,Penang,PENANG,Freehold,"Terrace House, Semi D","Semi D, Terrace House",Semi D,Landed,625320.0,395.0,21
TAMAN EKOFLORA,Tebrau,TEBRAU,JOHOR | TEBRAU,Johor,JOHOR,Freehold,"Terrace House, Cluster House","Cluster House, Terrace House",Cluster House,Landed,960000.0,530.0,21
TAMAN SERULING EMAS,Sungai Jawi,SUNGAI JAWI,PENANG | SUNGAI JAWI,Penang,PENANG,Freehold,Terrace House,Terrace House,Terrace House,Landed,325000.0,195.0,21
TAMAN BANDAR SENAWANG,Senawang,SENAWANG,NEGERI SEMBILAN | SENAWANG,Negeri Sembilan,NEGERI SEMBILAN,Freehold,Terrace House,Terrace House,Terrace House,Landed,440000.0,246.0,21
TUNAS MAHKOTA,Kuantan,KUANTAN,PAHANG | KUANTAN,Pahang,PAHANG,Mixed,Terrace House,Terrace House,Terrace House,Landed,195000.0,160.0,21
TAMAN DESA BUKIT PERMATA,Kapar,KAPAR,SELANGOR | KAPAR,Selangor,SELANGOR,Freehold,Terrace House,Terrace House,Terrace House,Landed,460000.0,191.0,21
TAMAN RAJA MUDA MUSA II,Sitiawan,SITIAWAN,PERAK | SITIAWAN,Perak,PERAK,Freehold,Terrace House,Terrace House,Terrace House,Landed,288800.0,180.0,21
TAMAN PUTRA PERDANA,Puchong,PUCHONG,SELANGOR | PUCHONG,Selangor,SELANGOR,Leasehold,Terrace House,Terrace House,Terrace House,Landed,450000.0,286.0,21
DESA LAHAT SRI -WANG,Lahat,LAHAT,PERAK | LAHAT,Perak,PERAK,Leasehold,Terrace House,Terrace House,Terrace House,Landed,318880.0,267.0,21
TAMAN SAGA,Kulim,KULIM,KEDAH | KULIM,Kedah,KEDAH,Freehold,"Terrace House, Semi D","Semi D, Terrace House",Semi D,Landed,269500.0,166.0,21
KUALA BESUT,Besut,BESUT,TERENGGANU | BESUT,Terengganu,TERENGGANU,Freehold,"Terrace House, Bungalow, Semi D","Bungalow, Semi D, Terrace House",Bungalow,Landed,335000.0,190.0,21
TAMAN BUKIT KEPAYANG,Bukit Kepayang,BUKIT KEPAYANG,NEGERI SEMBILAN | BUKIT KEPAYANG,Negeri Sembilan,NEGERI SEMBILAN,Freehold,Terrace House,Terrace House,Terrace House,Landed,380000.0,231.0,21
KAMPUNG PADANG 1,Kuantan,KUANTAN,PAHANG | KUANTAN,Pahang,PAHANG,Leasehold,Terrace House,Terrace House,Terrace House,Landed,170000.0,153.0,21
TAMAN PINJI MEWAH,Ipoh,IPOH,PERAK | IPOH,Perak,PERAK,Leasehold,"Semi D, Terrace House","Semi D, Terrace House",Semi D,Landed,285000.0,171.0,21
TAMAN SEJAHTERA (SPT),Bukit Mertajam,BUKIT MERTAJAM,PENANG | BUKIT MERTAJAM,Penang,PENANG,Freehold,Terrace House,Terrace House,Terrace House,Landed,350000.0,297.0,21
KEPONG GARDEN,Kepong,KEPONG,KUALA LUMPUR | KEPONG,Kuala Lumpur,KUALA LUMPUR,Freehold,Terrace House,Terrace House,Terrace House,Landed,780000.0,434.0,21
TAMAN SETAPAK (SETAPAK GARDEN),Setapak,SETAPAK,KUALA LUMPUR | SETAPAK,Kuala Lumpur,KUALA LUMPUR,Freehold,Terrace House,Terrace House,Terrace House,Landed,600000.0,341.0,21
WANGSA MELAWATI,Wangsa Maju,WANGSA MAJU,KUALA LUMPUR | WANGSA MAJU,Kuala Lumpur,KUALA LUMPUR,Freehold,Terrace House,Terrace House,Terrace House,Landed,720000.0,578.0,21
TAMAN DESA JAYA,Kepong,KEPONG,SELANGOR | KEPONG,Selangor,SELANGOR,Leasehold,Terrace House,Terrace House,Terrace House,Landed,500000.0,349.0,21
SEKSYEN 5,Petaling Jaya,PETALING JAYA,SELANGOR | PETALING JAYA,Selangor,SELANGOR,Mixed,"Bungalow, Terrace House","Bungalow, Terrace House",Bungalow,Landed,1700000.0,339.0,21
TAMAN KLEBANG MUTIARA,Ipoh,IPOH,PERAK | IPOH,Perak,PERAK,Leasehold,Terrace House,Terrace House,Terrace House,Landed,300000.0,214.0,21
BANDAR SEGAMAT BARU,Segamat,SEGAMAT,JOHOR | SEGAMAT,Johor,JOHOR,Freehold,"Bungalow, Terrace House","Bungalow, Terrace House",Bungalow,Landed,220000.0,125.0,21
TAMAN BERSATU (BATAS PAIP),Kuala Kedah,KUALA KEDAH,KEDAH | KUALA KEDAH,Kedah,KEDAH,Freehold,Terrace House,Terrace House,Terrace House,Landed,200000.0,229.0,21
TAMAN LUMUT MEWAH 2,Lumut,LUMUT,PERAK | LUMUT,Perak,PERAK,Freehold,Terrace House,Terrace House,Terrace House,Landed,418800.0,263.0,21
BANDAR SIERRA PUCHONG,Puchong,PUCHONG,SELANGOR | PUCHONG,Selangor,SELANGOR,Leasehold,"Town House, Terrace House","Terrace House, Town House",Terrace House,Landed,1260000.0,571.0,21
RAZAKI,Ipoh,IPOH,PERAK | IPOH,Perak,PERAK,Leasehold,"Terrace House, Semi D","Semi D, Terrace House",Semi D,Landed,255000.0,157.0,21
TAMAN SERI MENGKUANG,Kuala Selangor,KUALA SELANGOR,SELANGOR | KUALA SELANGOR,Selangor,SELANGOR,Freehold,Terrace House,Terrace House,Terrace House,Landed,342500.0,222.0,21
TAMAN RAMBAI UTAMA,Tanjong Minyak,TANJONG MINYAK,MELAKA | TANJONG MINYAK,Melaka,MELAKA,Freehold,Terrace House,Terrace House,Terrace House,Landed,240000.0,200.0,21
"TAMAN PELANGI INDAH, SITIAWAN",Sitiawan,SITIAWAN,PERAK | SITIAWAN,Perak,PERAK,Freehold,Semi D,Semi D,Semi D,Landed,480000.0,166.0,21
Bayu Puteri 2,Johor Bahru,JOHOR BAHRU,JOHOR | JOHOR BAHRU,Johor,JOHOR,Leasehold,Apartment,Apartment,Apartment,High-Rise,310000.0,343.0,21
Straits View Condominium,Permas Jaya,PERMAS JAYA,JOHOR | PERMAS JAYA,Johor,JOHOR,Freehold,Condominium,Condominium,Condominium,High-Rise,495000.0,304.0,21
Taman Mount Austin,Tebrau,TEBRAU,JOHOR | TEBRAU,Johor,JOHOR,Freehold,Flat,Flat,Flat,High-Rise,250000.0,438.0,21
PD Perdana,Port Dickson,PORT DICKSON,NEGERI SEMBILAN | PORT DICKSON,Negeri Sembilan,NEGERI SEMBILAN,Freehold,Apartment,Apartment,Apartment,High-Rise,95000.0,126.0,21
Seksyen 4 Wangsa Maju Flat,Wangsa Maju,WANGSA MAJU,KUALA LUMPUR | WANGSA MAJU,Kuala Lumpur,KUALA LUMPUR,Leasehold,Flat,Flat,Flat,High-Rise,210000.0,398.0,21
Bayu Puteri 3,Johor Bahru,JOHOR BAHRU,JOHOR | JOHOR BAHRU,Johor,JOHOR,Leasehold,Apartment,Apartment,Apartment,High-Rise,350000.0,372.0,21
Seri Maya Condominium,Ulu Klang,ULU KLANG,SELANGOR | ULU KLANG,Selangor,SELANGOR,Freehold,Condominium,Condominium,Condominium,High-Rise,530000.0,413.0,21
Maxim Citylights @ Sentul Kl,Sentul,SENTUL,KUALA LUMPUR | SENTUL,Kuala Lumpur,KUALA LUMPUR,Leasehold,Service Residence,Service Residence,Service Residence,High-Rise,365000.0,371.0,21
Bistari Impian Apartment,Johor Bahru,JOHOR BAHRU,JOHOR | JOHOR BAHRU,Johor,JOHOR,Leasehold,Apartment,Apartment,Apartment,High-Rise,360000.0,335.0,21
Axis Residence @ Axis Pandan,Ampang,AMPANG,SELANGOR | AMPANG,Selangor,SELANGOR,Leasehold,Service Residence,Service Residence,Service Residence,High-Rise,330000.0,352.0,21
Taman Seri Janggus,Bukit Mertajam,BUKIT MERTAJAM,PENANG | BUKIT MERTAJAM,Penang,PENANG,Freehold,Flat,Flat,Flat,High-Rise,120000.0,186.0,21
One Foresta,Bayan Lepas,BAYAN LEPAS,PENANG | BAYAN LEPAS,Penang,PENANG,Freehold,Condominium,Condominium,Condominium,High-Rise,450000.0,492.0,21
TAMAN PAKATAN JAYA,Tambun,TAMBUN,PERAK | TAMBUN,Perak,PERAK,Leasehold,Terrace House,Terrace House,Terrace House,Landed,302500.0,245.0,20
SS23 TAMAN SEA,Petaling Jaya,PETALING JAYA,SELANGOR | PETALING JAYA,Selangor,SELANGOR,Freehold,Terrace House,Terrace House,Terrace House,Landed,1372500.0,797.0,20
"KEMUNING UTAMA, SEKSYEN 33",Shah Alam,SHAH ALAM,SELANGOR | SHAH ALAM,Selangor,SELANGOR,Freehold,"Semi D, Terrace House","Semi D, Terrace House",Semi D,Landed,909000.0,465.0,20
TAMAN AKASIA (ACACIA HEIGHTS),Kluang,KLUANG,JOHOR | KLUANG,Johor,JOHOR,Freehold,"Cluster House, Semi D","Semi D, Cluster House",Semi D,Landed,610500.0,208.0,20
TAMAN PUNCAK HARMONI,Kuala Kangsar,KUALA KANGSAR,PERAK | KUALA KANGSAR,Perak,PERAK,Freehold,Terrace House,Terrace House,Terrace House,Landed,318000.0,196.0,20
QUEENSBURY @ MAHKOTA HILLS,Lenggeng,LENGGENG,NEGERI SEMBILAN | LENGGENG,Negeri Sembilan,NEGERI SEMBILAN,Freehold,Terrace House,Terrace House,Terrace House,Landed,529500.0,373.0,20
BB SETIA AWAN PERDANA RESIDEN 7,Sitiawan,SITIAWAN,PERAK | SITIAWAN,Perak,PERAK,Freehold,Cluster House,Cluster House,Cluster House,Landed,248000.0,129.0,20
TAMAN DAIMAN JAYA,Kota Tinggi,KOTA TINGGI,JOHOR | KOTA TINGGI,Johor,JOHOR,Freehold,Cluster House,Cluster House,Cluster House,Landed,776900.0,320.0,20
POLO PARK,Johor Bahru,JOHOR BAHRU,JOHOR | JOHOR BAHRU,Johor,JOHOR,Freehold,Town House,Town House,Town House,Landed,320000.0,272.0,20
PERKAMPUNGAN CENDERAWASIH,Kuantan,KUANTAN,PAHANG | KUANTAN,Pahang,PAHANG,Leasehold,Terrace House,Terrace House,Terrace House,Landed,205000.0,217.0,20
BANDAR BARU TANGKAK,Tangkak,TANGKAK,JOHOR | TANGKAK,Johor,JOHOR,Freehold,"Terrace House, Cluster House","Cluster House, Terrace House",Cluster House,Landed,288800.0,107.0,20
TAMAN ZAMRUD,Parit Buntar,PARIT BUNTAR,PERAK | PARIT BUNTAR,Perak,PERAK,Mixed,Terrace House,Terrace House,Terrace House,Landed,366075.0,191.0,20
TAMAN HIJRAH,Kapar,KAPAR,SELANGOR | KAPAR,Selangor,SELANGOR,Freehold,Terrace House,Terrace House,Terrace House,Landed,450000.0,355.0,20
TAMAN SEMARANG INTAN,Dengkil,DENGKIL,SELANGOR | DENGKIL,Selangor,SELANGOR,Mixed,Terrace House,Terrace House,Terrace House,Landed,669600.0,321.0,20
TAMAN LIMBONGAN PERMAI,Klebang,KLEBANG,MELAKA | KLEBANG,Melaka,MELAKA,Freehold,Terrace House,Terrace House,Terrace House,Landed,289000.0,187.0,20
BANDAR SRI PUTRA,Bangi,BANGI,SELANGOR | BANGI,Selangor,SELANGOR,Freehold,"Terrace House, Semi D","Semi D, Terrace House",Semi D,Landed,615000.0,335.0,20
TROPICANA DANGA COVE,Masai,MASAI,JOHOR | MASAI,Johor,JOHOR,Freehold,Terrace House,Terrace House,Terrace House,Landed,767500.0,501.0,20
PANORAMA LAPANGAN SAUJANA (GREEN PARK),Ipoh,IPOH,PERAK | IPOH,Perak,PERAK,Leasehold,Cluster House,Cluster House,Cluster House,Landed,638800.0,236.0,20
TAMAN GEMBIRA,Tampoi,TAMPOI,JOHOR | TAMPOI,Johor,JOHOR,Freehold,Terrace House,Terrace House,Terrace House,Landed,432500.0,283.0,20
TAMAN SERI BAYU,Sungai Petani,SUNGAI PETANI,KEDAH | SUNGAI PETANI,Kedah,KEDAH,Freehold,Terrace House,Terrace House,Terrace House,Landed,200000.0,164.0,20
TAMAN IPOH SELATAN,Ipoh,IPOH,PERAK | IPOH,Perak,PERAK,Freehold,Terrace House,Terrace House,Terrace House,Landed,397500.0,203.0,20
TAMAN TANGKAK JAYA - TR 381,Tangkak,TANGKAK,JOHOR | TANGKAK,Johor,JOHOR,Freehold,Terrace House,Terrace House,Terrace House,Landed,287500.0,184.0,20
BANDAR HILLPARK,Bandar Puncak Alam,BANDAR PUNCAK ALAM,SELANGOR | BANDAR PUNCAK ALAM,Selangor,SELANGOR,Leasehold,Terrace House,Terrace House,Terrace House,Landed,560000.0,341.0,20
TAMU HILL PARK,Batang Kali,BATANG KALI,SELANGOR | BATANG KALI,Selangor,SELANGOR,Freehold,Terrace House,Terrace House,Terrace House,Landed,400000.0,244.0,20
TAMAN MUNSYI IBRAHIM,Tampoi,TAMPOI,JOHOR | TAMPOI,Johor,JOHOR,Freehold,Terrace House,Terrace House,Terrace House,Landed,375000.0,406.0,20
TAMAN MERDEKA,Batu Berendam,BATU BERENDAM,MELAKA | BATU BERENDAM,Melaka,MELAKA,Leasehold,"Terrace House, Town House","Terrace House, Town House",Terrace House,Landed,326500.0,182.0,20
SETIA ECO CASCADIA,Tebrau,TEBRAU,JOHOR | TEBRAU,Johor,JOHOR,Freehold,Terrace House,Terrace House,Terrace House,Landed,814300.0,462.0,20
D'Putra Suites,Senai,SENAI,JOHOR | SENAI,Johor,JOHOR,Freehold,Service Residence,Service Residence,Service Residence,High-Rise,528900.0,520.0,20
M Condominium @ Larkin,Johor Bahru,JOHOR BAHRU,JOHOR | JOHOR BAHRU,Johor,JOHOR,Leasehold,Condominium,Condominium,Condominium,High-Rise,485000.0,439.0,20
Kuchai Avenue,Kuchai Lama,KUCHAI LAMA,KUALA LUMPUR | KUCHAI LAMA,Kuala Lumpur,KUALA LUMPUR,Freehold,Service Residence,Service Residence,Service Residence,High-Rise,580000.0,626.0,20
Paragon Residences @ Straits View,Johor Bahru,JOHOR BAHRU,JOHOR | JOHOR BAHRU,Johor,JOHOR,Freehold,Service Residence,Service Residence,Service Residence,High-Rise,942450.0,611.0,20
Desa Satu,Kepong,KEPONG,SELANGOR | KEPONG,Selangor,SELANGOR,Freehold,Flat,Flat,Flat,High-Rise,166500.0,253.0,20
Taman Tun Hussein Onn,Perai,PERAI,PENANG | PERAI,Penang,PENANG,Freehold,Flat,Flat,Flat,High-Rise,110000.0,195.0,20
Sri Panglima,Johor Bahru,JOHOR BAHRU,JOHOR | JOHOR BAHRU,Johor,JOHOR,Leasehold,Apartment,Apartment,Apartment,High-Rise,240000.0,265.0,20
Desa Impiana,Puchong,PUCHONG,SELANGOR | PUCHONG,Selangor,SELANGOR,Freehold,Condominium,Condominium,Condominium,High-Rise,400000.0,340.0,20
Samudera 1,Seri Manjong,SERI MANJONG,PERAK | SERI MANJONG,Perak,PERAK,Freehold,Apartment,Apartment,Apartment,High-Rise,223300.0,239.0,20
Laguna Condo Resort,Port Dickson,PORT DICKSON,NEGERI SEMBILAN | PORT DICKSON,Negeri Sembilan,NEGERI SEMBILAN,Freehold,Condominium,Condominium,Condominium,High-Rise,95000.0,117.0,20
Ridzuan Condominium,Bandar Sunway,BANDAR SUNWAY,SELANGOR | BANDAR SUNWAY,Selangor,SELANGOR,Leasehold,Condominium,Condominium,Condominium,High-Rise,500000.0,420.0,20
Costa Mahkota,Melaka City,MELAKA CITY,MELAKA | MELAKA CITY,Melaka,MELAKA,Leasehold,Apartment,Apartment,Apartment,High-Rise,204500.0,336.0,20
Subang Perdana Goodyear Court 7,Subang Jaya,SUBANG JAYA,SELANGOR | SUBANG JAYA,Selangor,SELANGOR,Freehold,Apartment,Apartment,Apartment,High-Rise,376500.0,393.0,20
Suria Kipark Damansara,Kepong,KEPONG,SELANGOR | KEPONG,Selangor,SELANGOR,Freehold,Apartment,Apartment,Apartment,High-Rise,445000.0,454.0,20
Jade View,Gelugor,GELUGOR,PENANG | GELUGOR,Penang,PENANG,Freehold,Apartment,Apartment,Apartment,High-Rise,293500.0,426.0,20
Apartment Sri Rakyat,Bukit Jalil,BUKIT JALIL,KUALA LUMPUR | BUKIT JALIL,Kuala Lumpur,KUALA LUMPUR,Freehold,Apartment,Apartment,Apartment,High-Rise,235000.0,352.0,20
Rhythm Avenue,Subang Jaya,SUBANG JAYA,SELANGOR | SUBANG JAYA,Selangor,SELANGOR,Freehold,Service Residence,Service Residence,Service Residence,High-Rise,290000.0,378.0,20
TAMAN SOGA,Batu Pahat,BATU PAHAT,JOHOR | BATU PAHAT,Johor,JOHOR,Freehold,Terrace House,Terrace House,Terrace House,Landed,330000.0,208.0,19
TAMAN WANGSA PERMAI,Kepong,KEPONG,SELANGOR | KEPONG,Selangor,SELANGOR,Leasehold,Terrace House,Terrace House,Terrace House,Landed,737000.0,488.0,19
GARDEN HOMES @ SEREMBAN 2,Seremban 2,SEREMBAN 2,NEGERI SEMBILAN | SEREMBAN 2,Negeri Sembilan,NEGERI SEMBILAN,Freehold,Terrace House,Terrace House,Terrace House,Landed,370000.0,220.0,19
ATABARA RESIDENCE FASA 8 (PL 76003),Kuantan,KUANTAN,PAHANG | KUANTAN,Pahang,PAHANG,Freehold,Terrace House,Terrace House,Terrace House,Landed,325000.0,163.0,19
HUTAN MELINTANG RESIDENCE,Hutan Melintang,HUTAN MELINTANG,PERAK | HUTAN MELINTANG,Perak,PERAK,Freehold,"Terrace House, Semi D","Semi D, Terrace House",Semi D,Landed,438800.0,136.0,19
TAMAN KOTA PERMAI,Bukit Mertajam,BUKIT MERTAJAM,PENANG | BUKIT MERTAJAM,Penang,PENANG,Freehold,"Terrace House, Semi D","Semi D, Terrace House",Semi D,Landed,470000.0,300.0,19
BANDAR BARU SUNGAI BULOH,Sungai Buloh,SUNGAI BULOH,SELANGOR | SUNGAI BULOH,Selangor,SELANGOR,Leasehold,Terrace House,Terrace House,Terrace House,Landed,440000.0,315.0,19
TAMAN JOHOR,Tampoi,TAMPOI,JOHOR | TAMPOI,Johor,JOHOR,Freehold,"Terrace House, Bungalow","Bungalow, Terrace House",Bungalow,Landed,500000.0,259.0,19
BANGSAR BARU,Bangsar,BANGSAR,KUALA LUMPUR | BANGSAR,Kuala Lumpur,KUALA LUMPUR,Freehold,"Terrace House, Bungalow","Bungalow, Terrace House",Bungalow,Landed,1710000.0,814.0,19
TAMAN SERAI PERDANA,Bagan Serai,BAGAN SERAI,PERAK | BAGAN SERAI,Perak,PERAK,Freehold,"Terrace House, Semi D","Semi D, Terrace House",Semi D,Landed,263800.0,169.0,19
TAMAN PERMAI UTAMA,Gurun,GURUN,KEDAH | GURUN,Kedah,KEDAH,Freehold,"Semi D, Terrace House","Semi D, Terrace House",Semi D,Landed,220000.0,154.0,19
TAMAN SERI KERUBUNG,Krubong,KRUBONG,MELAKA | KRUBONG,Melaka,MELAKA,Freehold,Terrace House,Terrace House,Terrace House,Landed,240000.0,197.0,19
KENYALANG PARK,Kuching,KUCHING,SARAWAK | KUCHING,Sarawak,SARAWAK,Leasehold,"Terrace House, Bungalow","Bungalow, Terrace House",Bungalow,Landed,420000.0,220.0,19
CENTRAL CITY,Kota Samarahan,KOTA SAMARAHAN,SARAWAK | KOTA SAMARAHAN,Sarawak,SARAWAK,Freehold,Terrace House,Terrace House,Terrace House,Landed,350000.0,205.0,19
BUKIT RIMAU,Klang,KLANG,SELANGOR | KLANG,Selangor,SELANGOR,Freehold,"Terrace House, Semi D, Bungalow","Bungalow, Semi D, Terrace House",Bungalow,Landed,960000.0,410.0,19
TAMAN BAHAU,Bahau,BAHAU,NEGERI SEMBILAN | BAHAU,Negeri Sembilan,NEGERI SEMBILAN,Freehold,Terrace House,Terrace House,Terrace House,Landed,183000.0,155.0,19
TAMAN NESA,Skudai,SKUDAI,JOHOR | SKUDAI,Johor,JOHOR,Mixed,Terrace House,Terrace House,Terrace House,Landed,380000.0,292.0,19
TAMAN KRUBONG PERDANA,Krubong,KRUBONG,MELAKA | KRUBONG,Melaka,MELAKA,Freehold,"Bungalow, Terrace House","Bungalow, Terrace House",Bungalow,Landed,443800.0,317.0,19
SETIA INDAH 9,Setia Alam,SETIA ALAM,SELANGOR | SETIA ALAM,Selangor,SELANGOR,Freehold,Terrace House,Terrace House,Terrace House,Landed,1050000.0,608.0,19
TAMAN BUKIT SENDAYAN,Bandar Sri Sendayan,BANDAR SRI SENDAYAN,NEGERI SEMBILAN | BANDAR SRI SENDAYAN,Negeri Sembilan,NEGERI SEMBILAN,Leasehold,Terrace House,Terrace House,Terrace House,Landed,250000.0,192.0,19
TAMAN SENAI UTAMA,Kulai,KULAI,JOHOR | KULAI,Johor,JOHOR,Freehold,Terrace House,Terrace House,Terrace House,Landed,420000.0,260.0,19
TAMAN MEGAH JAYA,Tawau,TAWAU,SABAH | TAWAU,Sabah,SABAH,Leasehold,"Terrace House, Semi D","Semi D, Terrace House",Semi D,Landed,400000.0,220.0,19
TAMAN DESA PALMA,Tebrau,TEBRAU,JOHOR | TEBRAU,Johor,JOHOR,Freehold,Terrace House,Terrace House,Terrace House,Landed,577150.0,372.0,19
TAMAN CHAI LENG,Perai,PERAI,PENANG | PERAI,Penang,PENANG,Freehold,Terrace House,Terrace House,Terrace House,Landed,490000.0,265.0,19
TAMAN SELAYANG JAYA,Selayang,SELAYANG,SELANGOR | SELAYANG,Selangor,SELANGOR,Freehold,Terrace House,Terrace House,Terrace House,Landed,680000.0,551.0,19
TAMAN ANGGUN,Rawang,RAWANG,SELANGOR | RAWANG,Selangor,SELANGOR,Freehold,Terrace House,Terrace House,Terrace House,Landed,837000.0,409.0,19
TAMAN SERI AMAN,Masjid Tanah,MASJID TANAH,MELAKA | MASJID TANAH,Melaka,MELAKA,Freehold,Terrace House,Terrace House,Terrace House,Landed,200000.0,142.0,19
TAMAN KLUANG INDAH,Kluang,KLUANG,JOHOR | KLUANG,Johor,JOHOR,Freehold,Terrace House,Terrace House,Terrace House,Landed,250000.0,209.0,19
TAMAN SRI MAWAR I,Seremban,SEREMBAN,NEGERI SEMBILAN | SEREMBAN,Negeri Sembilan,NEGERI SEMBILAN,Freehold,Terrace House,Terrace House,Terrace House,Landed,250000.0,182.0,19
TAMAN SAUJANA INDAH,Bukit Katil,BUKIT KATIL,MELAKA | BUKIT KATIL,Melaka,MELAKA,Freehold,"Terrace House, Semi D, Town House","Semi D, Terrace House, Town House",Semi D,Landed,315000.0,194.0,19
TAMAN MUDA,Ampang,AMPANG,SELANGOR | AMPANG,Selangor,SELANGOR,Leasehold,Terrace House,Terrace House,Terrace House,Landed,500000.0,590.0,19
SEKSYEN 3 BANDAR BARU BANGI,Bangi,BANGI,SELANGOR | BANGI,Selangor,SELANGOR,Leasehold,Terrace House,Terrace House,Terrace House,Landed,590000.0,357.0,19
TAMAN CHERAS JAYA,Balakong,BALAKONG,SELANGOR | BALAKONG,Selangor,SELANGOR,Leasehold,Terrace House,Terrace House,Terrace House,Landed,425000.0,249.0,19
KOTA WARISAN,Dengkil,DENGKIL,SELANGOR | DENGKIL,Selangor,SELANGOR,Freehold,"Semi D, Terrace House","Semi D, Terrace House",Semi D,Landed,500000.0,260.0,19
TAMAN PUTERI,Kluang,KLUANG,JOHOR | KLUANG,Johor,JOHOR,Freehold,Terrace House,Terrace House,Terrace House,Landed,160000.0,128.0,19
TAMAN MALIHAH,Kuching,KUCHING,SARAWAK | KUCHING,Sarawak,SARAWAK,Leasehold,Terrace House,Terrace House,Terrace House,Landed,248000.0,133.0,19
Arcoris Residences,Mont Kiara,MONT KIARA,KUALA LUMPUR | MONT KIARA,Kuala Lumpur,KUALA LUMPUR,Freehold,Service Residence,Service Residence,Service Residence,High-Rise,1010000.0,1106.0,19
Putri Ria Apartment,Masai,MASAI,JOHOR | MASAI,Johor,JOHOR,Freehold,Apartment,Apartment,Apartment,High-Rise,265000.0,281.0,19
Sky View,Iskandar Puteri (Nusajaya),ISKANDAR PUTERI (NUSAJAYA),JOHOR | ISKANDAR PUTERI (NUSAJAYA),Johor,JOHOR,Freehold,Service Residence,Service Residence,Service Residence,High-Rise,410000.0,515.0,19
Prima Setapak Flat,Setapak,SETAPAK,KUALA LUMPUR | SETAPAK,Kuala Lumpur,KUALA LUMPUR,Leasehold,"Flat, Condominium","Condominium, Flat",Condominium,High-Rise,350000.0,301.0,19
The Spring,Jelutong,JELUTONG,PENANG | JELUTONG,Penang,PENANG,Leasehold,Condominium,Condominium,Condominium,High-Rise,520000.0,551.0,19
Vista Lavender,Bandar Kinrara,BANDAR KINRARA,SELANGOR | BANDAR KINRARA,Selangor,SELANGOR,Leasehold,Apartment,Apartment,Apartment,High-Rise,200000.0,235.0,19
The Capers @ Sentul East,Sentul,SENTUL,KUALA LUMPUR | SENTUL,Kuala Lumpur,KUALA LUMPUR,Freehold,Condominium,Condominium,Condominium,High-Rise,760000.0,590.0,19
Seri Mutiara,Setia Alam,SETIA ALAM,SELANGOR | SETIA ALAM,Selangor,SELANGOR,Freehold,Apartment,Apartment,Apartment,High-Rise,330000.0,348.0,19
Taman Penampang Apartment,Penampang,PENAMPANG,SABAH | PENAMPANG,Sabah,SABAH,Leasehold,Apartment,Apartment,Apartment,High-Rise,340000.0,336.0,19
Vista Seri Melalin,Tuaran,TUARAN,SABAH | TUARAN,Sabah,SABAH,Leasehold,Apartment,Apartment,Apartment,High-Rise,290000.0,287.0,19
Selesa I Resort Apartment (Pangsapuri Damai Mewah B),Kajang,KAJANG,SELANGOR | KAJANG,Selangor,SELANGOR,Freehold,Apartment,Apartment,Apartment,High-Rise,290000.0,302.0,19
Taman Ketiau,Penampang,PENAMPANG,SABAH | PENAMPANG,Sabah,SABAH,Leasehold,Flat,Flat,Flat,High-Rise,190000.0,284.0,19
Miami Green,Batu Ferringhi,BATU FERRINGHI,PENANG | BATU FERRINGHI,Penang,PENANG,Freehold,Condominium,Condominium,Condominium,High-Rise,530000.0,447.0,19
Pelangi Heights,Klang,KLANG,SELANGOR | KLANG,Selangor,SELANGOR,Freehold,Apartment,Apartment,Apartment,High-Rise,375000.0,325.0,19
Sandilands,Georgetown,GEORGETOWN,PENANG | GEORGETOWN,Penang,PENANG,Freehold,Condominium,Condominium,Condominium,High-Rise,838000.0,623.0,19
Taman Melor,Tampoi,TAMPOI,JOHOR | TAMPOI,Johor,JOHOR,Leasehold,Flat,Flat,Flat,High-Rise,115000.0,232.0,19
TAMAN PD UTAMA,Port Dickson,PORT DICKSON,NEGERI SEMBILAN | PORT DICKSON,Negeri Sembilan,NEGERI SEMBILAN,Freehold,Terrace House,Terrace House,Terrace House,Landed,195000.0,136.0,18
SS18,Subang Jaya,SUBANG JAYA,SELANGOR | SUBANG JAYA,Selangor,SELANGOR,Freehold,"Terrace House, Semi D","Semi D, Terrace House",Semi D,Landed,810000.0,463.0,18
SS1 PETALING JAYA,Petaling Jaya,PETALING JAYA,SELANGOR | PETALING JAYA,Selangor,SELANGOR,Freehold,"Bungalow, Terrace House","Bungalow, Terrace House",Bungalow,Landed,1365000.0,310.0,18
KAJANG 2,Semenyih,SEMENYIH,SELANGOR | SEMENYIH,Selangor,SELANGOR,Freehold,Terrace House,Terrace House,Terrace House,Landed,869000.0,603.0,18
TAMAN JASA RIA (JESSELTON HILLS),Bukit Mertajam,BUKIT MERTAJAM,PENANG | BUKIT MERTAJAM,Penang,PENANG,Freehold,Semi D,Semi D,Semi D,Landed,1043800.0,336.0,18
TAMAN SEJATI LAKESIDE,Cyberjaya,CYBERJAYA,SELANGOR | CYBERJAYA,Selangor,SELANGOR,Freehold,Terrace House,Terrace House,Terrace House,Landed,1311150.0,587.0,18
TAMAN SERI DAGANG 3,Tanjong Duabelas,TANJONG DUABELAS,SELANGOR | TANJONG DUABELAS,Selangor,SELANGOR,Leasehold,"Semi D, Terrace House","Semi D, Terrace House",Semi D,Landed,386500.0,189.0,18
PEARL IMPIANA,Simpang Ampat,SIMPANG AMPAT,PENANG | SIMPANG AMPAT,Penang,PENANG,Freehold,"Terrace House, Semi D","Semi D, Terrace House",Semi D,Landed,637000.0,504.0,18
TAMAN JASA INTAN FASA II,Bukit Mertajam,BUKIT MERTAJAM,PENANG | BUKIT MERTAJAM,Penang,PENANG,Freehold,Terrace House,Terrace House,Terrace House,Landed,788800.0,434.0,18
"P/L 1280, KAMPUNG KOLAM",Rompin,ROMPIN,PAHANG | ROMPIN,Pahang,PAHANG,Freehold,Terrace House,Terrace House,Terrace House,Landed,210000.0,129.0,18
BK 2 - PERUMAHAN KINRARA,Bandar Kinrara,BANDAR KINRARA,SELANGOR | BANDAR KINRARA,Selangor,SELANGOR,Freehold,Terrace House,Terrace House,Terrace House,Landed,674000.0,463.0,18
TAMAN SUNGAI RAMBAI DAMAI,Sungai Rambai,SUNGAI RAMBAI,MELAKA | SUNGAI RAMBAI,Melaka,MELAKA,Leasehold,Terrace House,Terrace House,Terrace House,Landed,304200.0,154.0,18
TAMAN MACHANG BUBOK,Bukit Mertajam,BUKIT MERTAJAM,PENANG | BUKIT MERTAJAM,Penang,PENANG,Freehold,Terrace House,Terrace House,Terrace House,Landed,480000.0,387.0,18
TAMAN SUBANG MEWAH,Subang Jaya,SUBANG JAYA,SELANGOR | SUBANG JAYA,Selangor,SELANGOR,Leasehold,Terrace House,Terrace House,Terrace House,Landed,665000.0,370.0,18
BUKIT ANGGERIK,Cheras,CHERAS,KUALA LUMPUR | CHERAS,Kuala Lumpur,KUALA LUMPUR,Leasehold,Terrace House,Terrace House,Terrace House,Landed,493000.0,308.0,18
TAMAN SIMPANG BERSATU,Taiping,TAIPING,PERAK | TAIPING,Perak,PERAK,Freehold,Terrace House,Terrace House,Terrace House,Landed,528800.0,317.0,18
TAMAN IPOH JAYA,Ipoh,IPOH,PERAK | IPOH,Perak,PERAK,Leasehold,Terrace House,Terrace House,Terrace House,Landed,234000.0,250.0,18
TAMAN BANDAR BARU LAHAT,Lahat,LAHAT,PERAK | LAHAT,Perak,PERAK,Leasehold,Terrace House,Terrace House,Terrace House,Landed,255100.0,239.0,18
BANDAR BARU SELAYANG,Selayang,SELAYANG,SELANGOR | SELAYANG,Selangor,SELANGOR,Leasehold,Terrace House,Terrace House,Terrace House,Landed,650000.0,396.0,18
BANDAR MANJALARA,Bandar Menjalara,BANDAR MENJALARA,KUALA LUMPUR | BANDAR MENJALARA,Kuala Lumpur,KUALA LUMPUR,Leasehold,Terrace House,Terrace House,Terrace House,Landed,850000.0,599.0,18
TAMAN SUNGAI BESI INDAH,Seri Kembangan,SERI KEMBANGAN,SELANGOR | SERI KEMBANGAN,Selangor,SELANGOR,Mixed,"Terrace House, Bungalow","Bungalow, Terrace House",Bungalow,Landed,480000.0,352.0,18
TAMAN INTAN PERDANA,Telok Kemang,TELOK KEMANG,NEGERI SEMBILAN | TELOK KEMANG,Negeri Sembilan,NEGERI SEMBILAN,Mixed,Terrace House,Terrace House,Terrace House,Landed,220000.0,154.0,18
MEDAN KLEBANG RESTU,Chemor,CHEMOR,PERAK | CHEMOR,Perak,PERAK,Freehold,Terrace House,Terrace House,Terrace House,Landed,235000.0,172.0,18
TAMAN PERTAMA INDAH ~ JALAN BAKRI,Bakri,BAKRI,JOHOR | BAKRI,Johor,JOHOR,Freehold,Terrace House,Terrace House,Terrace House,Landed,820000.0,373.0,18
PRIMA SP BAIDURI (SP 1),Sungai Petani,SUNGAI PETANI,KEDAH | SUNGAI PETANI,Kedah,KEDAH,Freehold,Terrace House,Terrace House,Terrace House,Landed,270000.0,179.0,18
DESA PINGGIRAN PUTRA,Dengkil,DENGKIL,SELANGOR | DENGKIL,Selangor,SELANGOR,Leasehold,"Bungalow, Terrace House","Bungalow, Terrace House",Bungalow,Landed,402500.0,203.0,18
PUTRAJAYA PRESINT 14,Putrajaya,PUTRAJAYA,PUTRAJAYA | PUTRAJAYA,Putrajaya,PUTRAJAYA,Freehold,"Bungalow, Terrace House","Bungalow, Terrace House",Bungalow,Landed,1260000.0,569.0,18
TAMAN BEMBAN RAYA,Batu Gajah,BATU GAJAH,PERAK | BATU GAJAH,Perak,PERAK,Leasehold,Terrace House,Terrace House,Terrace House,Landed,238000.0,154.0,18
TAMAN DESA,Taman Desa,TAMAN DESA,KUALA LUMPUR | TAMAN DESA,Kuala Lumpur,KUALA LUMPUR,Freehold,Terrace House,Terrace House,Terrace House,Landed,1425000.0,672.0,18
TAMAN KEMPAS,Tampoi,TAMPOI,JOHOR | TAMPOI,Johor,JOHOR,Freehold,Terrace House,Terrace House,Terrace House,Landed,390000.0,311.0,18
PUTRAJAYA PRESINT 11,Putrajaya,PUTRAJAYA,PUTRAJAYA | PUTRAJAYA,Putrajaya,PUTRAJAYA,Freehold,"Semi D, Terrace House","Semi D, Terrace House",Semi D,Landed,880000.0,465.0,18
TAMAN GEMBIRA,Klang,KLANG,SELANGOR | KLANG,Selangor,SELANGOR,Freehold,Terrace House,Terrace House,Terrace House,Landed,532500.0,323.0,18
TAMAN SALAK IDAMAN,Sepang,SEPANG,SELANGOR | SEPANG,Selangor,SELANGOR,Freehold,Terrace House,Terrace House,Terrace House,Landed,396500.0,274.0,18
Taman Desa Ilmu,Kota Samarahan,KOTA SAMARAHAN,SARAWAK | KOTA SAMARAHAN,Sarawak,SARAWAK,Leasehold,"Apartment, Flat","Apartment, Flat",Apartment,High-Rise,170000.0,259.0,18
Impian Senibong Apartment,Permas Jaya,PERMAS JAYA,JOHOR | PERMAS JAYA,Johor,JOHOR,Leasehold,Apartment,Apartment,Apartment,High-Rise,375000.0,367.0,18
Taman Bukit Jambul,Bukit Jambul,BUKIT JAMBUL,PENANG | BUKIT JAMBUL,Penang,PENANG,Freehold,Flat,Flat,Flat,High-Rise,263000.0,311.0,18
Tropez Residences,Johor Bahru,JOHOR BAHRU,JOHOR | JOHOR BAHRU,Johor,JOHOR,Freehold,Service Residence,Service Residence,Service Residence,High-Rise,395000.0,508.0,18
Casa Subang,Subang Jaya,SUBANG JAYA,SELANGOR | SUBANG JAYA,Selangor,SELANGOR,Freehold,Service Residence,Service Residence,Service Residence,High-Rise,550000.0,516.0,18
The Pines Residence,Gelang Patah,GELANG PATAH,JOHOR | GELANG PATAH,Johor,JOHOR,Leasehold,Apartment,Apartment,Apartment,High-Rise,330000.0,325.0,18
Flat Taman Alam Megah,Shah Alam,SHAH ALAM,SELANGOR | SHAH ALAM,Selangor,SELANGOR,Freehold,Flat,Flat,Flat,High-Rise,169000.0,280.0,18
Forest Green,Bandar Sungai Long,BANDAR SUNGAI LONG,SELANGOR | BANDAR SUNGAI LONG,Selangor,SELANGOR,Freehold,Condominium,Condominium,Condominium,High-Rise,600000.0,599.0,18
Jentayu,Skudai,SKUDAI,JOHOR | SKUDAI,Johor,JOHOR,Freehold,Flat,Flat,Flat,High-Rise,130000.0,195.0,18
Balau,Masai,MASAI,JOHOR | MASAI,Johor,JOHOR,Freehold,Flat,Flat,Flat,High-Rise,146000.0,228.0,18
Park Avenue,Tampoi,TAMPOI,JOHOR | TAMPOI,Johor,JOHOR,Leasehold,Apartment,Apartment,Apartment,High-Rise,183750.0,267.0,18
Amadesa Resort Condominium,Desa Petaling,DESA PETALING,KUALA LUMPUR | DESA PETALING,Kuala Lumpur,KUALA LUMPUR,Leasehold,Condominium,Condominium,Condominium,High-Rise,350000.0,323.0,18
Angsana,Subang Jaya,SUBANG JAYA,SELANGOR | SUBANG JAYA,Selangor,SELANGOR,Leasehold,Flat,Flat,Flat,High-Rise,211000.0,321.0,18
PD Marina World Resort,Port Dickson,PORT DICKSON,NEGERI SEMBILAN | PORT DICKSON,Negeri Sembilan,NEGERI SEMBILAN,Freehold,Condominium,Condominium,Condominium,High-Rise,90500.0,138.0,18
Pangsapuri Baiduri,Beranang,BERANANG,SELANGOR | BERANANG,Selangor,SELANGOR,Freehold,Flat,Flat,Flat,High-Rise,119000.0,170.0,18
Sky Oasis Residence (Pangsapuri Oasis 1),Johor Bahru,JOHOR BAHRU,JOHOR | JOHOR BAHRU,Johor,JOHOR,Freehold,Service Residence,Service Residence,Service Residence,High-Rise,400000.0,459.0,18
Sky Loft Premium Suites,Iskandar Puteri (Nusajaya),ISKANDAR PUTERI (NUSAJAYA),JOHOR | ISKANDAR PUTERI (NUSAJAYA),Johor,JOHOR,Freehold,Service Residence,Service Residence,Service Residence,High-Rise,550000.0,442.0,18
Bukit Cheras,Cheras,CHERAS,KUALA LUMPUR | CHERAS,Kuala Lumpur,KUALA LUMPUR,Freehold,Flat,Flat,Flat,High-Rise,160000.0,263.0,18
Verve Suites KL South,Jalan Klang Lama (Old Klang Road),JALAN KLANG LAMA (OLD KLANG ROAD),KUALA LUMPUR | JALAN KLANG LAMA (OLD KLANG ROAD),Kuala Lumpur,KUALA LUMPUR,Freehold,Service Residence,Service Residence,Service Residence,High-Rise,778800.0,1097.0,18
Seri Puteri Hills,Puchong,PUCHONG,SELANGOR | PUCHONG,Selangor,SELANGOR,Freehold,Condominium,Condominium,Condominium,High-Rise,1109000.0,686.0,18
TAMAN KULIM TECHNOCITY FASA 1,Kulim,KULIM,KEDAH | KULIM,Kedah,KEDAH,Freehold,Terrace House,Terrace House,Terrace House,Landed,320000.0,222.0,17
SUNWAY ALAM SURIA,Shah Alam,SHAH ALAM,SELANGOR | SHAH ALAM,Selangor,SELANGOR,Leasehold,Terrace House,Terrace House,Terrace House,Landed,700000.0,395.0,17
SS21 DAMANSARA UTAMA,Petaling Jaya,PETALING JAYA,SELANGOR | PETALING JAYA,Selangor,SELANGOR,Freehold,Terrace House,Terrace House,Terrace House,Landed,1140000.0,689.0,17
PJS 9,Bandar Sunway,BANDAR SUNWAY,SELANGOR | BANDAR SUNWAY,Selangor,SELANGOR,Leasehold,Terrace House,Terrace House,Terrace House,Landed,940000.0,549.0,17
NUSARI AMAN 2,Bandar Sri Sendayan,BANDAR SRI SENDAYAN,NEGERI SEMBILAN | BANDAR SRI SENDAYAN,Negeri Sembilan,NEGERI SEMBILAN,Freehold,"Semi D, Terrace House","Semi D, Terrace House",Semi D,Landed,500000.0,227.0,17
ECO HORIZON (FASA1),Batu Kawan,BATU KAWAN,PENANG | BATU KAWAN,Penang,PENANG,Freehold,Terrace House,Terrace House,Terrace House,Landed,1000000.0,556.0,17
HIJAUAN SELAYANG,Selayang,SELAYANG,SELANGOR | SELAYANG,Selangor,SELANGOR,Leasehold,Terrace House,Terrace House,Terrace House,Landed,1498800.0,1071.0,17
TAMAN TOPAZ @ SELANGORKU,Dengkil,DENGKIL,SELANGOR | DENGKIL,Selangor,SELANGOR,Freehold,Terrace House,Terrace House,Terrace House,Landed,250000.0,192.0,17
TAMAN KUALA LIPIS,Kuala Lipis,KUALA LIPIS,PAHANG | KUALA LIPIS,Pahang,PAHANG,Freehold,Terrace House,Terrace House,Terrace House,Landed,275000.0,179.0,17
SENTRAL BEHRANG,Ulu Bernam,ULU BERNAM,PERAK | ULU BERNAM,Perak,PERAK,Leasehold,"Terrace House, Cluster House","Cluster House, Terrace House",Cluster House,Landed,398888.0,285.0,17
TROPICANA HEIGHTS,Kajang,KAJANG,SELANGOR | KAJANG,Selangor,SELANGOR,Freehold,"Town House, Terrace House","Terrace House, Town House",Terrace House,Landed,833300.0,455.0,17
TAMAN JASMIN [SENAWANG],Senawang,SENAWANG,NEGERI SEMBILAN | SENAWANG,Negeri Sembilan,NEGERI SEMBILAN,Leasehold,"Town House, Terrace House","Terrace House, Town House",Terrace House,Landed,150000.0,153.0,17
TAMAN CERMAI,Muar,MUAR,JOHOR | MUAR,Johor,JOHOR,Freehold,Terrace House,Terrace House,Terrace House,Landed,895000.0,630.0,17
TAMAN MANTAU INDAH,Seremban 2,SEREMBAN 2,NEGERI SEMBILAN | SEREMBAN 2,Negeri Sembilan,NEGERI SEMBILAN,Freehold,Terrace House,Terrace House,Terrace House,Landed,300000.0,200.0,17
TAMAN WARISAN HIJAUAN,Dengkil,DENGKIL,SELANGOR | DENGKIL,Selangor,SELANGOR,Mixed,Terrace House,Terrace House,Terrace House,Landed,493000.0,261.0,17
SHAHZAN,Kuantan,KUANTAN,PAHANG | KUANTAN,Pahang,PAHANG,Freehold,Terrace House,Terrace House,Terrace House,Landed,310000.0,210.0,17
BANDAR BARU BUKIT MENTOK,Kemaman,KEMAMAN,TERENGGANU | KEMAMAN,Terengganu,TERENGGANU,Leasehold,Terrace House,Terrace House,Terrace House,Landed,213000.0,113.0,17
TAMAN DESA BIDARA,Kuala Ketil,KUALA KETIL,KEDAH | KUALA KETIL,Kedah,KEDAH,Freehold,Terrace House,Terrace House,Terrace House,Landed,215000.0,144.0,17
SEKSYEN 8 BANDAR BARU BANGI,Bangi,BANGI,SELANGOR | BANGI,Selangor,SELANGOR,Leasehold,Terrace House,Terrace House,Terrace House,Landed,590000.0,384.0,17
DANGA SUTERA,Skudai,SKUDAI,JOHOR | SKUDAI,Johor,JOHOR,Freehold,"Terrace House, Semi D","Semi D, Terrace House",Semi D,Landed,892000.0,531.0,17
TAMAN DESA LANG INDAH,Ipoh,IPOH,PERAK | IPOH,Perak,PERAK,Mixed,Terrace House,Terrace House,Terrace House,Landed,528800.0,315.0,17
USJ 5,Subang Jaya,SUBANG JAYA,SELANGOR | SUBANG JAYA,Selangor,SELANGOR,Freehold,"Semi D, Bungalow, Terrace House","Bungalow, Semi D, Terrace House",Bungalow,Landed,1600000.0,569.0,17
TAMAN PERMATA PENAWAR,Pengerang,PENGERANG,JOHOR | PENGERANG,Johor,JOHOR,Leasehold,Terrace House,Terrace House,Terrace House,Landed,386200.0,272.0,17
TAMAN SRI UNAS 2,Muar,MUAR,JOHOR | MUAR,Johor,JOHOR,Freehold,"Bungalow, Semi D","Bungalow, Semi D",Bungalow,Landed,394000.0,155.0,17
TAMAN HALAMAN INDAH,Sungai Jawi,SUNGAI JAWI,PENANG | SUNGAI JAWI,Penang,PENANG,Freehold,Terrace House,Terrace House,Terrace House,Landed,340000.0,248.0,17
TAMAN BUKIT MEWAH,Tampoi,TAMPOI,JOHOR | TAMPOI,Johor,JOHOR,Freehold,Terrace House,Terrace House,Terrace House,Landed,540000.0,415.0,17
TAMAN SCIENTEX KULAI 2,Kulai,KULAI,JOHOR | KULAI,Johor,JOHOR,Freehold,"Terrace House, Cluster House","Cluster House, Terrace House",Cluster House,Landed,440000.0,281.0,17
TAMAN DESA CEMPAKA,Nilai,NILAI,NEGERI SEMBILAN | NILAI,Negeri Sembilan,NEGERI SEMBILAN,Freehold,Terrace House,Terrace House,Terrace House,Landed,350000.0,200.0,17
TAMAN SRI BAYU,Sepang,SEPANG,SELANGOR | SEPANG,Selangor,SELANGOR,Freehold,"Semi D, Terrace House","Semi D, Terrace House",Semi D,Landed,267000.0,123.0,17
P/L 3214 JALAN KEBUN,Klang,KLANG,SELANGOR | KLANG,Selangor,SELANGOR,Freehold,Semi D,Semi D,Semi D,Landed,599800.0,248.0,17
TAMAN SUTERA,Kulai,KULAI,JOHOR | KULAI,Johor,JOHOR,Freehold,Terrace House,Terrace House,Terrace House,Landed,360000.0,268.0,17
ARA DAMANSARA,Ara Damansara,ARA DAMANSARA,SELANGOR | ARA DAMANSARA,Selangor,SELANGOR,Freehold,"Bungalow, Terrace House","Bungalow, Terrace House",Bungalow,Landed,1300000.0,729.0,17
TAMAN SERAI WANGI,Padang Serai,PADANG SERAI,KEDAH | PADANG SERAI,Kedah,KEDAH,Freehold,Terrace House,Terrace House,Terrace House,Landed,270000.0,209.0,17
TAMAN LEMBAH MERBOK,Merbok,MERBOK,KEDAH | MERBOK,Kedah,KEDAH,Freehold,Terrace House,Terrace House,Terrace House,Landed,210000.0,150.0,17
TAMAN SRI WANG,Sungai Petani,SUNGAI PETANI,KEDAH | SUNGAI PETANI,Kedah,KEDAH,Freehold,Terrace House,Terrace House,Terrace House,Landed,200000.0,177.0,17
OFF JALAN MERU,Klang,KLANG,SELANGOR | KLANG,Selangor,SELANGOR,Freehold,Terrace House,Terrace House,Terrace House,Landed,500000.0,274.0,17
USJ 9,Subang Jaya,SUBANG JAYA,SELANGOR | SUBANG JAYA,Selangor,SELANGOR,Freehold,Terrace House,Terrace House,Terrace House,Landed,850000.0,484.0,17
TAMAN PUCHONG INDAH,Puchong,PUCHONG,SELANGOR | PUCHONG,Selangor,SELANGOR,Leasehold,Terrace House,Terrace House,Terrace House,Landed,400000.0,334.0,17
TAMAN BERTAM SETIA,Tanjong Minyak,TANJONG MINYAK,MELAKA | TANJONG MINYAK,Melaka,MELAKA,Freehold,"Terrace House, Semi D","Semi D, Terrace House",Semi D,Landed,344000.0,203.0,17
TAMAN KASTURI,Sitiawan,SITIAWAN,PERAK | SITIAWAN,Perak,PERAK,Freehold,Terrace House,Terrace House,Terrace House,Landed,623800.0,357.0,17
TAMAN MEWAH JAYA,Klang,KLANG,SELANGOR | KLANG,Selangor,SELANGOR,Freehold,Terrace House,Terrace House,Terrace House,Landed,450000.0,320.0,17
TAMAN VISTA KIRANA,Bukit Katil,BUKIT KATIL,MELAKA | BUKIT KATIL,Melaka,MELAKA,Leasehold,"Bungalow, Semi D","Bungalow, Semi D",Bungalow,Landed,707000.0,136.0,17
TAMAN AIR KEROH FASA 1-3,Bukit Katil,BUKIT KATIL,MELAKA | BUKIT KATIL,Melaka,MELAKA,Leasehold,Terrace House,Terrace House,Terrace House,Landed,220000.0,159.0,17
TABUAN HEIGHTS,Kuching,KUCHING,SARAWAK | KUCHING,Sarawak,SARAWAK,Freehold,Terrace House,Terrace House,Terrace House,Landed,700000.0,302.0,17
TAMAN MANTIN PUTRA,Mantin,MANTIN,NEGERI SEMBILAN | MANTIN,Negeri Sembilan,NEGERI SEMBILAN,Freehold,"Semi D, Terrace House","Semi D, Terrace House",Semi D,Landed,550000.0,160.0,17
TAMAN HILIR,Melaka City,MELAKA CITY,MELAKA | MELAKA CITY,Melaka,MELAKA,Freehold,Terrace House,Terrace House,Terrace House,Landed,430000.0,279.0,17
REJANG PARK,Sibu,SIBU,SARAWAK | SIBU,Sarawak,SARAWAK,Leasehold,Terrace House,Terrace House,Terrace House,Landed,380000.0,197.0,17
TAMAN KAJANG UTAMA,Kajang,KAJANG,SELANGOR | KAJANG,Selangor,SELANGOR,Freehold,"Terrace House, Town House","Terrace House, Town House",Terrace House,Landed,410000.0,293.0,17
TAMAN LEMBAH PERMAI,Sungai Lalang,SUNGAI LALANG,KEDAH | SUNGAI LALANG,Kedah,KEDAH,Freehold,Terrace House,Terrace House,Terrace House,Landed,230000.0,147.0,17
TAMAN AUSTIN PERDANA,Tebrau,TEBRAU,JOHOR | TEBRAU,Johor,JOHOR,Freehold,"Semi D, Terrace House","Semi D, Terrace House",Semi D,Landed,670000.0,434.0,17
Casa Tropicana,Tropicana,TROPICANA,SELANGOR | TROPICANA,Selangor,SELANGOR,Leasehold,Condominium,Condominium,Condominium,High-Rise,540000.0,464.0,17
The Pearl (Pearl Point),Jalan Klang Lama (Old Klang Road),JALAN KLANG LAMA (OLD KLANG ROAD),KUALA LUMPUR | JALAN KLANG LAMA (OLD KLANG ROAD),Kuala Lumpur,KUALA LUMPUR,Freehold,Condominium,Condominium,Condominium,High-Rise,400000.0,368.0,17
Epic Residence,Johor Bahru,JOHOR BAHRU,JOHOR | JOHOR BAHRU,Johor,JOHOR,Mixed,Apartment,Apartment,Apartment,High-Rise,410000.0,328.0,17
Gat Lebuh Macallum,Georgetown,GEORGETOWN,PENANG | GEORGETOWN,Penang,PENANG,Leasehold,Flat,Flat,Flat,High-Rise,175000.0,342.0,17
Sri Putramas III / Royal Regent,Jalan Kuching,JALAN KUCHING,KUALA LUMPUR | JALAN KUCHING,Kuala Lumpur,KUALA LUMPUR,Freehold,Condominium,Condominium,Condominium,High-Rise,710000.0,455.0,17
Pangsapuri Permai,Sungai Besi,SUNGAI BESI,KUALA LUMPUR | SUNGAI BESI,Kuala Lumpur,KUALA LUMPUR,Leasehold,Apartment,Apartment,Apartment,High-Rise,210000.0,325.0,17
Residensi Warnasari 3,Bandar Puncak Alam,BANDAR PUNCAK ALAM,SELANGOR | BANDAR PUNCAK ALAM,Selangor,SELANGOR,Leasehold,Apartment,Apartment,Apartment,High-Rise,185000.0,257.0,17
The WaterEdge (Pinggiran Air),Permas Jaya,PERMAS JAYA,JOHOR | PERMAS JAYA,Johor,JOHOR,Freehold,Condominium,Condominium,Condominium,High-Rise,640000.0,555.0,17
Maisson,Ara Damansara,ARA DAMANSARA,SELANGOR | ARA DAMANSARA,Selangor,SELANGOR,Freehold,Service Residence,Service Residence,Service Residence,High-Rise,535000.0,619.0,17
Quayside Condominium,Tanjong Tokong,TANJONG TOKONG,PENANG | TANJONG TOKONG,Penang,PENANG,Freehold,Condominium,Condominium,Condominium,High-Rise,1510000.0,967.0,17
Danau Idaman,Taman Desa,TAMAN DESA,KUALA LUMPUR | TAMAN DESA,Kuala Lumpur,KUALA LUMPUR,Leasehold,Condominium,Condominium,Condominium,High-Rise,395000.0,422.0,17
Pangsapuri Wira,Cheras,CHERAS,SELANGOR | CHERAS,Selangor,SELANGOR,Freehold,Apartment,Apartment,Apartment,High-Rise,256000.0,313.0,17
Mewah View Luxurious Apartments,Tampoi,TAMPOI,JOHOR | TAMPOI,Johor,JOHOR,Freehold,Apartment,Apartment,Apartment,High-Rise,400000.0,292.0,17
Sunny Ville Condominium,Gelugor,GELUGOR,PENANG | GELUGOR,Penang,PENANG,Freehold,Condominium,Condominium,Condominium,High-Rise,390000.0,420.0,17
Taman Desa Relau 2,Relau,RELAU,PENANG | RELAU,Penang,PENANG,Freehold,Apartment,Apartment,Apartment,High-Rise,290000.0,385.0,17
Seri Mengkuang,Gelang Patah,GELANG PATAH,JOHOR | GELANG PATAH,Johor,JOHOR,Leasehold,Apartment,Apartment,Apartment,High-Rise,180000.0,226.0,17
Endah Villa,Sri Petaling,SRI PETALING,KUALA LUMPUR | SRI PETALING,Kuala Lumpur,KUALA LUMPUR,Leasehold,Condominium,Condominium,Condominium,High-Rise,360000.0,319.0,17
Pangsapuri Nusa Indah,Bukit Mertajam,BUKIT MERTAJAM,PENANG | BUKIT MERTAJAM,Penang,PENANG,Freehold,Apartment,Apartment,Apartment,High-Rise,130000.0,173.0,17
Impiana,Iskandar Puteri (Nusajaya),ISKANDAR PUTERI (NUSAJAYA),JOHOR | ISKANDAR PUTERI (NUSAJAYA),Johor,JOHOR,Freehold,Apartment,Apartment,Apartment,High-Rise,460000.0,415.0,17
D'Cassia,Semenyih,SEMENYIH,SELANGOR | SEMENYIH,Selangor,SELANGOR,Freehold,Apartment,Apartment,Apartment,High-Rise,260000.0,306.0,17
Angkasa Apartment,Kota Kinabalu,KOTA KINABALU,SABAH | KOTA KINABALU,Sabah,SABAH,Leasehold,Apartment,Apartment,Apartment,High-Rise,300000.0,353.0,17
Desa Palma,Nilai,NILAI,NEGERI SEMBILAN | NILAI,Negeri Sembilan,NEGERI SEMBILAN,Freehold,Apartment,Apartment,Apartment,High-Rise,180000.0,228.0,17
Menara U,Shah Alam,SHAH ALAM,SELANGOR | SHAH ALAM,Selangor,SELANGOR,Leasehold,Service Residence,Service Residence,Service Residence,High-Rise,335000.0,586.0,17
Desa Green,Taman Desa,TAMAN DESA,KUALA LUMPUR | TAMAN DESA,Kuala Lumpur,KUALA LUMPUR,Freehold,Service Residence,Service Residence,Service Residence,High-Rise,480000.0,624.0,17
Menara Menjalara,Bandar Menjalara,BANDAR MENJALARA,KUALA LUMPUR | BANDAR MENJALARA,Kuala Lumpur,KUALA LUMPUR,Freehold,Condominium,Condominium,Condominium,High-Rise,430000.0,400.0,17
Kenari,Skudai,SKUDAI,JOHOR | SKUDAI,Johor,JOHOR,Freehold,Flat,Flat,Flat,High-Rise,130000.0,198.0,17
Flat Bukit Indah,Iskandar Puteri (Nusajaya),ISKANDAR PUTERI (NUSAJAYA),JOHOR | ISKANDAR PUTERI (NUSAJAYA),Johor,JOHOR,Freehold,Flat,Flat,Flat,High-Rise,200000.0,266.0,17
Idaman Senibong,Permas Jaya,PERMAS JAYA,JOHOR | PERMAS JAYA,Johor,JOHOR,Leasehold,Apartment,Apartment,Apartment,High-Rise,290000.0,344.0,17
Verve Suites,Mont Kiara,MONT KIARA,KUALA LUMPUR | MONT KIARA,Kuala Lumpur,KUALA LUMPUR,Freehold,Service Residence,Service Residence,Service Residence,High-Rise,719000.0,885.0,17
Permas Ville Apartment,Permas Jaya,PERMAS JAYA,JOHOR | PERMAS JAYA,Johor,JOHOR,Freehold,Apartment,Apartment,Apartment,High-Rise,400000.0,345.0,17
Perdana Exclusive,Damansara Perdana,DAMANSARA PERDANA,SELANGOR | DAMANSARA PERDANA,Selangor,SELANGOR,Leasehold,Condominium,Condominium,Condominium,High-Rise,340000.0,380.0,17
Leader Garden,Tanjung Bungah,TANJUNG BUNGAH,PENANG | TANJUNG BUNGAH,Penang,PENANG,Freehold,Condominium,Condominium,Condominium,High-Rise,440000.0,396.0,17
Saujana Apartment,Damansara Damai,DAMANSARA DAMAI,SELANGOR | DAMANSARA DAMAI,Selangor,SELANGOR,Leasehold,Apartment,Apartment,Apartment,High-Rise,220000.0,275.0,17
The Sky Executive Suites,Iskandar Puteri (Nusajaya),ISKANDAR PUTERI (NUSAJAYA),JOHOR | ISKANDAR PUTERI (NUSAJAYA),Johor,JOHOR,Freehold,Service Residence,Service Residence,Service Residence,High-Rise,460000.0,433.0,17
Apartment Seri Tulip,Serendah,SERENDAH,SELANGOR | SERENDAH,Selangor,SELANGOR,Freehold,Apartment,Apartment,Apartment,High-Rise,160000.0,198.0,17
TAMAN PERMAIPURA,Bedong,BEDONG,KEDAH | BEDONG,Kedah,KEDAH,Freehold,Terrace House,Terrace House,Terrace House,Landed,362000.0,246.0,16
TAMAN BUKIT INDAH,Ulu Klang,ULU KLANG,SELANGOR | ULU KLANG,Selangor,SELANGOR,Leasehold,"Bungalow, Terrace House","Bungalow, Terrace House",Bungalow,Landed,717500.0,548.0,16
TAMAN TUNKU MAHERAN,Jitra,JITRA,KEDAH | JITRA,Kedah,KEDAH,Freehold,Terrace House,Terrace House,Terrace House,Landed,255000.0,168.0,16
SS14,Subang Jaya,SUBANG JAYA,SELANGOR | SUBANG JAYA,Selangor,SELANGOR,Freehold,"Semi D, Terrace House","Semi D, Terrace House",Semi D,Landed,869000.0,390.0,16
M RESIDENCE,Rawang,RAWANG,SELANGOR | RAWANG,Selangor,SELANGOR,Freehold,Terrace House,Terrace House,Terrace House,Landed,623400.0,360.0,16
TAMAN PENGKALAN MINYAK DAMAI,Ayer Molek,AYER MOLEK,MELAKA | AYER MOLEK,Melaka,MELAKA,Freehold,"Terrace House, Cluster House","Cluster House, Terrace House",Cluster House,Landed,337834.0,129.0,16
HIJAYU 1,Bandar Sri Sendayan,BANDAR SRI SENDAYAN,NEGERI SEMBILAN | BANDAR SRI SENDAYAN,Negeri Sembilan,NEGERI SEMBILAN,Freehold,Terrace House,Terrace House,Terrace House,Landed,500000.0,283.0,16
"ALAM SURIA, PUNCAK ALAM",Bandar Puncak Alam,BANDAR PUNCAK ALAM,SELANGOR | BANDAR PUNCAK ALAM,Selangor,SELANGOR,Leasehold,"Terrace House, Cluster House","Cluster House, Terrace House",Cluster House,Landed,522500.0,288.0,16
SEREMBAN FOREST HEIGHTS,Ampangan,AMPANGAN,NEGERI SEMBILAN | AMPANGAN,Negeri Sembilan,NEGERI SEMBILAN,Freehold,Terrace House,Terrace House,Terrace House,Landed,637500.0,412.0,16
TAMAN COLONIAL,Raub,RAUB,PAHANG | RAUB,Pahang,PAHANG,Freehold,Terrace House,Terrace House,Terrace House,Landed,470000.0,285.0,16
TAMAN PUCHONG LAGENDA,Puchong,PUCHONG,SELANGOR | PUCHONG,Selangor,SELANGOR,Leasehold,Terrace House,Terrace House,Terrace House,Landed,1365000.0,947.0,16
YARRA PARK (EASTFIELD),Sungai Petani,SUNGAI PETANI,KEDAH | SUNGAI PETANI,Kedah,KEDAH,Freehold,Terrace House,Terrace House,Terrace House,Landed,405900.0,207.0,16
P/L : 10139,Kuantan,KUANTAN,PAHANG | KUANTAN,Pahang,PAHANG,Freehold,Terrace House,Terrace House,Terrace House,Landed,350000.0,183.0,16
TAMAN DESA SKUDAI,Skudai,SKUDAI,JOHOR | SKUDAI,Johor,JOHOR,Freehold,Terrace House,Terrace House,Terrace House,Landed,455000.0,222.0,16
TAMAN RIANG (SPU),Butterworth,BUTTERWORTH,PENANG | BUTTERWORTH,Penang,PENANG,Freehold,Terrace House,Terrace House,Terrace House,Landed,1044400.0,638.0,16
TAMAN SENTOSA PERDANA,Klang,KLANG,SELANGOR | KLANG,Selangor,SELANGOR,Freehold,Terrace House,Terrace House,Terrace House,Landed,539000.0,409.0,16
TAMAN DESA DAMAI,Bentong,BENTONG,PAHANG | BENTONG,Pahang,PAHANG,Freehold,Terrace House,Terrace House,Terrace House,Landed,240000.0,192.0,16
BANDAR LAHAT MINES,Lahat,LAHAT,PERAK | LAHAT,Perak,PERAK,Leasehold,Cluster House,Cluster House,Cluster House,Landed,499440.0,232.0,16
TAMAN CEMPAKA (TELUI KIRI),Teloi Kiri,TELOI KIRI,KEDAH | TELOI KIRI,Kedah,KEDAH,Freehold,Terrace House,Terrace House,Terrace House,Landed,180000.0,118.0,16
TAMAN SRI GEDONG,Sungai Petani,SUNGAI PETANI,KEDAH | SUNGAI PETANI,Kedah,KEDAH,Freehold,Terrace House,Terrace House,Terrace House,Landed,232500.0,159.0,16
TAMAN PUCHONG PRIMA,Puchong,PUCHONG,SELANGOR | PUCHONG,Selangor,SELANGOR,Freehold,Terrace House,Terrace House,Terrace House,Landed,562500.0,451.0,16
CAHAYA ALAM,Shah Alam,SHAH ALAM,SELANGOR | SHAH ALAM,Selangor,SELANGOR,Leasehold,Terrace House,Terrace House,Terrace House,Landed,1209750.0,533.0,16
SAUJANA PERDANA,Ijok,IJOK,SELANGOR | IJOK,Selangor,SELANGOR,Leasehold,Terrace House,Terrace House,Terrace House,Landed,500000.0,410.0,16
TAMAN BAGAN,Butterworth,BUTTERWORTH,PENANG | BUTTERWORTH,Penang,PENANG,Freehold,Terrace House,Terrace House,Terrace House,Landed,655000.0,389.0,16
TAMAN SRI BUNUT,Tanjong Duabelas,TANJONG DUABELAS,SELANGOR | TANJONG DUABELAS,Selangor,SELANGOR,Freehold,Terrace House,Terrace House,Terrace House,Landed,669000.0,328.0,16
"SEKSYEN 32, SHAH ALAM",Shah Alam,SHAH ALAM,SELANGOR | SHAH ALAM,Selangor,SELANGOR,Freehold,"Semi D, Terrace House","Semi D, Terrace House",Semi D,Landed,487500.0,316.0,16
LAKE FIELD - MEADOWS & GLADES,Sungai Besi,SUNGAI BESI,KUALA LUMPUR | SUNGAI BESI,Kuala Lumpur,KUALA LUMPUR,Leasehold,Terrace House,Terrace House,Terrace House,Landed,1325000.0,751.0,16
"TAMAN TROPIKA, JEMENTAH",Jementah,JEMENTAH,JOHOR | JEMENTAH,Johor,JOHOR,Freehold,Terrace House,Terrace House,Terrace House,Landed,385000.0,241.0,16
TAMAN SRI PALOH,Paloh,PALOH,JOHOR | PALOH,Johor,JOHOR,Freehold,"Terrace House, Semi D","Semi D, Terrace House",Semi D,Landed,308000.0,200.0,16
TAMAN APAS PERMAI,Tawau,TAWAU,SABAH | TAWAU,Sabah,SABAH,Leasehold,Terrace House,Terrace House,Terrace House,Landed,195000.0,117.0,16
TAMAN JAWI JAYA,Sungai Jawi,SUNGAI JAWI,PENANG | SUNGAI JAWI,Penang,PENANG,Freehold,Semi D,Semi D,Semi D,Landed,459000.0,195.0,16
BANDAR BARU BARAT,Kampar,KAMPAR,PERAK | KAMPAR,Perak,PERAK,Leasehold,Terrace House,Terrace House,Terrace House,Landed,300000.0,270.0,16
BANDAR BARU SEGARI,Lumut,LUMUT,PERAK | LUMUT,Perak,PERAK,Leasehold,Cluster House,Cluster House,Cluster House,Landed,328000.0,156.0,16
LUYANG PERDANA,Kota Kinabalu,KOTA KINABALU,SABAH | KOTA KINABALU,Sabah,SABAH,Leasehold,"Town House, Semi D, Terrace House","Semi D, Terrace House, Town House",Semi D,Landed,1040000.0,537.0,16
TAMAN INDAH PERMAI,Kota Kinabalu,KOTA KINABALU,SABAH | KOTA KINABALU,Sabah,SABAH,Leasehold,Terrace House,Terrace House,Terrace House,Landed,520000.0,335.0,16
TAMAN BATU PAHAT,Batu Pahat,BATU PAHAT,JOHOR | BATU PAHAT,Johor,JOHOR,Freehold,"Terrace House, Semi D","Semi D, Terrace House",Semi D,Landed,300000.0,167.0,16
TAMAN SELASEH,Batu Caves,BATU CAVES,SELANGOR | BATU CAVES,Selangor,SELANGOR,Leasehold,Terrace House,Terrace House,Terrace House,Landed,550000.0,340.0,16
TAMAN JAYA UTAMA,Telok Panglima Garang,TELOK PANGLIMA GARANG,SELANGOR | TELOK PANGLIMA GARANG,Selangor,SELANGOR,Freehold,Terrace House,Terrace House,Terrace House,Landed,385000.0,302.0,16
TAMAN KULIM UTAMA,Kulim,KULIM,KEDAH | KULIM,Kedah,KEDAH,Freehold,"Terrace House, Semi D","Semi D, Terrace House",Semi D,Landed,490000.0,232.0,16
TAMAN NUSA PERINTIS II,Iskandar Puteri (Nusajaya),ISKANDAR PUTERI (NUSAJAYA),JOHOR | ISKANDAR PUTERI (NUSAJAYA),Johor,JOHOR,Freehold,Terrace House,Terrace House,Terrace House,Landed,498500.0,409.0,16
COUNTRY HEIGHTS,Kajang,KAJANG,SELANGOR | KAJANG,Selangor,SELANGOR,Mixed,"Town House, Bungalow","Bungalow, Town House",Bungalow,Landed,499500.0,346.0,16
TAMAN CAHAYA SURIA,Alor Setar,ALOR SETAR,KEDAH | ALOR SETAR,Kedah,KEDAH,Freehold,"Terrace House, Semi D","Semi D, Terrace House",Semi D,Landed,311111.0,206.0,16
TAMAN MUZAFFAR SHAH,Bukit Katil,BUKIT KATIL,MELAKA | BUKIT KATIL,Melaka,MELAKA,Leasehold,"Terrace House, Semi D","Semi D, Terrace House",Semi D,Landed,280000.0,172.0,16
TAMAN MUTIARA MAS,Skudai,SKUDAI,JOHOR | SKUDAI,Johor,JOHOR,Leasehold,Cluster House,Cluster House,Cluster House,Landed,959000.0,420.0,16
TAMAN AUSTIN HEIGHTS,Tebrau,TEBRAU,JOHOR | TEBRAU,Johor,JOHOR,Freehold,Cluster House,Cluster House,Cluster House,Landed,1200000.0,442.0,16
TAMAN GADONG BAHAGIA,Balai Panjang,BALAI PANJANG,MELAKA | BALAI PANJANG,Melaka,MELAKA,Freehold,Terrace House,Terrace House,Terrace House,Landed,312000.0,203.0,16
TAMAN FLORA,Kuala Kedah,KUALA KEDAH,KEDAH | KUALA KEDAH,Kedah,KEDAH,Freehold,"Semi D, Terrace House","Semi D, Terrace House",Semi D,Landed,421925.0,189.0,16
TAMAN SRI PUTRA,Banting,BANTING,SELANGOR | BANTING,Selangor,SELANGOR,Mixed,Terrace House,Terrace House,Terrace House,Landed,342500.0,220.0,16
TAMAN SETIAWANGSA,Setiawangsa,SETIAWANGSA,KUALA LUMPUR | SETIAWANGSA,Kuala Lumpur,KUALA LUMPUR,Freehold,Terrace House,Terrace House,Terrace House,Landed,1140000.0,593.0,16
TAMAN GUAR PERAHU (TAMAN BERKAT),Kubang Semang,KUBANG SEMANG,PENANG | KUBANG SEMANG,Penang,PENANG,Freehold,Terrace House,Terrace House,Terrace House,Landed,292500.0,241.0,16
TAMAN PELANGI SEMENYIH 2,Beranang,BERANANG,SELANGOR | BERANANG,Selangor,SELANGOR,Freehold,Terrace House,Terrace House,Terrace House,Landed,505000.0,338.0,16
HIJAYU 3,Bandar Sri Sendayan,BANDAR SRI SENDAYAN,NEGERI SEMBILAN | BANDAR SRI SENDAYAN,Negeri Sembilan,NEGERI SEMBILAN,Freehold,Terrace House,Terrace House,Terrace House,Landed,505000.0,277.0,16
Flat Daisy,Masai,MASAI,JOHOR | MASAI,Johor,JOHOR,Leasehold,Flat,Flat,Flat,High-Rise,138000.0,193.0,16
Symphony Heights (Simfoni Heights),Batu Caves,BATU CAVES,SELANGOR | BATU CAVES,Selangor,SELANGOR,Leasehold,Condominium,Condominium,Condominium,High-Rise,380000.0,380.0,16
Sinar Bukit Dumbar,Jelutong,JELUTONG,PENANG | JELUTONG,Penang,PENANG,Freehold,Apartment,Apartment,Apartment,High-Rise,305000.0,436.0,16
Tanjong Puteri Apartment,Pasir Gudang,PASIR GUDANG,JOHOR | PASIR GUDANG,Johor,JOHOR,Freehold,Apartment,Apartment,Apartment,High-Rise,170000.0,177.0,16
Nilai 3,Nilai,NILAI,NEGERI SEMBILAN | NILAI,Negeri Sembilan,NEGERI SEMBILAN,Freehold,Apartment,Apartment,Apartment,High-Rise,100000.0,135.0,16
Sentrovue,Shah Alam,SHAH ALAM,SELANGOR | SHAH ALAM,Selangor,SELANGOR,Leasehold,Service Residence,Service Residence,Service Residence,High-Rise,300000.0,356.0,16
Sri Angkasa Apartment,Klang,KLANG,SELANGOR | KLANG,Selangor,SELANGOR,Freehold,Flat,Flat,Flat,High-Rise,143000.0,221.0,16
Gambier Heights,Gelugor,GELUGOR,PENANG | GELUGOR,Penang,PENANG,Freehold,Apartment,Apartment,Apartment,High-Rise,345000.0,486.0,16
Platinum Lake PV 16,Setapak,SETAPAK,KUALA LUMPUR | SETAPAK,Kuala Lumpur,KUALA LUMPUR,Leasehold,Condominium,Condominium,Condominium,High-Rise,520000.0,364.0,16
Sejati Ujana,Sandakan,SANDAKAN,SABAH | SANDAKAN,Sabah,SABAH,Leasehold,Apartment,Apartment,Apartment,High-Rise,200000.0,292.0,16
Prima Bayu Apartment,Klang,KLANG,SELANGOR | KLANG,Selangor,SELANGOR,Freehold,Apartment,Apartment,Apartment,High-Rise,370000.0,321.0,16
Tasik Heights Apartment,Bandar Tasik Selatan,BANDAR TASIK SELATAN,KUALA LUMPUR | BANDAR TASIK SELATAN,Kuala Lumpur,KUALA LUMPUR,Leasehold,Apartment,Apartment,Apartment,High-Rise,290000.0,332.0,16
Pangsapuri Subang Suria,Sungai Buloh,SUNGAI BULOH,SELANGOR | SUNGAI BULOH,Selangor,SELANGOR,Leasehold,Apartment,Apartment,Apartment,High-Rise,270000.0,342.0,16
SD Tiara Apartment,Bandar Sri Damansara,BANDAR SRI DAMANSARA,SELANGOR | BANDAR SRI DAMANSARA,Selangor,SELANGOR,Freehold,Apartment,Apartment,Apartment,High-Rise,322500.0,384.0,16
Desa Pinang 2,Jelutong,JELUTONG,PENANG | JELUTONG,Penang,PENANG,Leasehold,Flat,Flat,Flat,High-Rise,257500.0,423.0,16
Cybersquare,Cyberjaya,CYBERJAYA,SELANGOR | CYBERJAYA,Selangor,SELANGOR,Freehold,Service Residence,Service Residence,Service Residence,High-Rise,250000.0,476.0,16
Idaman Seroja,Sungai Ara,SUNGAI ARA,PENANG | SUNGAI ARA,Penang,PENANG,Freehold,Apartment,Apartment,Apartment,High-Rise,249000.0,383.0,16
VIM 3 @ Desa Park North,Kepong,KEPONG,KUALA LUMPUR | KEPONG,Kuala Lumpur,KUALA LUMPUR,Leasehold,Service Residence,Service Residence,Service Residence,High-Rise,412500.0,774.0,16
Desa Bayan Apartment,Bayan Lepas,BAYAN LEPAS,PENANG | BAYAN LEPAS,Penang,PENANG,Freehold,Apartment,Apartment,Apartment,High-Rise,345000.0,486.0,16
Rumah Pangsa Akasia,Ulu Tiram,ULU TIRAM,JOHOR | ULU TIRAM,Johor,JOHOR,Freehold,Flat,Flat,Flat,High-Rise,135000.0,232.0,16
Pearl Avenue,Kajang,KAJANG,SELANGOR | KAJANG,Selangor,SELANGOR,Freehold,Condominium,Condominium,Condominium,High-Rise,330000.0,301.0,16
Taman Tun Teja,Rawang,RAWANG,SELANGOR | RAWANG,Selangor,SELANGOR,Leasehold,Flat,Flat,Flat,High-Rise,215000.0,264.0,16
Desa Intan,Ayer Itam,AYER ITAM,PENANG | AYER ITAM,Penang,PENANG,Freehold,Flat,Flat,Flat,High-Rise,195000.0,307.0,16
Vista Angkasa,Pantai,PANTAI,KUALA LUMPUR | PANTAI,Kuala Lumpur,KUALA LUMPUR,Leasehold,Apartment,Apartment,Apartment,High-Rise,330000.0,406.0,16
Desa Green,Jelutong,JELUTONG,PENANG | JELUTONG,Penang,PENANG,Freehold,Apartment,Apartment,Apartment,High-Rise,307500.0,439.0,16
Regency Heights Condo,Sungai Ara,SUNGAI ARA,PENANG | SUNGAI ARA,Penang,PENANG,Freehold,Condominium,Condominium,Condominium,High-Rise,502500.0,396.0,16
Golden Hills Resort (Amber Court Apartment),Genting Highlands,GENTING HIGHLANDS,PAHANG | GENTING HIGHLANDS,Pahang,PAHANG,Freehold,Apartment,Apartment,Apartment,High-Rise,211500.0,232.0,16
Taman Suria,Penampang,PENAMPANG,SABAH | PENAMPANG,Sabah,SABAH,Leasehold,Flat,Flat,Flat,High-Rise,250000.0,326.0,16
Skyridge Garden,Tanjong Tokong,TANJONG TOKONG,PENANG | TANJONG TOKONG,Penang,PENANG,Freehold,Condominium,Condominium,Condominium,High-Rise,835000.0,633.0,16
Seri Kasturi Apartments,Setia Alam,SETIA ALAM,SELANGOR | SETIA ALAM,Selangor,SELANGOR,Freehold,Apartment,Apartment,Apartment,High-Rise,390000.0,407.0,16
Bandar Baru Uda,Johor Bahru,JOHOR BAHRU,JOHOR | JOHOR BAHRU,Johor,JOHOR,Leasehold,Flat,Flat,Flat,High-Rise,161500.0,289.0,16
Austin Suites (Permata Austin),Tebrau,TEBRAU,JOHOR | TEBRAU,Johor,JOHOR,Freehold,Apartment,Apartment,Apartment,High-Rise,330000.0,462.0,16
Putra Majestik,Jalan Ipoh,JALAN IPOH,KUALA LUMPUR | JALAN IPOH,Kuala Lumpur,KUALA LUMPUR,Freehold,Service Residence,Service Residence,Service Residence,High-Rise,500000.0,494.0,16
Seri Baiduri,Setia Alam,SETIA ALAM,SELANGOR | SETIA ALAM,Selangor,SELANGOR,Freehold,Apartment,Apartment,Apartment,High-Rise,357500.0,386.0,16
The Tamarind,Tanjong Tokong,TANJONG TOKONG,PENANG | TANJONG TOKONG,Penang,PENANG,Freehold,Service Residence,Service Residence,Service Residence,High-Rise,855000.0,767.0,16
Delima Intan Apartment,Bukit Minyak,BUKIT MINYAK,PENANG | BUKIT MINYAK,Penang,PENANG,Freehold,Apartment,Apartment,Apartment,High-Rise,280000.0,356.0,16
Taman Jati,Kulim,KULIM,KEDAH | KULIM,Kedah,KEDAH,Freehold,Flat,Flat,Flat,High-Rise,120000.0,206.0,16
Endah Ria,Sri Petaling,SRI PETALING,KUALA LUMPUR | SRI PETALING,Kuala Lumpur,KUALA LUMPUR,Leasehold,Condominium,Condominium,Condominium,High-Rise,307500.0,320.0,16
Putatan Platinum Apartment,Penampang,PENAMPANG,SABAH | PENAMPANG,Sabah,SABAH,Freehold,Apartment,Apartment,Apartment,High-Rise,294000.0,346.0,16
Aragreens,Ara Damansara,ARA DAMANSARA,SELANGOR | ARA DAMANSARA,Selangor,SELANGOR,Freehold,Service Residence,Service Residence,Service Residence,High-Rise,1672200.0,874.0,16
Vista Mutiara,Kepong,KEPONG,KUALA LUMPUR | KEPONG,Kuala Lumpur,KUALA LUMPUR,Leasehold,Apartment,Apartment,Apartment,High-Rise,379000.0,364.0,16
TAMAN PINGGIRAN PUTRA SEKSYEN 2,Seri Kembangan,SERI KEMBANGAN,SELANGOR | SERI KEMBANGAN,Selangor,SELANGOR,Leasehold,"Terrace House, Bungalow","Bungalow, Terrace House",Bungalow,Landed,590000.0,291.0,15
TAMAN AMANAH,Tanjong Duabelas,TANJONG DUABELAS,SELANGOR | TANJONG DUABELAS,Selangor,SELANGOR,Freehold,Terrace House,Terrace House,Terrace House,Landed,425000.0,278.0,15
TAMAN DESA INDAH,Nilai,NILAI,NEGERI SEMBILAN | NILAI,Negeri Sembilan,NEGERI SEMBILAN,Freehold,Terrace House,Terrace House,Terrace House,Landed,393000.0,239.0,15
TAMAN TUNKU SARINA,Jitra,JITRA,KEDAH | JITRA,Kedah,KEDAH,Freehold,Terrace House,Terrace House,Terrace House,Landed,325000.0,182.0,15
SS17,Subang Jaya,SUBANG JAYA,SELANGOR | SUBANG JAYA,Selangor,SELANGOR,Freehold,Terrace House,Terrace House,Terrace House,Landed,880000.0,471.0,15
NUSARI AMAN 1,Bandar Sri Sendayan,BANDAR SRI SENDAYAN,NEGERI SEMBILAN | BANDAR SRI SENDAYAN,Negeri Sembilan,NEGERI SEMBILAN,Freehold,Terrace House,Terrace House,Terrace House,Landed,345000.0,247.0,15
HILL PARK HOME,Kajang,KAJANG,SELANGOR | KAJANG,Selangor,SELANGOR,Freehold,"Terrace House, Semi D","Semi D, Terrace House",Semi D,Landed,600000.0,407.0,15
TAMAN BUKIT SKUDAI @ D CARLTON HEIGHTS,Skudai,SKUDAI,JOHOR | SKUDAI,Johor,JOHOR,Mixed,Cluster House,Cluster House,Cluster House,Landed,1050000.0,415.0,15
"P/L 2366, 2367, 3694, 3752 & 4169",Kuantan,KUANTAN,PAHANG | KUANTAN,Pahang,PAHANG,Freehold,Terrace House,Terrace House,Terrace House,Landed,468880.0,305.0,15
"TAMAN SRI MEWAH, MERU",Kapar,KAPAR,SELANGOR | KAPAR,Selangor,SELANGOR,Freehold,Terrace House,Terrace House,Terrace House,Landed,610000.0,441.0,15
KOTA SERIBONG,Padang Enggang,PADANG ENGGANG,KELANTAN | PADANG ENGGANG,Kelantan,KELANTAN,Leasehold,Terrace House,Terrace House,Terrace House,Landed,470000.0,361.0,15
TAMAN TASEK GELUGOR UTAMA (SCIENTEX),Tasek Gelugor,TASEK GELUGOR,PENANG | TASEK GELUGOR,Penang,PENANG,Freehold,Terrace House,Terrace House,Terrace House,Landed,310000.0,294.0,15
REGENT PARK,Miri,MIRI,SARAWAK | MIRI,Sarawak,SARAWAK,Leasehold,Terrace House,Terrace House,Terrace House,Landed,338888.0,233.0,15
TAMAN SERI WAWASAN 3,Teras,TERAS,PAHANG | TERAS,Pahang,PAHANG,Freehold,Terrace House,Terrace House,Terrace House,Landed,538000.0,299.0,15
TAMAN PLATINUM (RESIDENSI GATE),Dengkil,DENGKIL,SELANGOR | DENGKIL,Selangor,SELANGOR,Freehold,Terrace House,Terrace House,Terrace House,Landed,737800.0,460.0,15
SALAK SOUTH GARDEN (TAMAN SALAK SELATAN),Salak Selatan,SALAK SELATAN,KUALA LUMPUR | SALAK SELATAN,Kuala Lumpur,KUALA LUMPUR,Freehold,Terrace House,Terrace House,Terrace House,Landed,550000.0,349.0,15
TAMAN KARISMA IMPIAN,Sitiawan,SITIAWAN,PERAK | SITIAWAN,Perak,PERAK,Freehold,Terrace House,Terrace House,Terrace House,Landed,298800.0,193.0,15
PINGGIRAN PUTRA 4 (PL 3178),Kuantan,KUANTAN,PAHANG | KUANTAN,Pahang,PAHANG,Freehold,Terrace House,Terrace House,Terrace House,Landed,335000.0,157.0,15
TAMAN INTAN DUYUNG,Port Dickson,PORT DICKSON,NEGERI SEMBILAN | PORT DICKSON,Negeri Sembilan,NEGERI SEMBILAN,Leasehold,Terrace House,Terrace House,Terrace House,Landed,220000.0,150.0,15
TAMAN EHSAN JAYA,Johor Bahru,JOHOR BAHRU,JOHOR | JOHOR BAHRU,Johor,JOHOR,Leasehold,Terrace House,Terrace House,Terrace House,Landed,778000.0,455.0,15
TAMAN SENAWANG PERDANA,Rantau,RANTAU,NEGERI SEMBILAN | RANTAU,Negeri Sembilan,NEGERI SEMBILAN,Freehold,Bungalow,Bungalow,Bungalow,Landed,715000.0,172.0,15
TAMAN SRI PERDANA,Lahad Datu,LAHAD DATU,SABAH | LAHAD DATU,Sabah,SABAH,Leasehold,"Semi D, Terrace House","Semi D, Terrace House",Semi D,Landed,550000.0,191.0,15
TAMAN BUKIT FLORA,Batu Pahat,BATU PAHAT,JOHOR | BATU PAHAT,Johor,JOHOR,Freehold,Terrace House,Terrace House,Terrace House,Landed,245000.0,236.0,15
TAMAN KOTA LAKSAMANA SEKSYEN 1,Melaka City,MELAKA CITY,MELAKA | MELAKA CITY,Melaka,MELAKA,Leasehold,"Town House, Terrace House","Terrace House, Town House",Terrace House,Landed,470000.0,279.0,15
SETIA PULAU MUTIARA,Bayan Lepas,BAYAN LEPAS,PENANG | BAYAN LEPAS,Penang,PENANG,Freehold,Terrace House,Terrace House,Terrace House,Landed,1331000.0,686.0,15
TAMAN DESA DAMAI,Bukit Mertajam,BUKIT MERTAJAM,PENANG | BUKIT MERTAJAM,Penang,PENANG,Freehold,"Semi D, Terrace House","Semi D, Terrace House",Semi D,Landed,499800.0,281.0,15
TAMAN MAYANG LESTARI,Jasin,JASIN,MELAKA | JASIN,Melaka,MELAKA,Leasehold,"Cluster House, Terrace House","Cluster House, Terrace House",Cluster House,Landed,285000.0,164.0,15
TAMAN SRI JAYA 1 & 2,Kluang,KLUANG,JOHOR | KLUANG,Johor,JOHOR,Freehold,Terrace House,Terrace House,Terrace House,Landed,250000.0,169.0,15
BANDAR BARU KANGKAR PULAI,Skudai,SKUDAI,JOHOR | SKUDAI,Johor,JOHOR,Leasehold,"Cluster House, Terrace House","Cluster House, Terrace House",Cluster House,Landed,498000.0,239.0,15
TAMAN BERSATU,Simpang Pulai,SIMPANG PULAI,PERAK | SIMPANG PULAI,Perak,PERAK,Leasehold,Terrace House,Terrace House,Terrace House,Landed,199000.0,204.0,15
TAMAN BUNGA RAYA,Setapak,SETAPAK,KUALA LUMPUR | SETAPAK,Kuala Lumpur,KUALA LUMPUR,Freehold,Terrace House,Terrace House,Terrace House,Landed,520000.0,363.0,15
PULAU SERAI / G BINJAI / DARAT PELANDANG,Dungun,DUNGUN,TERENGGANU | DUNGUN,Terengganu,TERENGGANU,Freehold,"Bungalow, Semi D","Bungalow, Semi D",Bungalow,Landed,340000.0,111.0,15
TAMAN DELIMA,Sungai Petani,SUNGAI PETANI,KEDAH | SUNGAI PETANI,Kedah,KEDAH,Freehold,"Terrace House, Semi D","Semi D, Terrace House",Semi D,Landed,260000.0,115.0,15
TAMAN MALURI,Cheras,CHERAS,KUALA LUMPUR | CHERAS,Kuala Lumpur,KUALA LUMPUR,Leasehold,Terrace House,Terrace House,Terrace House,Landed,780000.0,303.0,15
TAMAN INTAN MAS I & III,Teluk Intan,TELUK INTAN,PERAK | TELUK INTAN,Perak,PERAK,Mixed,Terrace House,Terrace House,Terrace House,Landed,476888.0,255.0,15
TAMAN TASIK SEMENYIH,Semenyih,SEMENYIH,SELANGOR | SEMENYIH,Selangor,SELANGOR,Leasehold,Terrace House,Terrace House,Terrace House,Landed,465000.0,150.0,15
SEKSYEN 5 - KOTA DAMANSARA,Kota Damansara,KOTA DAMANSARA,SELANGOR | KOTA DAMANSARA,Selangor,SELANGOR,Leasehold,Terrace House,Terrace House,Terrace House,Landed,930000.0,528.0,15
NUSA DUTA,Skudai,SKUDAI,JOHOR | SKUDAI,Johor,JOHOR,Freehold,"Cluster House, Semi D","Semi D, Cluster House",Semi D,Landed,1350000.0,397.0,15
TAMAN TERENDAK PERMAI,Sungai Udang,SUNGAI UDANG,MELAKA | SUNGAI UDANG,Melaka,MELAKA,Freehold,Terrace House,Terrace House,Terrace House,Landed,270000.0,175.0,15
TAMAN KANTAN PERMAI,Kajang,KAJANG,SELANGOR | KAJANG,Selangor,SELANGOR,Leasehold,Terrace House,Terrace House,Terrace House,Landed,370000.0,361.0,15
TAMAN SAGA INDAH,Mentakab,MENTAKAB,PAHANG | MENTAKAB,Pahang,PAHANG,Leasehold,Terrace House,Terrace House,Terrace House,Landed,219000.0,157.0,15
BANDAR DATARAN SEGAR,Lukut,LUKUT,NEGERI SEMBILAN | LUKUT,Negeri Sembilan,NEGERI SEMBILAN,Freehold,Terrace House,Terrace House,Terrace House,Landed,459000.0,313.0,15
TAMAN NUSA JAYA MAS,Iskandar Puteri (Nusajaya),ISKANDAR PUTERI (NUSAJAYA),JOHOR | ISKANDAR PUTERI (NUSAJAYA),Johor,JOHOR,Freehold,Terrace House,Terrace House,Terrace House,Landed,520000.0,325.0,15
TAMAN AMAN,Kulai,KULAI,JOHOR | KULAI,Johor,JOHOR,Freehold,Terrace House,Terrace House,Terrace House,Landed,280000.0,253.0,15
M RESIDENCE 2,Rawang,RAWANG,SELANGOR | RAWANG,Selangor,SELANGOR,Leasehold,Terrace House,Terrace House,Terrace House,Landed,585000.0,346.0,15
TAMAN SURIA (SUN LAND RESIDENCE),Ipoh,IPOH,PERAK | IPOH,Perak,PERAK,Leasehold,Terrace House,Terrace House,Terrace House,Landed,548000.0,329.0,15
TAMAN KLEDANG MAS,Ipoh,IPOH,PERAK | IPOH,Perak,PERAK,Leasehold,Terrace House,Terrace House,Terrace House,Landed,320000.0,230.0,15
TAMAN BUKIT RAHMAN PUTRA,Rawang,RAWANG,SELANGOR | RAWANG,Selangor,SELANGOR,Freehold,Terrace House,Terrace House,Terrace House,Landed,680000.0,404.0,15
TAMAN MERBAU INDAH,Triang,TRIANG,PAHANG | TRIANG,Pahang,PAHANG,Freehold,Terrace House,Terrace House,Terrace House,Landed,200000.0,154.0,15
AUSTRA HEIGHT,Bintulu,BINTULU,SARAWAK | BINTULU,Sarawak,SARAWAK,Leasehold,Terrace House,Terrace House,Terrace House,Landed,380000.0,340.0,15
TAMAN SENIMAS,Kuala Pilah,KUALA PILAH,NEGERI SEMBILAN | KUALA PILAH,Negeri Sembilan,NEGERI SEMBILAN,Freehold,"Terrace House, Bungalow","Bungalow, Terrace House",Bungalow,Landed,199000.0,127.0,15
TAMAN PEKATRA INDAH,Simpang Ampat,SIMPANG AMPAT,PENANG | SIMPANG AMPAT,Penang,PENANG,Leasehold,Terrace House,Terrace House,Terrace House,Landed,280000.0,201.0,15
TAMAN MEGAH,Batu Pahat,BATU PAHAT,JOHOR | BATU PAHAT,Johor,JOHOR,Freehold,Terrace House,Terrace House,Terrace House,Landed,330000.0,195.0,15
TAMAN PERTAM JAYA,Melaka City,MELAKA CITY,MELAKA | MELAKA CITY,Melaka,MELAKA,Leasehold,Terrace House,Terrace House,Terrace House,Landed,580000.0,402.0,15
TAMAN BAYU PERDANA,Klang,KLANG,SELANGOR | KLANG,Selangor,SELANGOR,Freehold,Terrace House,Terrace House,Terrace House,Landed,560000.0,368.0,15
TAMAN BAYU MUTIARA,Bukit Mertajam,BUKIT MERTAJAM,PENANG | BUKIT MERTAJAM,Penang,PENANG,Freehold,"Terrace House, Semi D","Semi D, Terrace House",Semi D,Landed,650000.0,426.0,15
TAMAN FAJAR,Sandakan,SANDAKAN,SABAH | SANDAKAN,Sabah,SABAH,Leasehold,Terrace House,Terrace House,Terrace House,Landed,320000.0,222.0,15
SETIA INDAH 12,Setia Alam,SETIA ALAM,SELANGOR | SETIA ALAM,Selangor,SELANGOR,Freehold,Terrace House,Terrace House,Terrace House,Landed,802000.0,561.0,15
INDERA SEMPURNA,Kuantan,KUANTAN,PAHANG | KUANTAN,Pahang,PAHANG,Leasehold,"Semi D, Terrace House","Semi D, Terrace House",Semi D,Landed,220000.0,158.0,15
Sri Tanjung,Puchong,PUCHONG,SELANGOR | PUCHONG,Selangor,SELANGOR,Freehold,Apartment,Apartment,Apartment,High-Rise,430000.0,425.0,15
Westside Three,Desa ParkCity,DESA PARKCITY,KUALA LUMPUR | DESA PARKCITY,Kuala Lumpur,KUALA LUMPUR,Freehold,Condominium,Condominium,Condominium,High-Rise,1550000.0,1007.0,15
Metropolitan Square,Damansara Perdana,DAMANSARA PERDANA,SELANGOR | DAMANSARA PERDANA,Selangor,SELANGOR,Leasehold,Service Residence,Service Residence,Service Residence,High-Rise,460000.0,445.0,15
Seri Austin Residence (Pangsapuri Seri Austin),Tebrau,TEBRAU,JOHOR | TEBRAU,Johor,JOHOR,Freehold,Apartment,Apartment,Apartment,High-Rise,388000.0,436.0,15
Pangsapuri Palma,Klang,KLANG,SELANGOR | KLANG,Selangor,SELANGOR,Freehold,Apartment,Apartment,Apartment,High-Rise,170000.0,259.0,15
Gravit8,Port Klang,PORT KLANG,SELANGOR | PORT KLANG,Selangor,SELANGOR,Freehold,Service Residence,Service Residence,Service Residence,High-Rise,380000.0,492.0,15
Taman Suria Jaya,Kuching,KUCHING,SARAWAK | KUCHING,Sarawak,SARAWAK,Leasehold,Flat,Flat,Flat,High-Rise,105000.0,163.0,15
Austin Regency (Pangsapuri Austin Perdana),Tebrau,TEBRAU,JOHOR | TEBRAU,Johor,JOHOR,Freehold,Apartment,Apartment,Apartment,High-Rise,380000.0,470.0,15
Cocobay Resort,Port Dickson,PORT DICKSON,NEGERI SEMBILAN | PORT DICKSON,Negeri Sembilan,NEGERI SEMBILAN,Freehold,Condominium,Condominium,Condominium,High-Rise,90000.0,124.0,15
Sutramas,Puchong,PUCHONG,SELANGOR | PUCHONG,Selangor,SELANGOR,Freehold,Apartment,Apartment,Apartment,High-Rise,320000.0,376.0,15
One Imperial,Sungai Ara,SUNGAI ARA,PENANG | SUNGAI ARA,Penang,PENANG,Freehold,Condominium,Condominium,Condominium,High-Rise,575000.0,494.0,15
Regalia Residence,KL City,KL CITY,KUALA LUMPUR | KL CITY,Kuala Lumpur,KUALA LUMPUR,Freehold,Service Residence,Service Residence,Service Residence,High-Rise,616505.0,679.0,15
Flat Taman Pelangi Indah,Ulu Tiram,ULU TIRAM,JOHOR | ULU TIRAM,Johor,JOHOR,Freehold,Flat,Flat,Flat,High-Rise,150000.0,228.0,15
Damiana,Ulu Bernam,ULU BERNAM,PERAK | ULU BERNAM,Perak,PERAK,Freehold,Apartment,Apartment,Apartment,High-Rise,163000.0,230.0,15
Damansara Foresta,Bandar Sri Damansara,BANDAR SRI DAMANSARA,SELANGOR | BANDAR SRI DAMANSARA,Selangor,SELANGOR,Freehold,Condominium,Condominium,Condominium,High-Rise,690000.0,452.0,15
Impian Meridian,Subang Jaya,SUBANG JAYA,SELANGOR | SUBANG JAYA,Selangor,SELANGOR,Freehold,Service Residence,Service Residence,Service Residence,High-Rise,595000.0,551.0,15
Taman LTAT,Bukit Jalil,BUKIT JALIL,KUALA LUMPUR | BUKIT JALIL,Kuala Lumpur,KUALA LUMPUR,Leasehold,Apartment,Apartment,Apartment,High-Rise,220000.0,304.0,15
Taman Perkasa,Hulu Langat,HULU LANGAT,SELANGOR | HULU LANGAT,Selangor,SELANGOR,Freehold,Flat,Flat,Flat,High-Rise,225000.0,299.0,15
M'tiara,Johor Bahru,JOHOR BAHRU,JOHOR | JOHOR BAHRU,Johor,JOHOR,Leasehold,Apartment,Apartment,Apartment,High-Rise,420000.0,420.0,15
Mont Residence,Tanjong Tokong,TANJONG TOKONG,PENANG | TANJONG TOKONG,Penang,PENANG,Freehold,Condominium,Condominium,Condominium,High-Rise,760000.0,795.0,15
Corus Paradise Resort,Port Dickson,PORT DICKSON,NEGERI SEMBILAN | PORT DICKSON,Negeri Sembilan,NEGERI SEMBILAN,Leasehold,Condominium,Condominium,Condominium,High-Rise,160000.0,219.0,15
Gurney Park Condominium,Gurney,GURNEY,PENANG | GURNEY,Penang,PENANG,Freehold,Condominium,Condominium,Condominium,High-Rise,657000.0,744.0,15
Delta Heights,Penampang,PENAMPANG,SABAH | PENAMPANG,Sabah,SABAH,Leasehold,Apartment,Apartment,Apartment,High-Rise,350000.0,375.0,15
Vista Ilmu,Kota Samarahan,KOTA SAMARAHAN,SARAWAK | KOTA SAMARAHAN,Sarawak,SARAWAK,Leasehold,Apartment,Apartment,Apartment,High-Rise,180000.0,240.0,15
Sri Lavender Apartment,Kajang,KAJANG,SELANGOR | KAJANG,Selangor,SELANGOR,Freehold,Apartment,Apartment,Apartment,High-Rise,300000.0,287.0,15
N-Park Condominium,Gelugor,GELUGOR,PENANG | GELUGOR,Penang,PENANG,Freehold,Condominium,Condominium,Condominium,High-Rise,330000.0,471.0,15
Seri Maju & Sepangar Ria,Kota Kinabalu,KOTA KINABALU,SABAH | KOTA KINABALU,Sabah,SABAH,Leasehold,Apartment,Apartment,Apartment,High-Rise,172000.0,265.0,15
Taman Sri Sentosa,Jalan Klang Lama (Old Klang Road),JALAN KLANG LAMA (OLD KLANG ROAD),KUALA LUMPUR | JALAN KLANG LAMA (OLD KLANG ROAD),Kuala Lumpur,KUALA LUMPUR,Leasehold,Flat,Flat,Flat,High-Rise,180000.0,257.0,15
Taman Pandan Perdana,Ampang,AMPANG,SELANGOR | AMPANG,Selangor,SELANGOR,Leasehold,Flat,Flat,Flat,High-Rise,150000.0,232.0,15
Kinrara Mas,Bukit Jalil,BUKIT JALIL,KUALA LUMPUR | BUKIT JALIL,Kuala Lumpur,KUALA LUMPUR,Freehold,Condominium,Condominium,Condominium,High-Rise,380000.0,319.0,15
Idaman Sutera,Setapak,SETAPAK,KUALA LUMPUR | SETAPAK,Kuala Lumpur,KUALA LUMPUR,Freehold,Condominium,Condominium,Condominium,High-Rise,350000.0,412.0,15
Pinang Emas,Batu Ferringhi,BATU FERRINGHI,PENANG | BATU FERRINGHI,Penang,PENANG,Freehold,Apartment,Apartment,Apartment,High-Rise,170000.0,304.0,15
The Scott Garden SOHO,Jalan Klang Lama (Old Klang Road),JALAN KLANG LAMA (OLD KLANG ROAD),KUALA LUMPUR | JALAN KLANG LAMA (OLD KLANG ROAD),Kuala Lumpur,KUALA LUMPUR,Freehold,Service Residence,Service Residence,Service Residence,High-Rise,650000.0,851.0,15
Ivory Residence,Kajang,KAJANG,SELANGOR | KAJANG,Selangor,SELANGOR,Freehold,Condominium,Condominium,Condominium,High-Rise,390000.0,302.0,15
Desa Idaman Residences,Puchong,PUCHONG,SELANGOR | PUCHONG,Selangor,SELANGOR,Freehold,Apartment,Apartment,Apartment,High-Rise,450000.0,432.0,15
Taman Tan Sri Yaacob,Skudai,SKUDAI,JOHOR | SKUDAI,Johor,JOHOR,Freehold,Flat,Flat,Flat,High-Rise,140000.0,217.0,15
Kiara Residence 2 (Residensi Kiara Jalil 2),Bukit Jalil,BUKIT JALIL,KUALA LUMPUR | BUKIT JALIL,Kuala Lumpur,KUALA LUMPUR,Leasehold,Condominium,Condominium,Condominium,High-Rise,585000.0,479.0,15
Changkat View,Dutamas,DUTAMAS,KUALA LUMPUR | DUTAMAS,Kuala Lumpur,KUALA LUMPUR,Freehold,Condominium,Condominium,Condominium,High-Rise,453000.0,414.0,15
Taman Bagan,Butterworth,BUTTERWORTH,PENANG | BUTTERWORTH,Penang,PENANG,Freehold,Flat,Flat,Flat,High-Rise,115000.0,222.0,15
Kelana Puteri,Kelana Jaya,KELANA JAYA,SELANGOR | KELANA JAYA,Selangor,SELANGOR,Leasehold,Condominium,Condominium,Condominium,High-Rise,380000.0,349.0,15
Dahlia,Serendah,SERENDAH,SELANGOR | SERENDAH,Selangor,SELANGOR,Leasehold,Apartment,Apartment,Apartment,High-Rise,150000.0,214.0,15
The Golden Triangle Condominium,Sungai Ara,SUNGAI ARA,PENANG | SUNGAI ARA,Penang,PENANG,Freehold,Condominium,Condominium,Condominium,High-Rise,538000.0,442.0,15
The Loft @ Zetapark,Setapak,SETAPAK,KUALA LUMPUR | SETAPAK,Kuala Lumpur,KUALA LUMPUR,Leasehold,Service Residence,Service Residence,Service Residence,High-Rise,500000.0,465.0,15
Vista Pinggiran Apartment,Seri Kembangan,SERI KEMBANGAN,SELANGOR | SERI KEMBANGAN,Selangor,SELANGOR,Leasehold,Apartment,Apartment,Apartment,High-Rise,310000.0,355.0,15
U Garden Resort Condominium,Gelugor,GELUGOR,PENANG | GELUGOR,Penang,PENANG,Freehold,Condominium,Condominium,Condominium,High-Rise,260000.0,457.0,15
Setia SKY Residences,KLCC,KLCC,KUALA LUMPUR | KLCC,Kuala Lumpur,KUALA LUMPUR,Freehold,Service Residence,Service Residence,Service Residence,High-Rise,1000000.0,879.0,15
Midfields,Sungai Besi,SUNGAI BESI,KUALA LUMPUR | SUNGAI BESI,Kuala Lumpur,KUALA LUMPUR,Leasehold,Condominium,Condominium,Condominium,High-Rise,450000.0,386.0,15
One Central Park,Desa ParkCity,DESA PARKCITY,KUALA LUMPUR | DESA PARKCITY,Kuala Lumpur,KUALA LUMPUR,Freehold,Condominium,Condominium,Condominium,High-Rise,1600000.0,1164.0,15
SEKSYEN 17 SHAH ALAM,Shah Alam,SHAH ALAM,SELANGOR | SHAH ALAM,Selangor,SELANGOR,Mixed,"Terrace House, Cluster House","Cluster House, Terrace House",Cluster House,Landed,416000.0,301.0,14
KLEBANG PERDANA,Ipoh,IPOH,PERAK | IPOH,Perak,PERAK,Freehold,Terrace House,Terrace House,Terrace House,Landed,554888.0,371.0,14
TAMAN SRI TREH (TAMAN BINTANG ANGKASA),Muar,MUAR,JOHOR | MUAR,Johor,JOHOR,Freehold,Terrace House,Terrace House,Terrace House,Landed,489000.0,233.0,14
BANDAR PERMATA LUNAS,Lunas,LUNAS,KEDAH | LUNAS,Kedah,KEDAH,Freehold,"Semi D, Terrace House","Semi D, Terrace House",Semi D,Landed,412500.0,172.0,14
TAMAN TASIK PERDANA,Pengkalan Hulu,PENGKALAN HULU,PERAK | PENGKALAN HULU,Perak,PERAK,Leasehold,Terrace House,Terrace House,Terrace House,Landed,188000.0,157.0,14
TAMAN MASJID TANAH PERDANA,Masjid Tanah,MASJID TANAH,MELAKA | MASJID TANAH,Melaka,MELAKA,Freehold,Semi D,Semi D,Semi D,Landed,410000.0,128.0,14
TAMAN TEHEL IMPIAN (SAUJANA PERDANA),Bemban,BEMBAN,MELAKA | BEMBAN,Melaka,MELAKA,Freehold,Terrace House,Terrace House,Terrace House,Landed,291230.0,182.0,14
TAMAN SERI BAYU 2,Sungai Lalang,SUNGAI LALANG,KEDAH | SUNGAI LALANG,Kedah,KEDAH,Freehold,Terrace House,Terrace House,Terrace House,Landed,320000.0,268.0,14
TAMAN JENDERAM SUTERA,Dengkil,DENGKIL,SELANGOR | DENGKIL,Selangor,SELANGOR,Freehold,Terrace House,Terrace House,Terrace House,Landed,585000.0,418.0,14
TAMAN TOK MUDA SEJAHTERA,Kapar,KAPAR,SELANGOR | KAPAR,Selangor,SELANGOR,Freehold,Terrace House,Terrace House,Terrace House,Landed,378000.0,295.0,14
TAMAN ARA BAYU,Nilai,NILAI,NEGERI SEMBILAN | NILAI,Negeri Sembilan,NEGERI SEMBILAN,Freehold,Terrace House,Terrace House,Terrace House,Landed,378800.0,291.0,14
P/L 174132 INDERA MAHKOTA,Kuantan,KUANTAN,PAHANG | KUANTAN,Pahang,PAHANG,Freehold,Terrace House,Terrace House,Terrace House,Landed,392000.0,276.0,14
BANDAR BESTARI PERMAI,Kuala Ketil,KUALA KETIL,KEDAH | KUALA KETIL,Kedah,KEDAH,Freehold,Terrace House,Terrace House,Terrace House,Landed,237500.0,136.0,14
PERMAIPURA VILLA,Sungai Lalang,SUNGAI LALANG,KEDAH | SUNGAI LALANG,Kedah,KEDAH,Freehold,Bungalow,Bungalow,Bungalow,Landed,548000.0,98.0,14
TAMAN WANGSA PERMAI (P/L 13367),Lumut,LUMUT,PERAK | LUMUT,Perak,PERAK,Freehold,Semi D,Semi D,Semi D,Landed,498800.0,178.0,14
TAMAN SRI NOVA UTAMA,Tampin,TAMPIN,NEGERI SEMBILAN | TAMPIN,Negeri Sembilan,NEGERI SEMBILAN,Freehold,"Semi D, Terrace House","Semi D, Terrace House",Semi D,Landed,401900.0,107.0,14
PLUMERIA @ BANDAR UNIVERSITI,Seri Iskandar,SERI ISKANDAR,PERAK | SERI ISKANDAR,Perak,PERAK,Leasehold,Terrace House,Terrace House,Terrace House,Landed,250000.0,175.0,14
AMAN CITIES,Batu Gajah,BATU GAJAH,PERAK | BATU GAJAH,Perak,PERAK,Leasehold,Terrace House,Terrace House,Terrace House,Landed,231300.0,145.0,14
BB SETIA AWAN PERDANA RESIDEN 2,Sitiawan,SITIAWAN,PERAK | SITIAWAN,Perak,PERAK,Freehold,"Cluster House, Bungalow","Bungalow, Cluster House",Bungalow,Landed,240000.0,117.0,14
TAMAN BUKIT SENAWANG PERDANA (PHASE 2),Rantau,RANTAU,NEGERI SEMBILAN | RANTAU,Negeri Sembilan,NEGERI SEMBILAN,Freehold,Semi D,Semi D,Semi D,Landed,605000.0,159.0,14
SCIENTEX IPOH - BEGONIA,Ipoh,IPOH,PERAK | IPOH,Perak,PERAK,Freehold,Terrace House,Terrace House,Terrace House,Landed,296800.0,254.0,14
TAMAN SRI NIBONG,Bayan Lepas,BAYAN LEPAS,PENANG | BAYAN LEPAS,Penang,PENANG,Freehold,Terrace House,Terrace House,Terrace House,Landed,1175000.0,675.0,14
VISION HOMES,Seremban 2,SEREMBAN 2,NEGERI SEMBILAN | SEREMBAN 2,Negeri Sembilan,NEGERI SEMBILAN,Freehold,Cluster House,Cluster House,Cluster House,Landed,550000.0,274.0,14
SP SAUJANA,Sungai Petani,SUNGAI PETANI,KEDAH | SUNGAI PETANI,Kedah,KEDAH,Freehold,Terrace House,Terrace House,Terrace House,Landed,450000.0,232.0,14
TAMAN NILAM,Kuah,KUAH,KEDAH | KUAH,Kedah,KEDAH,Leasehold,Terrace House,Terrace House,Terrace House,Landed,145000.0,101.0,14
TAMAN DESA IMPIAN,Kuah,KUAH,KEDAH | KUAH,Kedah,KEDAH,Freehold,Terrace House,Terrace House,Terrace House,Landed,618800.0,435.0,14
KAMPUNG MERDEKA - TR 105,Batu Pahat,BATU PAHAT,JOHOR | BATU PAHAT,Johor,JOHOR,Freehold,"Terrace House, Semi D","Semi D, Terrace House",Semi D,Landed,325000.0,185.0,14
TAMAN DELIMA II,Kluang,KLUANG,JOHOR | KLUANG,Johor,JOHOR,Freehold,"Terrace House, Semi D","Semi D, Terrace House",Semi D,Landed,314000.0,179.0,14
TAMAN DESA ABLELINK,Klang,KLANG,SELANGOR | KLANG,Selangor,SELANGOR,Freehold,Terrace House,Terrace House,Terrace House,Landed,445000.0,398.0,14
RMM BANJARAN SERAPI,Kuching,KUCHING,SARAWAK | KUCHING,Sarawak,SARAWAK,Leasehold,Terrace House,Terrace House,Terrace House,Landed,234000.0,133.0,14
TAMAN MERAK JAYA,Simpang Ampat,SIMPANG AMPAT,PENANG | SIMPANG AMPAT,Penang,PENANG,Freehold,Terrace House,Terrace House,Terrace House,Landed,315000.0,231.0,14
TAMAN RASAH JAYA V,Rasah,RASAH,NEGERI SEMBILAN | RASAH,Negeri Sembilan,NEGERI SEMBILAN,Freehold,Terrace House,Terrace House,Terrace House,Landed,300000.0,182.0,14
TAMAN PRIMA SAUJANA,Kajang,KAJANG,SELANGOR | KAJANG,Selangor,SELANGOR,Freehold,"Terrace House, Bungalow","Bungalow, Terrace House",Bungalow,Landed,525000.0,354.0,14
TAMAN T&G PHASE 7,Kota Marudu,KOTA MARUDU,SABAH | KOTA MARUDU,Sabah,SABAH,Leasehold,Semi D,Semi D,Semi D,Landed,500000.0,238.0,14
TAMAN DESA RHU,Sikamat,SIKAMAT,NEGERI SEMBILAN | SIKAMAT,Negeri Sembilan,NEGERI SEMBILAN,Leasehold,Terrace House,Terrace House,Terrace House,Landed,237500.0,210.0,14
TAMAN LARAH AMAN,Taiping,TAIPING,PERAK | TAIPING,Perak,PERAK,Freehold,Terrace House,Terrace House,Terrace House,Landed,230000.0,192.0,14
TAMAN PURA KENCANA - TR. 41,Batu Pahat,BATU PAHAT,JOHOR | BATU PAHAT,Johor,JOHOR,Freehold,Terrace House,Terrace House,Terrace House,Landed,445000.0,227.0,14
TAMAN DATUK TAMBY CHIK KARIM,Batu Berendam,BATU BERENDAM,MELAKA | BATU BERENDAM,Melaka,MELAKA,Leasehold,Terrace House,Terrace House,Terrace House,Landed,305000.0,227.0,14
TAMAN PERMAI BIDOR,Bidor,BIDOR,PERAK | BIDOR,Perak,PERAK,Leasehold,"Cluster House, Terrace House, Semi D","Semi D, Cluster House, Terrace House",Semi D,Landed,364000.0,153.0,14
TAMAN BAKRI JAYA,Bakri,BAKRI,JOHOR | BAKRI,Johor,JOHOR,Freehold,Terrace House,Terrace House,Terrace House,Landed,610000.0,238.0,14
BANDAR TUN RAZAK,Cheras,CHERAS,KUALA LUMPUR | CHERAS,Kuala Lumpur,KUALA LUMPUR,Leasehold,"Terrace House, Cluster House","Cluster House, Terrace House",Cluster House,Landed,335000.0,298.0,14
TAMAN SELATAN,Klang,KLANG,SELANGOR | KLANG,Selangor,SELANGOR,Freehold,Terrace House,Terrace House,Terrace House,Landed,655000.0,296.0,14
USJ 13,Subang Jaya,SUBANG JAYA,SELANGOR | SUBANG JAYA,Selangor,SELANGOR,Freehold,Terrace House,Terrace House,Terrace House,Landed,697500.0,552.0,14
TAMAN SUNGAI UDANG MUTIARA,Sungai Udang,SUNGAI UDANG,MELAKA | SUNGAI UDANG,Melaka,MELAKA,Freehold,Terrace House,Terrace House,Terrace House,Landed,290000.0,175.0,14
PERUMAHAN PASDEC,Kuantan,KUANTAN,PAHANG | KUANTAN,Pahang,PAHANG,Leasehold,Terrace House,Terrace House,Terrace House,Landed,250000.0,189.0,14
TAMAN IMPIAN JAYA,Senai,SENAI,JOHOR | SENAI,Johor,JOHOR,Leasehold,Terrace House,Terrace House,Terrace House,Landed,411000.0,142.0,14
TAMAN SRI WANGSA II,Batu Gajah,BATU GAJAH,PERAK | BATU GAJAH,Perak,PERAK,Leasehold,Terrace House,Terrace House,Terrace House,Landed,229400.0,191.0,14
PUNCAK BOUGAINVILLEA,Padang Rengas,PADANG RENGAS,PERAK | PADANG RENGAS,Perak,PERAK,Freehold,Terrace House,Terrace House,Terrace House,Landed,274440.0,187.0,14
TAMAN SAMUDRA,Batu Caves,BATU CAVES,SELANGOR | BATU CAVES,Selangor,SELANGOR,Leasehold,Terrace House,Terrace House,Terrace House,Landed,550000.0,581.0,14
TAMAN SILIBIN RIA,Ipoh,IPOH,PERAK | IPOH,Perak,PERAK,Leasehold,"Terrace House, Semi D","Semi D, Terrace House",Semi D,Landed,515000.0,293.0,14
TAMAN TEMIANG JAYA II,Muar,MUAR,JOHOR | MUAR,Johor,JOHOR,Freehold,Terrace House,Terrace House,Terrace House,Landed,865000.0,329.0,14
RPR BATU KAWA,Kuching,KUCHING,SARAWAK | KUCHING,Sarawak,SARAWAK,Leasehold,Terrace House,Terrace House,Terrace House,Landed,250000.0,198.0,14
TAMAN SRI PULASAN,Seremban,SEREMBAN,NEGERI SEMBILAN | SEREMBAN,Negeri Sembilan,NEGERI SEMBILAN,Leasehold,Terrace House,Terrace House,Terrace House,Landed,215000.0,172.0,14
TAMAN DESA JASMIN,Nilai,NILAI,NEGERI SEMBILAN | NILAI,Negeri Sembilan,NEGERI SEMBILAN,Freehold,Terrace House,Terrace House,Terrace House,Landed,334500.0,210.0,14
TAMAN DATUK SENU,Sentul,SENTUL,KUALA LUMPUR | SENTUL,Kuala Lumpur,KUALA LUMPUR,Leasehold,"Terrace House, Cluster House","Cluster House, Terrace House",Cluster House,Landed,330000.0,513.0,14
TAMAN MEDAN PASIR SAUJANA,Ipoh,IPOH,PERAK | IPOH,Perak,PERAK,Freehold,Terrace House,Terrace House,Terrace House,Landed,559000.0,336.0,14
SEKSYEN 20,Petaling Jaya,PETALING JAYA,SELANGOR | PETALING JAYA,Selangor,SELANGOR,Freehold,Terrace House,Terrace House,Terrace House,Landed,885000.0,426.0,14
TAMAN MAKMUR FASA 1,Lunas,LUNAS,KEDAH | LUNAS,Kedah,KEDAH,Freehold,Terrace House,Terrace House,Terrace House,Landed,300000.0,207.0,14
TAMAN KOTA YONG PENG,Yong Peng,YONG PENG,JOHOR | YONG PENG,Johor,JOHOR,Freehold,Terrace House,Terrace House,Terrace House,Landed,240000.0,160.0,14
TAMAN ANGSANA,Kulim,KULIM,KEDAH | KULIM,Kedah,KEDAH,Freehold,Terrace House,Terrace House,Terrace House,Landed,297000.0,216.0,14
TAMAN KOPERASI POLIS FASA 2,Batu Caves,BATU CAVES,KUALA LUMPUR | BATU CAVES,Kuala Lumpur,KUALA LUMPUR,Freehold,Terrace House,Terrace House,Terrace House,Landed,460000.0,504.0,14
JALAN INDAH,Sibu,SIBU,SARAWAK | SIBU,Sarawak,SARAWAK,Leasehold,Terrace House,Terrace House,Terrace House,Landed,267500.0,119.0,14
TAMAN PERMAIPURA,Sungai Lalang,SUNGAI LALANG,KEDAH | SUNGAI LALANG,Kedah,KEDAH,Freehold,"Terrace House, Bungalow","Bungalow, Terrace House",Bungalow,Landed,240000.0,150.0,14
TAMAN KESANG MAWAR,Muar,MUAR,JOHOR | MUAR,Johor,JOHOR,Freehold,Terrace House,Terrace House,Terrace House,Landed,485000.0,264.0,14
RIVERIA,Kota Samarahan,KOTA SAMARAHAN,SARAWAK | KOTA SAMARAHAN,Sarawak,SARAWAK,Leasehold,Terrace House,Terrace House,Terrace House,Landed,592500.0,213.0,14
TAMAN JENJAROM PERMAI,Tanjong Duabelas,TANJONG DUABELAS,SELANGOR | TANJONG DUABELAS,Selangor,SELANGOR,Mixed,Terrace House,Terrace House,Terrace House,Landed,414973.0,269.0,14
TAMAN KEMPAS FASA 1,Sungai Petani,SUNGAI PETANI,KEDAH | SUNGAI PETANI,Kedah,KEDAH,Freehold,Terrace House,Terrace House,Terrace House,Landed,237500.0,182.0,14
BANDAR AINSDALE,Labu,LABU,NEGERI SEMBILAN | LABU,Negeri Sembilan,NEGERI SEMBILAN,Freehold,Terrace House,Terrace House,Terrace House,Landed,623888.0,444.0,14
MAJIDEE PARK,Johor Bahru,JOHOR BAHRU,JOHOR | JOHOR BAHRU,Johor,JOHOR,Freehold,"Bungalow, Semi D","Bungalow, Semi D",Bungalow,Landed,935000.0,189.0,14
TAMAN ANGGERIK HEIGHTS,Bentong,BENTONG,PAHANG | BENTONG,Pahang,PAHANG,Freehold,Terrace House,Terrace House,Terrace House,Landed,338000.0,242.0,14
TAMAN LAHAT PERMAI,Lahat,LAHAT,PERAK | LAHAT,Perak,PERAK,Leasehold,Terrace House,Terrace House,Terrace House,Landed,280000.0,224.0,14
TAMAN AMAN 3,Lahad Datu,LAHAD DATU,SABAH | LAHAD DATU,Sabah,SABAH,Leasehold,Terrace House,Terrace House,Terrace House,Landed,375000.0,176.0,14
TAMAN GURUN JAYA,Gurun,GURUN,KEDAH | GURUN,Kedah,KEDAH,Freehold,"Terrace House, Semi D","Semi D, Terrace House",Semi D,Landed,206500.0,107.0,14
TAMAN SELAYANG UTAMA,Selayang,SELAYANG,SELANGOR | SELAYANG,Selangor,SELANGOR,Leasehold,Terrace House,Terrace House,Terrace House,Landed,684000.0,491.0,14
PERUMAHAN PRIMA BG SERAI,Bagan Serai,BAGAN SERAI,PERAK | BAGAN SERAI,Perak,PERAK,Freehold,Terrace House,Terrace House,Terrace House,Landed,310000.0,222.0,14
TAMAN SERI KIJANG,Bukit Mertajam,BUKIT MERTAJAM,PENANG | BUKIT MERTAJAM,Penang,PENANG,Freehold,Terrace House,Terrace House,Terrace House,Landed,311500.0,271.0,14
TAMAN TANGGA BATU PERDANA,Tanjong Kling,TANJONG KLING,MELAKA | TANJONG KLING,Melaka,MELAKA,Leasehold,Terrace House,Terrace House,Terrace House,Landed,308000.0,193.0,14
TAMAN SERI RANTAU,Kapar,KAPAR,SELANGOR | KAPAR,Selangor,SELANGOR,Freehold,Terrace House,Terrace House,Terrace House,Landed,410000.0,251.0,14
TAMAN ASEAN,Balai Panjang,BALAI PANJANG,MELAKA | BALAI PANJANG,Melaka,MELAKA,Freehold,Terrace House,Terrace House,Terrace House,Landed,382500.0,236.0,14
TAMAN KLANG JAYA,Klang,KLANG,SELANGOR | KLANG,Selangor,SELANGOR,Freehold,Terrace House,Terrace House,Terrace House,Landed,475000.0,232.0,14
SEKSYEN 8 SHAH ALAM,Shah Alam,SHAH ALAM,SELANGOR | SHAH ALAM,Selangor,SELANGOR,Leasehold,Terrace House,Terrace House,Terrace House,Landed,700000.0,348.0,14
Taman Haji Mohd Amin,Permatang Pauh,PERMATANG PAUH,PENANG | PERMATANG PAUH,Penang,PENANG,Freehold,Flat,Flat,Flat,High-Rise,160000.0,218.0,14
Taman Mengkudu,Bukit Minyak,BUKIT MINYAK,PENANG | BUKIT MINYAK,Penang,PENANG,Freehold,Flat,Flat,Flat,High-Rise,100000.0,167.0,14
Queens Residences Q2 @ Queens Waterfront,Bayan Lepas,BAYAN LEPAS,PENANG | BAYAN LEPAS,Penang,PENANG,Freehold,Condominium,Condominium,Condominium,High-Rise,1253287.0,1066.0,14
Magna Ville,Selayang,SELAYANG,SELANGOR | SELAYANG,Selangor,SELANGOR,Leasehold,Condominium,Condominium,Condominium,High-Rise,350000.0,316.0,14
Krystal Heights,Jelutong,JELUTONG,PENANG | JELUTONG,Penang,PENANG,Freehold,Flat,Flat,Flat,High-Rise,177500.0,374.0,14
University Apartment Phase 1,Kota Kinabalu,KOTA KINABALU,SABAH | KOTA KINABALU,Sabah,SABAH,Leasehold,Apartment,Apartment,Apartment,High-Rise,245000.0,400.0,14
Pangsapuri Saujana Permai 1,Kajang,KAJANG,SELANGOR | KAJANG,Selangor,SELANGOR,Freehold,Apartment,Apartment,Apartment,High-Rise,310000.0,310.0,14
Lakeview Apartments,Selayang,SELAYANG,SELANGOR | SELAYANG,Selangor,SELANGOR,Leasehold,Apartment,Apartment,Apartment,High-Rise,282500.0,324.0,14
Delima Impian,Bukit Minyak,BUKIT MINYAK,PENANG | BUKIT MINYAK,Penang,PENANG,Freehold,Flat,Flat,Flat,High-Rise,160000.0,248.0,14
Selesa Puteri Condominium,Skudai,SKUDAI,JOHOR | SKUDAI,Johor,JOHOR,Freehold,Condominium,Condominium,Condominium,High-Rise,271000.0,268.0,14
Bahagia Residences,Miri,MIRI,SARAWAK | MIRI,Sarawak,SARAWAK,Leasehold,Apartment,Apartment,Apartment,High-Rise,260000.0,306.0,14
Summer Place,Jelutong,JELUTONG,PENANG | JELUTONG,Penang,PENANG,Leasehold,Condominium,Condominium,Condominium,High-Rise,690000.0,637.0,14
Indah,Butterworth,BUTTERWORTH,PENANG | BUTTERWORTH,Penang,PENANG,Freehold,Apartment,Apartment,Apartment,High-Rise,215000.0,303.0,14
Subang Perdana Goodyear Court 3,Subang Jaya,SUBANG JAYA,SELANGOR | SUBANG JAYA,Selangor,SELANGOR,Freehold,Apartment,Apartment,Apartment,High-Rise,354000.0,378.0,14
1Medini,Iskandar Puteri (Nusajaya),ISKANDAR PUTERI (NUSAJAYA),JOHOR | ISKANDAR PUTERI (NUSAJAYA),Johor,JOHOR,Freehold,Condominium,Condominium,Condominium,High-Rise,370000.0,366.0,14
Bukit Pandan Kondominium 1,Cheras,CHERAS,KUALA LUMPUR | CHERAS,Kuala Lumpur,KUALA LUMPUR,Freehold,Condominium,Condominium,Condominium,High-Rise,380000.0,322.0,14
Cormar Suites (Fraser Place (Lot 163)),KLCC,KLCC,KUALA LUMPUR | KLCC,Kuala Lumpur,KUALA LUMPUR,Freehold,Service Residence,Service Residence,Service Residence,High-Rise,749400.0,1200.0,14
Golden Villa,Klang,KLANG,SELANGOR | KLANG,Selangor,SELANGOR,Freehold,Apartment,Apartment,Apartment,High-Rise,217500.0,226.0,14
Kota Laksamana Utama,Melaka City,MELAKA CITY,MELAKA | MELAKA CITY,Melaka,MELAKA,Leasehold,Apartment,Apartment,Apartment,High-Rise,126000.0,155.0,14
Sky Gardens Residences,Tampoi,TAMPOI,JOHOR | TAMPOI,Johor,JOHOR,Freehold,Service Residence,Service Residence,Service Residence,High-Rise,435000.0,413.0,14
Suasana Lumayan,Cheras,CHERAS,KUALA LUMPUR | CHERAS,Kuala Lumpur,KUALA LUMPUR,Leasehold,Condominium,Condominium,Condominium,High-Rise,487500.0,407.0,14
Genting Court Condominium,Setapak,SETAPAK,KUALA LUMPUR | SETAPAK,Kuala Lumpur,KUALA LUMPUR,Leasehold,Condominium,Condominium,Condominium,High-Rise,204500.0,279.0,14
Cherry,Ipoh,IPOH,PERAK | IPOH,Perak,PERAK,Freehold,Apartment,Apartment,Apartment,High-Rise,137500.0,180.0,14
Seri Pauh,Bukit Mertajam,BUKIT MERTAJAM,PENANG | BUKIT MERTAJAM,Penang,PENANG,Leasehold,Flat,Flat,Flat,High-Rise,170000.0,282.0,14
Pantai Hillpark 2,Pantai,PANTAI,KUALA LUMPUR | PANTAI,Kuala Lumpur,KUALA LUMPUR,Leasehold,Condominium,Condominium,Condominium,High-Rise,462500.0,506.0,14
Pantai Panorama Condominiums,Kampung Kerinchi (Bangsar South),KAMPUNG KERINCHI (BANGSAR SOUTH),KUALA LUMPUR | KAMPUNG KERINCHI (BANGSAR SOUTH),Kuala Lumpur,KUALA LUMPUR,Freehold,Condominium,Condominium,Condominium,High-Rise,482500.0,437.0,14
Ixora Apartment,Bukit Baru,BUKIT BARU,MELAKA | BUKIT BARU,Melaka,MELAKA,Freehold,Apartment,Apartment,Apartment,High-Rise,332500.0,259.0,14
Villa Flora,Taman Tun Dr Ismail,TAMAN TUN DR ISMAIL,KUALA LUMPUR | TAMAN TUN DR ISMAIL,Kuala Lumpur,KUALA LUMPUR,Freehold,Condominium,Condominium,Condominium,High-Rise,830500.0,600.0,14
Bercham Prima (Ipoh Kiara),Ipoh,IPOH,PERAK | IPOH,Perak,PERAK,Leasehold,Condominium,Condominium,Condominium,High-Rise,315000.0,259.0,14
Aman Heights Condominium,Seri Kembangan,SERI KEMBANGAN,SELANGOR | SERI KEMBANGAN,Selangor,SELANGOR,Freehold,Condominium,Condominium,Condominium,High-Rise,393500.0,311.0,14
Taman Air Tawar Indah,Butterworth,BUTTERWORTH,PENANG | BUTTERWORTH,Penang,PENANG,Freehold,Flat,Flat,Flat,High-Rise,110000.0,204.0,14
Vista Seri Putra,Bangi,BANGI,SELANGOR | BANGI,Selangor,SELANGOR,Freehold,Apartment,Apartment,Apartment,High-Rise,316000.0,347.0,14
Harmony View,Jelutong,JELUTONG,PENANG | JELUTONG,Penang,PENANG,Freehold,Apartment,Apartment,Apartment,High-Rise,378000.0,560.0,14
Sri Anggerik 2,Puchong,PUCHONG,SELANGOR | PUCHONG,Selangor,SELANGOR,Freehold,Apartment,Apartment,Apartment,High-Rise,380000.0,458.0,14
Sri Kenari Apartment,Johor Bahru,JOHOR BAHRU,JOHOR | JOHOR BAHRU,Johor,JOHOR,Leasehold,"Flat, Apartment","Apartment, Flat",Apartment,High-Rise,320000.0,350.0,14
Residensi Solaris Parq,Dutamas,DUTAMAS,KUALA LUMPUR | DUTAMAS,Kuala Lumpur,KUALA LUMPUR,Freehold,Service Residence,Service Residence,Service Residence,High-Rise,1090000.0,1068.0,14
Seri Intan Apartment,Setia Alam,SETIA ALAM,SELANGOR | SETIA ALAM,Selangor,SELANGOR,Freehold,Apartment,Apartment,Apartment,High-Rise,340000.0,410.0,14
Kelana D'Putera,Kelana Jaya,KELANA JAYA,SELANGOR | KELANA JAYA,Selangor,SELANGOR,Leasehold,Condominium,Condominium,Condominium,High-Rise,400000.0,342.0,14
Petaling Indah Condominiums,Sri Petaling,SRI PETALING,KUALA LUMPUR | SRI PETALING,Kuala Lumpur,KUALA LUMPUR,Leasehold,Condominium,Condominium,Condominium,High-Rise,298850.0,297.0,14
Desa Dua,Kepong,KEPONG,SELANGOR | KEPONG,Selangor,SELANGOR,Freehold,Apartment,Apartment,Apartment,High-Rise,262500.0,313.0,14
Taman Pusat Kepong,Segambut,SEGAMBUT,KUALA LUMPUR | SEGAMBUT,Kuala Lumpur,KUALA LUMPUR,Leasehold,Flat,Flat,Flat,High-Rise,182500.0,195.0,14
Scott Towers @ Larkin JB,Johor Bahru,JOHOR BAHRU,JOHOR | JOHOR BAHRU,Johor,JOHOR,Leasehold,Apartment,Apartment,Apartment,High-Rise,395000.0,408.0,14
Abadi Indah,Taman Desa,TAMAN DESA,KUALA LUMPUR | TAMAN DESA,Kuala Lumpur,KUALA LUMPUR,Leasehold,Apartment,Apartment,Apartment,High-Rise,300000.0,327.0,14
Telipok Square,Tuaran,TUARAN,SABAH | TUARAN,Sabah,SABAH,Leasehold,Flat,Flat,Flat,High-Rise,137000.0,215.0,14
Rumah Pangsa Sri Orkid,Ulu Tiram,ULU TIRAM,JOHOR | ULU TIRAM,Johor,JOHOR,Freehold,Flat,Flat,Flat,High-Rise,157500.0,222.0,14
Pangsapuri Ikhlas,Jitra,JITRA,KEDAH | JITRA,Kedah,KEDAH,Freehold,Apartment,Apartment,Apartment,High-Rise,165000.0,241.0,14
TAMAN DAYA,Kepong,KEPONG,SELANGOR | KEPONG,Selangor,SELANGOR,Leasehold,Terrace House,Terrace House,Terrace House,Landed,550000.0,515.0,13
TAMAN BRINGIN,Jinjang,JINJANG,KUALA LUMPUR | JINJANG,Kuala Lumpur,KUALA LUMPUR,Leasehold,"Cluster House, Terrace House","Cluster House, Terrace House",Cluster House,Landed,300000.0,472.0,13
BANDAR ALAM MASAI,Masai,MASAI,JOHOR | MASAI,Johor,JOHOR,Freehold,Terrace House,Terrace House,Terrace House,Landed,688000.0,364.0,13
TAMAN GRANDVIEW,Sandakan,SANDAKAN,SABAH | SANDAKAN,Sabah,SABAH,Leasehold,Terrace House,Terrace House,Terrace House,Landed,430000.0,208.0,13
TAMAN PERMATA,Ulu Klang,ULU KLANG,SELANGOR | ULU KLANG,Selangor,SELANGOR,Freehold,Terrace House,Terrace House,Terrace House,Landed,450000.0,439.0,13
TAMAN BUKIT SUBANG,Shah Alam,SHAH ALAM,SELANGOR | SHAH ALAM,Selangor,SELANGOR,Freehold,Terrace House,Terrace House,Terrace House,Landed,590000.0,415.0,13
TAMAN BERKELEY,Kapar,KAPAR,SELANGOR | KAPAR,Selangor,SELANGOR,Freehold,"Bungalow, Terrace House","Bungalow, Terrace House",Bungalow,Landed,540000.0,275.0,13
TAMAN PERLING LABIS- TR 74,Labis,LABIS,JOHOR | LABIS,Johor,JOHOR,Freehold,Terrace House,Terrace House,Terrace House,Landed,386400.0,224.0,13
TAMAN BUKIT WANGSA SETIA,Ulu Bernam,ULU BERNAM,PERAK | ULU BERNAM,Perak,PERAK,Freehold,Terrace House,Terrace House,Terrace House,Landed,408000.0,292.0,13
PERUMAHAN MAKMUR GAMBANG JAYA 1 (PRIMA),Kuantan,KUANTAN,PAHANG | KUANTAN,Pahang,PAHANG,Leasehold,Semi D,Semi D,Semi D,Landed,230000.0,79.0,13
NADA 4 @ NADA ALAM,Mantin,MANTIN,NEGERI SEMBILAN | MANTIN,Negeri Sembilan,NEGERI SEMBILAN,Freehold,Terrace House,Terrace House,Terrace House,Landed,800000.0,519.0,13
TAMAN TAN SRI FUZI,Seri Iskandar,SERI ISKANDAR,PERAK | SERI ISKANDAR,Perak,PERAK,Freehold,Terrace House,Terrace House,Terrace House,Landed,228000.0,163.0,13
TAMAN RAIA SENTOSA (PRIMA SUNGAI RAYA),Simpang Pulai,SIMPANG PULAI,PERAK | SIMPANG PULAI,Perak,PERAK,Leasehold,Terrace House,Terrace House,Terrace House,Landed,285000.0,219.0,13
TAMAN PELANGI [SIKAMAT],Sikamat,SIKAMAT,NEGERI SEMBILAN | SIKAMAT,Negeri Sembilan,NEGERI SEMBILAN,Freehold,Terrace House,Terrace House,Terrace House,Landed,240000.0,179.0,13
LAKEVIEW RESIDENCE,Bidor,BIDOR,PERAK | BIDOR,Perak,PERAK,Leasehold,Cluster House,Cluster House,Cluster House,Landed,398700.0,150.0,13
TAMAN SERI BINTANG,Tampin,TAMPIN,NEGERI SEMBILAN | TAMPIN,Negeri Sembilan,NEGERI SEMBILAN,Freehold,Terrace House,Terrace House,Terrace House,Landed,249998.0,161.0,13
P/L143461 SERI MAHKOTA DAMAI FASA 6,Kuantan,KUANTAN,PAHANG | KUANTAN,Pahang,PAHANG,Freehold,Terrace House,Terrace House,Terrace House,Landed,236000.0,143.0,13
BAYU SUTERA - PRECINCT 3A,Jimah,JIMAH,NEGERI SEMBILAN | JIMAH,Negeri Sembilan,NEGERI SEMBILAN,Freehold,Terrace House,Terrace House,Terrace House,Landed,608299.0,435.0,13
TAMAN DESA BUKIT NILAM,Kapar,KAPAR,SELANGOR | KAPAR,Selangor,SELANGOR,Freehold,Terrace House,Terrace House,Terrace House,Landed,549900.0,391.0,13
KAWASAN ABDUL SAMAD/MARIMAH,Johor Bahru,JOHOR BAHRU,JOHOR | JOHOR BAHRU,Johor,JOHOR,Freehold,"Semi D, Cluster House","Semi D, Cluster House",Semi D,Landed,980000.0,131.0,13
ANDARI TOWNVILLA 1 & GARDENVILLE,Rawang,RAWANG,SELANGOR | RAWANG,Selangor,SELANGOR,Leasehold,Town House,Town House,Town House,Landed,310000.0,250.0,13
TAMAN PULAI EMAS,Kulai,KULAI,JOHOR | KULAI,Johor,JOHOR,Leasehold,Terrace House,Terrace House,Terrace House,Landed,385000.0,325.0,13
TAMAN BUKIT RANGIN 3,Kuantan,KUANTAN,PAHANG | KUANTAN,Pahang,PAHANG,Leasehold,Terrace House,Terrace House,Terrace House,Landed,210000.0,167.0,13
TAMAN SATRIA JAYA,Kuching,KUCHING,SARAWAK | KUCHING,Sarawak,SARAWAK,Leasehold,Terrace House,Terrace House,Terrace House,Landed,580000.0,284.0,13
TAMAN SETAPAK INDAH,Setapak,SETAPAK,KUALA LUMPUR | SETAPAK,Kuala Lumpur,KUALA LUMPUR,Leasehold,Town House,Town House,Town House,Landed,510000.0,431.0,13
TAMAN PULASAN,Alor Setar,ALOR SETAR,KEDAH | ALOR SETAR,Kedah,KEDAH,Freehold,"Terrace House, Bungalow","Bungalow, Terrace House",Bungalow,Landed,561200.0,270.0,13
TAMAN CRESCENTIA,Batu Kawan,BATU KAWAN,PENANG | BATU KAWAN,Penang,PENANG,Leasehold,"Cluster House, Terrace House","Cluster House, Terrace House",Cluster House,Landed,350000.0,278.0,13
TAMAN DESA JAWI,Nibong Tebal,NIBONG TEBAL,PENANG | NIBONG TEBAL,Penang,PENANG,Leasehold,Terrace House,Terrace House,Terrace House,Landed,190000.0,199.0,13
BANDAR TEKNOLOGI,Kajang,KAJANG,SELANGOR | KAJANG,Selangor,SELANGOR,Freehold,Terrace House,Terrace House,Terrace House,Landed,370000.0,269.0,13
KAMPUNG BATU TIONG / BATU GEDUP,Dungun,DUNGUN,TERENGGANU | DUNGUN,Terengganu,TERENGGANU,Freehold,Semi D,Semi D,Semi D,Landed,350000.0,98.0,13
TAMAN GEMILANG,Seri Iskandar,SERI ISKANDAR,PERAK | SERI ISKANDAR,Perak,PERAK,Leasehold,"Semi D, Terrace House","Semi D, Terrace House",Semi D,Landed,370000.0,126.0,13
TAMAN TUALANG INDAH,Mentakab,MENTAKAB,PAHANG | MENTAKAB,Pahang,PAHANG,Freehold,Terrace House,Terrace House,Terrace House,Landed,210000.0,144.0,13
TAMAN DESA PERMAI,Kapar,KAPAR,SELANGOR | KAPAR,Selangor,SELANGOR,Freehold,Semi D,Semi D,Semi D,Landed,575000.0,205.0,13
PUCHONG HARTAMAS,Puchong,PUCHONG,SELANGOR | PUCHONG,Selangor,SELANGOR,Freehold,Terrace House,Terrace House,Terrace House,Landed,800000.0,495.0,13
TAMAN BEMBAN SETIA,Batu Gajah,BATU GAJAH,PERAK | BATU GAJAH,Perak,PERAK,Leasehold,Terrace House,Terrace House,Terrace House,Landed,240000.0,166.0,13
TAMAN IMPIANA ADRIL,Lahat,LAHAT,PERAK | LAHAT,Perak,PERAK,Leasehold,Terrace House,Terrace House,Terrace House,Landed,250000.0,184.0,13
D'ISLAND RESIDENCE,Puchong,PUCHONG,SELANGOR | PUCHONG,Selangor,SELANGOR,Mixed,Terrace House,Terrace House,Terrace House,Landed,929000.0,510.0,13
TAMAN DESA MELATI,Nilai,NILAI,NEGERI SEMBILAN | NILAI,Negeri Sembilan,NEGERI SEMBILAN,Freehold,Terrace House,Terrace House,Terrace House,Landed,490000.0,222.0,13
TAMAN SINTAR INDAH,Nibong Tebal,NIBONG TEBAL,PENANG | NIBONG TEBAL,Penang,PENANG,Freehold,"Terrace House, Semi D","Semi D, Terrace House",Semi D,Landed,340000.0,251.0,13
TAMAN CEMPAKA,Banting,BANTING,SELANGOR | BANTING,Selangor,SELANGOR,Freehold,Terrace House,Terrace House,Terrace House,Landed,450000.0,227.0,13
TTDI JAYA,Shah Alam,SHAH ALAM,SELANGOR | SHAH ALAM,Selangor,SELANGOR,Freehold,Terrace House,Terrace House,Terrace House,Landed,600000.0,382.0,13
"TAMAN BAYU INDERA, LUKUT",Port Dickson,PORT DICKSON,NEGERI SEMBILAN | PORT DICKSON,Negeri Sembilan,NEGERI SEMBILAN,Freehold,Terrace House,Terrace House,Terrace House,Landed,305000.0,200.0,13
TAMAN TEMIANG JAYA,Muar,MUAR,JOHOR | MUAR,Johor,JOHOR,Freehold,Terrace House,Terrace House,Terrace House,Landed,610000.0,312.0,13
PANDAMARAN JAYA,Pandamaran,PANDAMARAN,SELANGOR | PANDAMARAN,Selangor,SELANGOR,Leasehold,Terrace House,Terrace House,Terrace House,Landed,250000.0,200.0,13
TAMAN BUKIT TEMBAKAU,Umbai,UMBAI,MELAKA | UMBAI,Melaka,MELAKA,Freehold,"Terrace House, Semi D","Semi D, Terrace House",Semi D,Landed,260000.0,156.0,13
TAMAN BUKIT BELIMBING,Balakong,BALAKONG,SELANGOR | BALAKONG,Selangor,SELANGOR,Freehold,Terrace House,Terrace House,Terrace House,Landed,390000.0,434.0,13
OFF JALAN TELOK GADONG,Klang,KLANG,SELANGOR | KLANG,Selangor,SELANGOR,Freehold,Terrace House,Terrace House,Terrace House,Landed,600000.0,302.0,13
TAMAN SEMENYIH MEWAH,Semenyih,SEMENYIH,SELANGOR | SEMENYIH,Selangor,SELANGOR,Freehold,Terrace House,Terrace House,Terrace House,Landed,615000.0,354.0,13
TAMAN ENG ANN,Klang,KLANG,SELANGOR | KLANG,Selangor,SELANGOR,Freehold,Terrace House,Terrace House,Terrace House,Landed,480000.0,240.0,13
TAMAN EHSAN JAYA,Ulu Tiram,ULU TIRAM,JOHOR | ULU TIRAM,Johor,JOHOR,Leasehold,Terrace House,Terrace House,Terrace House,Landed,670000.0,499.0,13
TAMAN PAUH JAYA,Perai,PERAI,PENANG | PERAI,Penang,PENANG,Freehold,Terrace House,Terrace House,Terrace House,Landed,590000.0,400.0,13
TAMAN TIRAM,Kulim,KULIM,KEDAH | KULIM,Kedah,KEDAH,Freehold,"Semi D, Terrace House","Semi D, Terrace House",Semi D,Landed,280000.0,177.0,13
SETIA DAMAI 15,Setia Alam,SETIA ALAM,SELANGOR | SETIA ALAM,Selangor,SELANGOR,Freehold,Semi D,Semi D,Semi D,Landed,1490000.0,536.0,13
TAMAN DARULAMAN PERDANA,Sungai Petani,SUNGAI PETANI,KEDAH | SUNGAI PETANI,Kedah,KEDAH,Freehold,"Semi D, Terrace House","Semi D, Terrace House",Semi D,Landed,380000.0,186.0,13
TAMAN BUKIT SERDANG SEKSYEN 2,Seri Kembangan,SERI KEMBANGAN,SELANGOR | SERI KEMBANGAN,Selangor,SELANGOR,Freehold,Town House,Town House,Town House,Landed,455000.0,340.0,13
TAMAN SEMENYIH INDAH,Semenyih,SEMENYIH,SELANGOR | SEMENYIH,Selangor,SELANGOR,Freehold,Terrace House,Terrace House,Terrace House,Landed,390000.0,290.0,13
TAMAN SRI SENTOSA,Klang,KLANG,SELANGOR | KLANG,Selangor,SELANGOR,Freehold,"Town House, Terrace House","Terrace House, Town House",Terrace House,Landed,420000.0,346.0,13
TAMAN NUSA PERINTIS I,Iskandar Puteri (Nusajaya),ISKANDAR PUTERI (NUSAJAYA),JOHOR | ISKANDAR PUTERI (NUSAJAYA),Johor,JOHOR,Freehold,"Terrace House, Bungalow","Bungalow, Terrace House",Bungalow,Landed,550000.0,188.0,13
TAMAN BERTAM IMPIAN,Tanjong Minyak,TANJONG MINYAK,MELAKA | TANJONG MINYAK,Melaka,MELAKA,Freehold,Terrace House,Terrace House,Terrace House,Landed,270000.0,207.0,13
DESA PENGKALAN BERSATU,Ipoh,IPOH,PERAK | IPOH,Perak,PERAK,Leasehold,Terrace House,Terrace House,Terrace House,Landed,309800.0,241.0,13
TAMAN MAJU,Batu Pahat,BATU PAHAT,JOHOR | BATU PAHAT,Johor,JOHOR,Freehold,Terrace House,Terrace House,Terrace House,Landed,365000.0,246.0,13
SEKSYEN 8,Petaling Jaya,PETALING JAYA,SELANGOR | PETALING JAYA,Selangor,SELANGOR,Leasehold,"Terrace House, Semi D","Semi D, Terrace House",Semi D,Landed,600000.0,309.0,13
TAMAN MENARA MAJU,Klang,KLANG,SELANGOR | KLANG,Selangor,SELANGOR,Freehold,Terrace House,Terrace House,Terrace House,Landed,400000.0,253.0,13
TAMAN JATI,Rawang,RAWANG,SELANGOR | RAWANG,Selangor,SELANGOR,Leasehold,Terrace House,Terrace House,Terrace House,Landed,300000.0,293.0,13
PERKAMPUNGAN SRI MAHKOTA AMAN,Kuantan,KUANTAN,PAHANG | KUANTAN,Pahang,PAHANG,Freehold,Terrace House,Terrace House,Terrace House,Landed,250000.0,156.0,13
TAMAN BENDAHARA,Kuala Selangor,KUALA SELANGOR,SELANGOR | KUALA SELANGOR,Selangor,SELANGOR,Freehold,"Semi D, Terrace House","Semi D, Terrace House",Semi D,Landed,450000.0,215.0,13
MEDAN LAHAT BARU,Lahat,LAHAT,PERAK | LAHAT,Perak,PERAK,Leasehold,Terrace House,Terrace House,Terrace House,Landed,288800.0,179.0,13
INDERA DUTA,Kuantan,KUANTAN,PAHANG | KUANTAN,Pahang,PAHANG,Leasehold,Terrace House,Terrace House,Terrace House,Landed,360000.0,227.0,13
TAMAN KOBENA,Tampoi,TAMPOI,JOHOR | TAMPOI,Johor,JOHOR,Leasehold,Terrace House,Terrace House,Terrace House,Landed,330000.0,206.0,13
TAMAN SEGAR PERDANA,Cheras,CHERAS,SELANGOR | CHERAS,Selangor,SELANGOR,Leasehold,Semi D,Semi D,Semi D,Landed,929000.0,550.0,13
TAMAN INDAH (SUNGAI UDANG),Masjid Tanah,MASJID TANAH,MELAKA | MASJID TANAH,Melaka,MELAKA,Leasehold,Terrace House,Terrace House,Terrace House,Landed,300000.0,184.0,13
LUCKY GARDEN (JALAN BANGSAR),Bangsar,BANGSAR,KUALA LUMPUR | BANGSAR,Kuala Lumpur,KUALA LUMPUR,Freehold,"Semi D, Terrace House","Semi D, Terrace House",Semi D,Landed,1270000.0,624.0,13
TAMAN DELIMA,Sitiawan,SITIAWAN,PERAK | SITIAWAN,Perak,PERAK,Freehold,Terrace House,Terrace House,Terrace House,Landed,368800.0,180.0,13
TAMAN SEMARAK II,Nilai,NILAI,NEGERI SEMBILAN | NILAI,Negeri Sembilan,NEGERI SEMBILAN,Freehold,Terrace House,Terrace House,Terrace House,Landed,300000.0,195.0,13
Taman Langat Murni Apartment,Dengkil,DENGKIL,SELANGOR | DENGKIL,Selangor,SELANGOR,Leasehold,Apartment,Apartment,Apartment,High-Rise,180000.0,224.0,13
Grace Residence,Jelutong,JELUTONG,PENANG | JELUTONG,Penang,PENANG,Freehold,Condominium,Condominium,Condominium,High-Rise,780000.0,592.0,13
Desa Skudai Apartment,Skudai,SKUDAI,JOHOR | SKUDAI,Johor,JOHOR,Freehold,Apartment,Apartment,Apartment,High-Rise,330000.0,281.0,13
Flat PKNS Seksyen 8,Shah Alam,SHAH ALAM,SELANGOR | SHAH ALAM,Selangor,SELANGOR,Leasehold,Flat,Flat,Flat,High-Rise,170000.0,287.0,13
Desaria Villa,Puchong,PUCHONG,SELANGOR | PUCHONG,Selangor,SELANGOR,Leasehold,Condominium,Condominium,Condominium,High-Rise,220000.0,204.0,13
Tropicana Bay Residences,Bayan Lepas,BAYAN LEPAS,PENANG | BAYAN LEPAS,Penang,PENANG,Freehold,Condominium,Condominium,Condominium,High-Rise,595000.0,688.0,13
1120 Park Avenue,Petaling Jaya,PETALING JAYA,SELANGOR | PETALING JAYA,Selangor,SELANGOR,Leasehold,Condominium,Condominium,Condominium,High-Rise,430000.0,422.0,13
Seri Jati,Setia Alam,SETIA ALAM,SELANGOR | SETIA ALAM,Selangor,SELANGOR,Freehold,Apartment,Apartment,Apartment,High-Rise,325000.0,397.0,13
D'Cerrum Apartment,Semenyih,SEMENYIH,SELANGOR | SEMENYIH,Selangor,SELANGOR,Freehold,Apartment,Apartment,Apartment,High-Rise,290000.0,306.0,13
Atlantis Residences (Pangsapuri Atlantis Kota Syahbandar),Melaka City,MELAKA CITY,MELAKA | MELAKA CITY,Melaka,MELAKA,Leasehold,Service Residence,Service Residence,Service Residence,High-Rise,330000.0,457.0,13
Atmosfera Kondominium,Puchong,PUCHONG,SELANGOR | PUCHONG,Selangor,SELANGOR,Freehold,Condominium,Condominium,Condominium,High-Rise,580000.0,406.0,13
Taman Setia Balakong,Balakong,BALAKONG,SELANGOR | BALAKONG,Selangor,SELANGOR,Leasehold,Flat,Flat,Flat,High-Rise,170000.0,231.0,13
"Taman Daya - Jalan Pinang 3, 4",Tebrau,TEBRAU,JOHOR | TEBRAU,Johor,JOHOR,Freehold,Flat,Flat,Flat,High-Rise,150000.0,258.0,13
Subang Perdana Goodyear Court 9,Subang Jaya,SUBANG JAYA,SELANGOR | SUBANG JAYA,Selangor,SELANGOR,Freehold,Apartment,Apartment,Apartment,High-Rise,380000.0,373.0,13
Kenanga (Park View Court),Melaka City,MELAKA CITY,MELAKA | MELAKA CITY,Melaka,MELAKA,Freehold,Apartment,Apartment,Apartment,High-Rise,220000.0,230.0,13
Nova Saujana,Saujana,SAUJANA,SELANGOR | SAUJANA,Selangor,SELANGOR,Freehold,Service Residence,Service Residence,Service Residence,High-Rise,530000.0,614.0,13
Puncak Banyan,Cheras,CHERAS,KUALA LUMPUR | CHERAS,Kuala Lumpur,KUALA LUMPUR,Freehold,Condominium,Condominium,Condominium,High-Rise,328000.0,401.0,13
Vista Kiara,Mont Kiara,MONT KIARA,KUALA LUMPUR | MONT KIARA,Kuala Lumpur,KUALA LUMPUR,Freehold,Condominium,Condominium,Condominium,High-Rise,630000.0,452.0,13
Valencia Apartment,Shah Alam,SHAH ALAM,SELANGOR | SHAH ALAM,Selangor,SELANGOR,Leasehold,Apartment,Apartment,Apartment,High-Rise,170000.0,179.0,13
Pan Vista,Permas Jaya,PERMAS JAYA,JOHOR | PERMAS JAYA,Johor,JOHOR,Freehold,Apartment,Apartment,Apartment,High-Rise,339000.0,331.0,13
Larkin Heights,Johor Bahru,JOHOR BAHRU,JOHOR | JOHOR BAHRU,Johor,JOHOR,Leasehold,Service Residence,Service Residence,Service Residence,High-Rise,388000.0,388.0,13
Casa Tropika,Puchong,PUCHONG,SELANGOR | PUCHONG,Selangor,SELANGOR,Leasehold,Condominium,Condominium,Condominium,High-Rise,495000.0,393.0,13
The Clovers,Bayan Lepas,BAYAN LEPAS,PENANG | BAYAN LEPAS,Penang,PENANG,Freehold,Condominium,Condominium,Condominium,High-Rise,620000.0,472.0,13
Sri Anggerik 1,Puchong,PUCHONG,SELANGOR | PUCHONG,Selangor,SELANGOR,Freehold,Apartment,Apartment,Apartment,High-Rise,320000.0,407.0,13
Jentayu Residensi @ Tampoi,Johor Bahru,JOHOR BAHRU,JOHOR | JOHOR BAHRU,Johor,JOHOR,Freehold,Service Residence,Service Residence,Service Residence,High-Rise,370000.0,373.0,13
Casa Ria Apartment,Rawang,RAWANG,SELANGOR | RAWANG,Selangor,SELANGOR,Freehold,Apartment,Apartment,Apartment,High-Rise,210000.0,263.0,13
Pangsapuri Permai Puteri,Ampang,AMPANG,SELANGOR | AMPANG,Selangor,SELANGOR,Leasehold,Apartment,Apartment,Apartment,High-Rise,320000.0,372.0,13
Pandan Mewah,Ampang,AMPANG,SELANGOR | AMPANG,Selangor,SELANGOR,Leasehold,Flat,Flat,Flat,High-Rise,190000.0,249.0,13
Casa Idaman,Sentul,SENTUL,KUALA LUMPUR | SENTUL,Kuala Lumpur,KUALA LUMPUR,Leasehold,Condominium,Condominium,Condominium,High-Rise,400000.0,394.0,13
Taman Saujana Puchong,Puchong,PUCHONG,SELANGOR | PUCHONG,Selangor,SELANGOR,Leasehold,Flat,Flat,Flat,High-Rise,105000.0,147.0,13
Pelangi Damansara 1,Bandar Utama,BANDAR UTAMA,SELANGOR | BANDAR UTAMA,Selangor,SELANGOR,Leasehold,Apartment,Apartment,Apartment,High-Rise,460000.0,497.0,13
Seri Riana Residence,Wangsa Maju,WANGSA MAJU,KUALA LUMPUR | WANGSA MAJU,Kuala Lumpur,KUALA LUMPUR,Leasehold,Condominium,Condominium,Condominium,High-Rise,1000000.0,584.0,13
Vista Magna,Kepong,KEPONG,KUALA LUMPUR | KEPONG,Kuala Lumpur,KUALA LUMPUR,Leasehold,Apartment,Apartment,Apartment,High-Rise,285000.0,331.0,13
Anjung Hijau (Greenfields),Bukit Jalil,BUKIT JALIL,KUALA LUMPUR | BUKIT JALIL,Kuala Lumpur,KUALA LUMPUR,Freehold,Apartment,Apartment,Apartment,High-Rise,425000.0,429.0,13
Taman Seri Sari (Sunshine Garden),Bukit Jambul,BUKIT JAMBUL,PENANG | BUKIT JAMBUL,Penang,PENANG,Freehold,Apartment,Apartment,Apartment,High-Rise,260000.0,371.0,13
Kiaraville,Mont Kiara,MONT KIARA,KUALA LUMPUR | MONT KIARA,Kuala Lumpur,KUALA LUMPUR,Freehold,Condominium,Condominium,Condominium,High-Rise,1300000.0,667.0,13
Beverly Hills 1,Kota Kinabalu,KOTA KINABALU,SABAH | KOTA KINABALU,Sabah,SABAH,Leasehold,Apartment,Apartment,Apartment,High-Rise,265000.0,352.0,13
Bandar Sultan Suleiman,Port Klang,PORT KLANG,SELANGOR | PORT KLANG,Selangor,SELANGOR,Leasehold,Flat,Flat,Flat,High-Rise,155000.0,203.0,13
Mont Kiara Pines,Mont Kiara,MONT KIARA,KUALA LUMPUR | MONT KIARA,Kuala Lumpur,KUALA LUMPUR,Freehold,Condominium,Condominium,Condominium,High-Rise,695000.0,538.0,13
Ketumbar Heights,Cheras,CHERAS,KUALA LUMPUR | CHERAS,Kuala Lumpur,KUALA LUMPUR,Freehold,Condominium,Condominium,Condominium,High-Rise,298000.0,344.0,13
Seasons Amara Larkin,Johor Bahru,JOHOR BAHRU,JOHOR | JOHOR BAHRU,Johor,JOHOR,Leasehold,Service Residence,Service Residence,Service Residence,High-Rise,400000.0,402.0,13
Limau Manis,Bukit Mertajam,BUKIT MERTAJAM,PENANG | BUKIT MERTAJAM,Penang,PENANG,Freehold,Flat,Flat,Flat,High-Rise,150000.0,221.0,13
Taman Desa Rakyat Perdana,Pasir Gudang,PASIR GUDANG,JOHOR | PASIR GUDANG,Johor,JOHOR,Leasehold,Flat,Flat,Flat,High-Rise,130000.0,183.0,13
Jazz Suites @ Vivacity,Kuching,KUCHING,SARAWAK | KUCHING,Sarawak,SARAWAK,Leasehold,Condominium,Condominium,Condominium,High-Rise,650000.0,647.0,13
Taman Intan Baiduri,Batu Caves,BATU CAVES,KUALA LUMPUR | BATU CAVES,Kuala Lumpur,KUALA LUMPUR,Leasehold,Flat,Flat,Flat,High-Rise,130000.0,183.0,13
Iconic Skies,Sungai Ara,SUNGAI ARA,PENANG | SUNGAI ARA,Penang,PENANG,Freehold,Condominium,Condominium,Condominium,High-Rise,830700.0,607.0,13
Lok Kawi Heights,Papar,PAPAR,SABAH | PAPAR,Sabah,SABAH,Leasehold,Apartment,Apartment,Apartment,High-Rise,210000.0,269.0,13
Idaman Iris,Sungai Ara,SUNGAI ARA,PENANG | SUNGAI ARA,Penang,PENANG,Freehold,Apartment,Apartment,Apartment,High-Rise,400000.0,453.0,13
Arena Green,Bukit Jalil,BUKIT JALIL,KUALA LUMPUR | BUKIT JALIL,Kuala Lumpur,KUALA LUMPUR,Freehold,Apartment,Apartment,Apartment,High-Rise,270000.0,366.0,13
Amazing Heights,Klang,KLANG,SELANGOR | KLANG,Selangor,SELANGOR,Freehold,Apartment,Apartment,Apartment,High-Rise,280000.0,314.0,13
Taman Semarak II,Nilai,NILAI,NEGERI SEMBILAN | NILAI,Negeri Sembilan,NEGERI SEMBILAN,Freehold,Flat,Flat,Flat,High-Rise,120000.0,177.0,13
Plaza @ Kelana Jaya,Petaling Jaya,PETALING JAYA,SELANGOR | PETALING JAYA,Selangor,SELANGOR,Freehold,Service Residence,Service Residence,Service Residence,High-Rise,380000.0,841.0,13
Fair View Apartment,Permas Jaya,PERMAS JAYA,JOHOR | PERMAS JAYA,Johor,JOHOR,Freehold,Apartment,Apartment,Apartment,High-Rise,360000.0,342.0,13
Flat PKNS Section 7,Shah Alam,SHAH ALAM,SELANGOR | SHAH ALAM,Selangor,SELANGOR,Leasehold,Flat,Flat,Flat,High-Rise,230000.0,330.0,13
Pandora @ Tropicana Metropark,Subang Jaya,SUBANG JAYA,SELANGOR | SUBANG JAYA,Selangor,SELANGOR,Freehold,Service Residence,Service Residence,Service Residence,High-Rise,510000.0,608.0,13
Tanjung Court,Ayer Itam,AYER ITAM,PENANG | AYER ITAM,Penang,PENANG,Leasehold,Apartment,Apartment,Apartment,High-Rise,310000.0,394.0,13
Bukit OUG Condominiums,Bukit Jalil,BUKIT JALIL,KUALA LUMPUR | BUKIT JALIL,Kuala Lumpur,KUALA LUMPUR,Freehold,Condominium,Condominium,Condominium,High-Rise,320000.0,258.0,13
BANDAR BARU TAMBUN(TAMBUN PERMAI),Tambun,TAMBUN,PERAK | TAMBUN,Perak,PERAK,Leasehold,Terrace House,Terrace House,Terrace House,Landed,427500.0,273.0,12
TAMAN RIMBA EMAS,Mentakab,MENTAKAB,PAHANG | MENTAKAB,Pahang,PAHANG,Freehold,"Semi D, Terrace House","Semi D, Terrace House",Semi D,Landed,397900.0,139.0,12
TAMAN SEMARAK MEGAH,Tawau,TAWAU,SABAH | TAWAU,Sabah,SABAH,Leasehold,Terrace House,Terrace House,Terrace House,Landed,365000.0,250.0,12
BANDAR AMANJAYA (ZON SEROJA),Sungai Petani,SUNGAI PETANI,KEDAH | SUNGAI PETANI,Kedah,KEDAH,Freehold,Terrace House,Terrace House,Terrace House,Landed,220000.0,180.0,12
TAMAN NAKHODA,Telok Panglima Garang,TELOK PANGLIMA GARANG,SELANGOR | TELOK PANGLIMA GARANG,Selangor,SELANGOR,Freehold,Terrace House,Terrace House,Terrace House,Landed,455000.0,324.0,12
SS26 TAMAN MAYANG JAYA,Petaling Jaya,PETALING JAYA,SELANGOR | PETALING JAYA,Selangor,SELANGOR,Freehold,Terrace House,Terrace House,Terrace House,Landed,825000.0,610.0,12
SS20 DAMANSARA UTAMA,Petaling Jaya,PETALING JAYA,SELANGOR | PETALING JAYA,Selangor,SELANGOR,Freehold,Terrace House,Terrace House,Terrace House,Landed,1190000.0,687.0,12
SS15,Subang Jaya,SUBANG JAYA,SELANGOR | SUBANG JAYA,Selangor,SELANGOR,Freehold,Terrace House,Terrace House,Terrace House,Landed,922500.0,508.0,12
TAMAN KINDING FLORA,Ipoh,IPOH,PERAK | IPOH,Perak,PERAK,Leasehold,Cluster House,Cluster House,Cluster House,Landed,252500.0,192.0,12
DATO' AHMAD SAID,Ipoh,IPOH,PERAK | IPOH,Perak,PERAK,Freehold,Terrace House,Terrace House,Terrace House,Landed,309550.0,213.0,12
TAMAN HUI SING,Kuching,KUCHING,SARAWAK | KUCHING,Sarawak,SARAWAK,Leasehold,Terrace House,Terrace House,Terrace House,Landed,722500.0,254.0,12
TAMAN KLEBANG EHSAN,Ipoh,IPOH,PERAK | IPOH,Perak,PERAK,Leasehold,"Semi D, Bungalow","Bungalow, Semi D",Bungalow,Landed,328800.0,145.0,12
DESA BUKIT BERLIAN,Kapar,KAPAR,SELANGOR | KAPAR,Selangor,SELANGOR,Leasehold,"Semi D, Terrace House","Semi D, Terrace House",Semi D,Landed,446635.0,272.0,12
TAMAN PANDAMARAN PERMAI/KOTA PENDAMAR,Klang,KLANG,SELANGOR | KLANG,Selangor,SELANGOR,Freehold,Terrace House,Terrace House,Terrace House,Landed,420000.0,312.0,12
TAMAN AMANSARA (AMANSARA SOUTH),Kepala Batas,KEPALA BATAS,PENANG | KEPALA BATAS,Penang,PENANG,Freehold,Terrace House,Terrace House,Terrace House,Landed,481287.0,268.0,12
TAMAN DESA ANGGERIK (PUTRA NILAI),Nilai,NILAI,NEGERI SEMBILAN | NILAI,Negeri Sembilan,NEGERI SEMBILAN,Freehold,Terrace House,Terrace House,Terrace House,Landed,345000.0,193.0,12
RAINTREE PARK2,Sungai Bakap,SUNGAI BAKAP,PENANG | SUNGAI BAKAP,Penang,PENANG,Freehold,"Semi D, Town House, Terrace House","Semi D, Terrace House, Town House",Semi D,Landed,526500.0,321.0,12
1 TANJUNG,Ipoh,IPOH,PERAK | IPOH,Perak,PERAK,Freehold,Terrace House,Terrace House,Terrace House,Landed,298880.0,194.0,12
"TAMAN BUKIT MUTIARA, MK. LABIS",Labis,LABIS,JOHOR | LABIS,Johor,JOHOR,Freehold,Terrace House,Terrace House,Terrace House,Landed,344000.0,204.0,12
GEBENG RESIDENCE (P/L PT 25173),Sungai Karang,SUNGAI KARANG,PAHANG | SUNGAI KARANG,Pahang,PAHANG,Leasehold,Terrace House,Terrace House,Terrace House,Landed,238000.0,169.0,12
MEDAN LAPANGAN CYBER,Ipoh,IPOH,PERAK | IPOH,Perak,PERAK,Leasehold,"Terrace House, Town House","Terrace House, Town House",Terrace House,Landed,434500.0,263.0,12
T'LAGENDA@PERAMU (P/L 23051),Pekan,PEKAN,PAHANG | PEKAN,Pahang,PAHANG,Mixed,Terrace House,Terrace House,Terrace House,Landed,288000.0,184.0,12
TAMAN ALAMANDA,Kuala Kangsar,KUALA KANGSAR,PERAK | KUALA KANGSAR,Perak,PERAK,Freehold,Terrace House,Terrace House,Terrace House,Landed,269800.0,203.0,12
TAMAN SRI ANDALAS (P/L 1014),Klang,KLANG,SELANGOR | KLANG,Selangor,SELANGOR,Freehold,Terrace House,Terrace House,Terrace House,Landed,620000.0,515.0,12
"LOT 5330, GURNEY",Sitiawan,SITIAWAN,PERAK | SITIAWAN,Perak,PERAK,Freehold,Semi D,Semi D,Semi D,Landed,628000.0,210.0,12
TAMAN SERI DAGANG 1,Banting,BANTING,SELANGOR | BANTING,Selangor,SELANGOR,Freehold,Terrace House,Terrace House,Terrace House,Landed,390900.0,273.0,12
TAMAN BAYU PELANGI,Sungai Lalang,SUNGAI LALANG,KEDAH | SUNGAI LALANG,Kedah,KEDAH,Freehold,"Semi D, Terrace House","Semi D, Terrace House",Semi D,Landed,269800.0,188.0,12
VISTA IXORA,Ipoh,IPOH,PERAK | IPOH,Perak,PERAK,Leasehold,Terrace House,Terrace House,Terrace House,Landed,398380.0,296.0,12
LAMAN PERMATA,Tebrau,TEBRAU,JOHOR | TEBRAU,Johor,JOHOR,Freehold,Terrace House,Terrace House,Terrace House,Landed,788800.0,563.0,12
LEX LIVING,Ipoh,IPOH,PERAK | IPOH,Perak,PERAK,Freehold,Terrace House,Terrace House,Terrace House,Landed,568880.0,323.0,12
TAMAN DESA TEKKAH SENTOSA,Taiping,TAIPING,PERAK | TAIPING,Perak,PERAK,Leasehold,Terrace House,Terrace House,Terrace House,Landed,468800.0,367.0,12
TAMAN MANGGIS JAYA,Banting,BANTING,SELANGOR | BANTING,Selangor,SELANGOR,Freehold,"Terrace House, Semi D","Semi D, Terrace House",Semi D,Landed,442500.0,270.0,12
TAMAN PENAGA,Penaga,PENAGA,PENANG | PENAGA,Penang,PENANG,Freehold,"Terrace House, Semi D","Semi D, Terrace House",Semi D,Landed,237500.0,204.0,12
BANDAR BARU SUNGAI UDANG,Sungai Udang,SUNGAI UDANG,MELAKA | SUNGAI UDANG,Melaka,MELAKA,Leasehold,Terrace House,Terrace House,Terrace House,Landed,310000.0,193.0,12
TAMAN SRI RAMPAI,Wangsa Maju,WANGSA MAJU,KUALA LUMPUR | WANGSA MAJU,Kuala Lumpur,KUALA LUMPUR,Freehold,Terrace House,Terrace House,Terrace House,Landed,505000.0,566.0,12
DESA ARA,Sungai Ara,SUNGAI ARA,PENANG | SUNGAI ARA,Penang,PENANG,Freehold,Terrace House,Terrace House,Terrace House,Landed,815000.0,484.0,12
TAMAN BERSATU (GELONG),Jitra,JITRA,KEDAH | JITRA,Kedah,KEDAH,Freehold,Terrace House,Terrace House,Terrace House,Landed,200000.0,185.0,12
TAMAN SONG CHOON,Ipoh,IPOH,PERAK | IPOH,Perak,PERAK,Leasehold,Terrace House,Terrace House,Terrace House,Landed,237500.0,190.0,12
TAMAN MUTIARA GADING (TR 277),Batu Pahat,BATU PAHAT,JOHOR | BATU PAHAT,Johor,JOHOR,Freehold,Terrace House,Terrace House,Terrace House,Landed,495805.0,354.0,12
MERLIN GARDEN,Kota Samarahan,KOTA SAMARAHAN,SARAWAK | KOTA SAMARAHAN,Sarawak,SARAWAK,Leasehold,Terrace House,Terrace House,Terrace House,Landed,571500.0,263.0,12
TAMAN PLENTONG BARU,Masai,MASAI,JOHOR | MASAI,Johor,JOHOR,Freehold,Terrace House,Terrace House,Terrace House,Landed,295000.0,341.0,12
TAMAN KLEBANG BAYU,Ipoh,IPOH,PERAK | IPOH,Perak,PERAK,Freehold,Terrace House,Terrace House,Terrace House,Landed,380400.0,229.0,12
TAMAN KERUING,Batang Kali,BATANG KALI,SELANGOR | BATANG KALI,Selangor,SELANGOR,Leasehold,Terrace House,Terrace House,Terrace House,Landed,300000.0,198.0,12
TAMAN KHAZANAH INDAH,Lahad Datu,LAHAD DATU,SABAH | LAHAD DATU,Sabah,SABAH,Leasehold,Terrace House,Terrace House,Terrace House,Landed,250000.0,152.0,12
TAMAN SETIA RESIDEN,Sitiawan,SITIAWAN,PERAK | SITIAWAN,Perak,PERAK,Freehold,"Terrace House, Semi D","Semi D, Terrace House",Semi D,Landed,499000.0,251.0,12
TAMAN RIA FASA 1,Padang Serai,PADANG SERAI,KEDAH | PADANG SERAI,Kedah,KEDAH,Freehold,Terrace House,Terrace House,Terrace House,Landed,262500.0,182.0,12
TAMAN ISKANDAR,Johor Bahru,JOHOR BAHRU,JOHOR | JOHOR BAHRU,Johor,JOHOR,Freehold,"Bungalow, Semi D, Terrace House","Bungalow, Semi D, Terrace House",Bungalow,Landed,744000.0,257.0,12
ALAMANDA PARKLAND,Serendah,SERENDAH,SELANGOR | SERENDAH,Selangor,SELANGOR,Freehold,Terrace House,Terrace House,Terrace House,Landed,475000.0,397.0,12
HORIZON RESIDENCE @ BUKIT INDAH,Iskandar Puteri (Nusajaya),ISKANDAR PUTERI (NUSAJAYA),JOHOR | ISKANDAR PUTERI (NUSAJAYA),Johor,JOHOR,Freehold,Terrace House,Terrace House,Terrace House,Landed,850000.0,451.0,12
PER.SRI. MAHKOTA JAYA (T.WIRA JAYA),Kuantan,KUANTAN,PAHANG | KUANTAN,Pahang,PAHANG,Freehold,Terrace House,Terrace House,Terrace House,Landed,160000.0,229.0,12
TAMAN VISTA JAYA,Port Dickson,PORT DICKSON,NEGERI SEMBILAN | PORT DICKSON,Negeri Sembilan,NEGERI SEMBILAN,Leasehold,Terrace House,Terrace House,Terrace House,Landed,175000.0,140.0,12
TAMAN MANJUNG POINT SEKSYEN 2(PL 12194),Lumut,LUMUT,PERAK | LUMUT,Perak,PERAK,Freehold,"Terrace House, Semi D","Semi D, Terrace House",Semi D,Landed,300000.0,238.0,12
KB JINJANG UTARA,Jinjang,JINJANG,KUALA LUMPUR | JINJANG,Kuala Lumpur,KUALA LUMPUR,Leasehold,"Bungalow, Semi D","Bungalow, Semi D",Bungalow,Landed,675000.0,207.0,12
"TAMAN LEKIR DAMAI, KAMPUNG KOH",Sitiawan,SITIAWAN,PERAK | SITIAWAN,Perak,PERAK,Freehold,Terrace House,Terrace House,Terrace House,Landed,279400.0,178.0,12
TAMAN KASAWARI,Durian Tunggal,DURIAN TUNGGAL,MELAKA | DURIAN TUNGGAL,Melaka,MELAKA,Freehold,"Terrace House, Town House","Terrace House, Town House",Terrace House,Landed,413000.0,244.0,12
TAMAN SRI JAYA (SUNGAI PELIK),Sepang,SEPANG,SELANGOR | SEPANG,Selangor,SELANGOR,Freehold,Terrace House,Terrace House,Terrace House,Landed,598000.0,301.0,12
TAMAN SENDAYAN INDAH,Bandar Sri Sendayan,BANDAR SRI SENDAYAN,NEGERI SEMBILAN | BANDAR SRI SENDAYAN,Negeri Sembilan,NEGERI SEMBILAN,Freehold,Terrace House,Terrace House,Terrace House,Landed,271000.0,188.0,12
KAMPUNG MAK CHILI,Kemaman,KEMAMAN,TERENGGANU | KEMAMAN,Terengganu,TERENGGANU,Freehold,"Bungalow, Semi D","Bungalow, Semi D",Bungalow,Landed,330000.0,115.0,12
DESA SEJIJAK,Kuching,KUCHING,SARAWAK | KUCHING,Sarawak,SARAWAK,Leasehold,Terrace House,Terrace House,Terrace House,Landed,176050.0,166.0,12
SHAH ALAM UTAMA,Shah Alam,SHAH ALAM,SELANGOR | SHAH ALAM,Selangor,SELANGOR,Leasehold,Terrace House,Terrace House,Terrace House,Landed,1073250.0,560.0,12
TAMAN SRI BAHAGIA,Cheras,CHERAS,SELANGOR | CHERAS,Selangor,SELANGOR,Freehold,Terrace House,Terrace House,Terrace House,Landed,561000.0,447.0,12
TAMAN MELAKA BARU,Batu Berendam,BATU BERENDAM,MELAKA | BATU BERENDAM,Melaka,MELAKA,Leasehold,Terrace House,Terrace House,Terrace House,Landed,300000.0,202.0,12
TAMAN MERDEKA FASA 1D,Batu Berendam,BATU BERENDAM,MELAKA | BATU BERENDAM,Melaka,MELAKA,Leasehold,Terrace House,Terrace House,Terrace House,Landed,275000.0,232.0,12
TAMAN SINAR MENTARI,Bedong,BEDONG,KEDAH | BEDONG,Kedah,KEDAH,Freehold,Terrace House,Terrace House,Terrace House,Landed,235000.0,149.0,12
TAMAN DELIMA,Kluang,KLUANG,JOHOR | KLUANG,Johor,JOHOR,Freehold,"Bungalow, Terrace House, Semi D","Bungalow, Semi D, Terrace House",Bungalow,Landed,360000.0,153.0,12
BANDAR NUSAPUTRA,Puchong,PUCHONG,SELANGOR | PUCHONG,Selangor,SELANGOR,Mixed,Terrace House,Terrace House,Terrace House,Landed,635000.0,347.0,12
"TAMAN SRI MAS, BIDOR",Bidor,BIDOR,PERAK | BIDOR,Perak,PERAK,Leasehold,Terrace House,Terrace House,Terrace House,Landed,300000.0,194.0,12
TAMAN MURNI,Batu Pahat,BATU PAHAT,JOHOR | BATU PAHAT,Johor,JOHOR,Freehold,Terrace House,Terrace House,Terrace House,Landed,327500.0,233.0,12
TAMAN SRI CENDEKIA (TAMAN CONNAUGHT),Cheras,CHERAS,KUALA LUMPUR | CHERAS,Kuala Lumpur,KUALA LUMPUR,Leasehold,Terrace House,Terrace House,Terrace House,Landed,705000.0,370.0,12
TAMAN DESA PAKATAN,Ipoh,IPOH,PERAK | IPOH,Perak,PERAK,Leasehold,Terrace House,Terrace House,Terrace House,Landed,188500.0,216.0,12
TAMAN TELUK GEDUNG INDAH,Klang,KLANG,SELANGOR | KLANG,Selangor,SELANGOR,Leasehold,Terrace House,Terrace House,Terrace House,Landed,382500.0,286.0,12
TAMAN SRI SERDANG,Kepala Batas,KEPALA BATAS,PENANG | KEPALA BATAS,Penang,PENANG,Freehold,"Bungalow, Terrace House","Bungalow, Terrace House",Bungalow,Landed,425000.0,236.0,12
TAMAN GARING UTAMA,Rawang,RAWANG,SELANGOR | RAWANG,Selangor,SELANGOR,Leasehold,Terrace House,Terrace House,Terrace House,Landed,350000.0,248.0,12
TAMAN SRI JAYA,Batu Pahat,BATU PAHAT,JOHOR | BATU PAHAT,Johor,JOHOR,Freehold,Terrace House,Terrace House,Terrace House,Landed,301500.0,201.0,12
TAMAN BUKIT,Bukit Mertajam,BUKIT MERTAJAM,PENANG | BUKIT MERTAJAM,Penang,PENANG,Freehold,Semi D,Semi D,Semi D,Landed,620000.0,248.0,12
TAMAN SERI IMPIAN,Bukit Mertajam,BUKIT MERTAJAM,PENANG | BUKIT MERTAJAM,Penang,PENANG,Freehold,Terrace House,Terrace House,Terrace House,Landed,589000.0,405.0,12
TAMAN BUKIT PANCHOR,Nibong Tebal,NIBONG TEBAL,PENANG | NIBONG TEBAL,Penang,PENANG,Freehold,Terrace House,Terrace House,Terrace House,Landed,374160.0,299.0,12
TABUAN LARU,Kuching,KUCHING,SARAWAK | KUCHING,Sarawak,SARAWAK,Mixed,"Semi D, Terrace House","Semi D, Terrace House",Semi D,Landed,509444.0,250.0,12
TAMAN CEMPAKA INDAH (PEC LOT 8029),Triang,TRIANG,PAHANG | TRIANG,Pahang,PAHANG,Freehold,Terrace House,Terrace House,Terrace House,Landed,288000.0,139.0,12
TAMAN KOPERASI MUHIBBAH,Kluang,KLUANG,JOHOR | KLUANG,Johor,JOHOR,Freehold,Terrace House,Terrace House,Terrace House,Landed,180000.0,182.0,12
TAMAN MERU MAKMUR,Kapar,KAPAR,SELANGOR | KAPAR,Selangor,SELANGOR,Freehold,"Terrace House, Semi D","Semi D, Terrace House",Semi D,Landed,543000.0,232.0,12
TAMAN BUKIT EMAS,Sungei Petai,SUNGEI PETAI,MELAKA | SUNGEI PETAI,Melaka,MELAKA,Freehold,Terrace House,Terrace House,Terrace House,Landed,252500.0,160.0,12
TAMAN BUKIT SERINDIT,Melaka City,MELAKA CITY,MELAKA | MELAKA CITY,Melaka,MELAKA,Freehold,"Bungalow, Semi D","Bungalow, Semi D",Bungalow,Landed,392500.0,219.0,12
TAMAN RASAH JAYA I,Rasah,RASAH,NEGERI SEMBILAN | RASAH,Negeri Sembilan,NEGERI SEMBILAN,Freehold,Terrace House,Terrace House,Terrace House,Landed,300000.0,202.0,12
TAMAN AMPANGAN,Paroi,PAROI,NEGERI SEMBILAN | PAROI,Negeri Sembilan,NEGERI SEMBILAN,Freehold,"Semi D, Terrace House","Semi D, Terrace House",Semi D,Landed,230000.0,145.0,12
TAMAN ARKID,Menglembu,MENGLEMBU,PERAK | MENGLEMBU,Perak,PERAK,Leasehold,Terrace House,Terrace House,Terrace House,Landed,250000.0,239.0,12
TAMAN DESA,Kluang,KLUANG,JOHOR | KLUANG,Johor,JOHOR,Freehold,"Terrace House, Semi D","Semi D, Terrace House",Semi D,Landed,215000.0,167.0,12
BANDAR BARU WANGSA MAJU,Wangsa Maju,WANGSA MAJU,KUALA LUMPUR | WANGSA MAJU,Kuala Lumpur,KUALA LUMPUR,Leasehold,Terrace House,Terrace House,Terrace House,Landed,840000.0,428.0,12
TAMAN PUTERI GUNUNG,Simpang Ampat,SIMPANG AMPAT,PENANG | SIMPANG AMPAT,Penang,PENANG,Freehold,Terrace House,Terrace House,Terrace House,Landed,275000.0,219.0,12
TAMAN SRI BAKRI III,Muar,MUAR,JOHOR | MUAR,Johor,JOHOR,Freehold,Terrace House,Terrace House,Terrace House,Landed,394000.0,243.0,12
NUSAVILLA,Iskandar Puteri (Nusajaya),ISKANDAR PUTERI (NUSAJAYA),JOHOR | ISKANDAR PUTERI (NUSAJAYA),Johor,JOHOR,Freehold,Town House,Town House,Town House,Landed,500000.0,320.0,12
TAMAN PENAGA PERMAI,Penaga,PENAGA,PENANG | PENAGA,Penang,PENANG,Freehold,"Semi D, Terrace House, Town House","Semi D, Terrace House, Town House",Semi D,Landed,350000.0,245.0,12
TAMAN PUTRA,Ampang,AMPANG,SELANGOR | AMPANG,Selangor,SELANGOR,Leasehold,"Semi D, Terrace House","Semi D, Terrace House",Semi D,Landed,420000.0,507.0,12
TAMAN BUKIT PASIR,Batu Pahat,BATU PAHAT,JOHOR | BATU PAHAT,Johor,JOHOR,Freehold,Terrace House,Terrace House,Terrace House,Landed,300000.0,195.0,12
NADA 3 @ NADA ALAM,Mantin,MANTIN,NEGERI SEMBILAN | MANTIN,Negeri Sembilan,NEGERI SEMBILAN,Freehold,Terrace House,Terrace House,Terrace House,Landed,960000.0,464.0,12
TAMAN BERTEK,Klang,KLANG,SELANGOR | KLANG,Selangor,SELANGOR,Freehold,Terrace House,Terrace House,Terrace House,Landed,866000.0,352.0,12
TAMAN BUKIT KAYA,Bukit Kepayang,BUKIT KEPAYANG,NEGERI SEMBILAN | BUKIT KEPAYANG,Negeri Sembilan,NEGERI SEMBILAN,Freehold,Terrace House,Terrace House,Terrace House,Landed,300000.0,151.0,12
TAMAN KOPERASI CUEPACS,Cheras,CHERAS,SELANGOR | CHERAS,Selangor,SELANGOR,Freehold,Terrace House,Terrace House,Terrace House,Landed,390000.0,376.0,12
SEKSYEN 21-28 BANDAR KLANG,Klang,KLANG,SELANGOR | KLANG,Selangor,SELANGOR,Freehold,"Terrace House, Semi D","Semi D, Terrace House",Semi D,Landed,625000.0,347.0,12
TAMAN TELUK VILLA,Penampang,PENAMPANG,SABAH | PENAMPANG,Sabah,SABAH,Leasehold,Terrace House,Terrace House,Terrace House,Landed,432500.0,256.0,12
TAMAN SEJATI INDAH FASA 3B,Sungai Petani,SUNGAI PETANI,KEDAH | SUNGAI PETANI,Kedah,KEDAH,Freehold,Terrace House,Terrace House,Terrace House,Landed,265000.0,204.0,12
TAMAN TAN SRI YAACOB,Skudai,SKUDAI,JOHOR | SKUDAI,Johor,JOHOR,Freehold,Terrace House,Terrace House,Terrace House,Landed,400000.0,495.0,12
TAMAN ASA JAYA,Kajang,KAJANG,SELANGOR | KAJANG,Selangor,SELANGOR,Freehold,Terrace House,Terrace House,Terrace House,Landed,485000.0,389.0,12
TAMAN JUMBO,Penampang,PENAMPANG,SABAH | PENAMPANG,Sabah,SABAH,Leasehold,Terrace House,Terrace House,Terrace House,Landed,350000.0,390.0,12
TAMAN SERI JAROMAS,Jenjarom,JENJAROM,SELANGOR | JENJAROM,Selangor,SELANGOR,Freehold,"Semi D, Terrace House","Semi D, Terrace House",Semi D,Landed,790000.0,272.0,12
SRI AWANA,Skudai,SKUDAI,JOHOR | SKUDAI,Johor,JOHOR,Freehold,Town House,Town House,Town House,Landed,280000.0,274.0,12
Desa Baiduri,Ayer Itam,AYER ITAM,PENANG | AYER ITAM,Penang,PENANG,Leasehold,Flat,Flat,Flat,High-Rise,190000.0,309.0,12
Crystal Creek Resort,Taiping,TAIPING,PERAK | TAIPING,Perak,PERAK,Freehold,Condominium,Condominium,Condominium,High-Rise,300000.0,220.0,12
Apartment Seri Teluki,Hulu Selangor,HULU SELANGOR,SELANGOR | HULU SELANGOR,Selangor,SELANGOR,Freehold,Flat,Flat,Flat,High-Rise,150000.0,192.0,12
Mont Kiara Aman,Mont Kiara,MONT KIARA,KUALA LUMPUR | MONT KIARA,Kuala Lumpur,KUALA LUMPUR,Freehold,Condominium,Condominium,Condominium,High-Rise,1475000.0,650.0,12
Platinum Lake PV 12,Setapak,SETAPAK,KUALA LUMPUR | SETAPAK,Kuala Lumpur,KUALA LUMPUR,Leasehold,Condominium,Condominium,Condominium,High-Rise,475000.0,381.0,12
Idaman Lavender 3,Sungai Ara,SUNGAI ARA,PENANG | SUNGAI ARA,Penang,PENANG,Freehold,Apartment,Apartment,Apartment,High-Rise,340000.0,452.0,12
Paradiso Nuova (Merak Kayangan),Iskandar Puteri (Nusajaya),ISKANDAR PUTERI (NUSAJAYA),JOHOR | ISKANDAR PUTERI (NUSAJAYA),Johor,JOHOR,Freehold,Condominium,Condominium,Condominium,High-Rise,708000.0,485.0,12
Green Avenue Condominium,Bukit Jalil,BUKIT JALIL,KUALA LUMPUR | BUKIT JALIL,Kuala Lumpur,KUALA LUMPUR,Freehold,Condominium,Condominium,Condominium,High-Rise,452500.0,421.0,12
Azuria Condominium,Tanjung Bungah,TANJUNG BUNGAH,PENANG | TANJUNG BUNGAH,Penang,PENANG,Freehold,Condominium,Condominium,Condominium,High-Rise,289000.0,419.0,12
Mutiara Magna,Kepong,KEPONG,KUALA LUMPUR | KEPONG,Kuala Lumpur,KUALA LUMPUR,Leasehold,Flat,Flat,Flat,High-Rise,220000.0,326.0,12
Seroja,Setia Alam,SETIA ALAM,SELANGOR | SETIA ALAM,Selangor,SELANGOR,Freehold,Flat,Flat,Flat,High-Rise,200000.0,300.0,12
Pandan Residence,Tebrau,TEBRAU,JOHOR | TEBRAU,Johor,JOHOR,Leasehold,Service Residence,Service Residence,Service Residence,High-Rise,390000.0,423.0,12
Parkview Towers,Bukit Jambul,BUKIT JAMBUL,PENANG | BUKIT JAMBUL,Penang,PENANG,Leasehold,Apartment,Apartment,Apartment,High-Rise,370000.0,360.0,12
Suria Kinrara,Bandar Kinrara,BANDAR KINRARA,SELANGOR | BANDAR KINRARA,Selangor,SELANGOR,Leasehold,Service Residence,Service Residence,Service Residence,High-Rise,181500.0,255.0,12
28 Boulevard,Ampang,AMPANG,SELANGOR | AMPANG,Selangor,SELANGOR,Leasehold,Service Residence,Service Residence,Service Residence,High-Rise,335000.0,675.0,12
Bayu Tasik 1,Cheras,CHERAS,KUALA LUMPUR | CHERAS,Kuala Lumpur,KUALA LUMPUR,Leasehold,Condominium,Condominium,Condominium,High-Rise,380000.0,420.0,12
Taman Pandan Cahaya,Ampang,AMPANG,SELANGOR | AMPANG,Selangor,SELANGOR,Leasehold,Flat,Flat,Flat,High-Rise,170000.0,275.0,12
Palm Court Condominium,Brickfields,BRICKFIELDS,KUALA LUMPUR | BRICKFIELDS,Kuala Lumpur,KUALA LUMPUR,Leasehold,Condominium,Condominium,Condominium,High-Rise,367500.0,388.0,12
Prestige III,Balik Pulau,BALIK PULAU,PENANG | BALIK PULAU,Penang,PENANG,Freehold,Apartment,Apartment,Apartment,High-Rise,192500.0,298.0,12
Taman Larkin Idaman Plot C,Johor Bahru,JOHOR BAHRU,JOHOR | JOHOR BAHRU,Johor,JOHOR,Leasehold,Apartment,Apartment,Apartment,High-Rise,265000.0,308.0,12
The Vyne,Sungai Besi,SUNGAI BESI,KUALA LUMPUR | SUNGAI BESI,Kuala Lumpur,KUALA LUMPUR,Leasehold,Condominium,Condominium,Condominium,High-Rise,467500.0,540.0,12
Sierra East,Relau,RELAU,PENANG | RELAU,Penang,PENANG,Freehold,Condominium,Condominium,Condominium,High-Rise,786500.0,566.0,12
Menara Orkid,Sentul,SENTUL,KUALA LUMPUR | SENTUL,Kuala Lumpur,KUALA LUMPUR,Leasehold,Apartment,Apartment,Apartment,High-Rise,295000.0,347.0,12
Pangsapuri Pelangi,Georgetown,GEORGETOWN,PENANG | GEORGETOWN,Penang,PENANG,Leasehold,Flat,Flat,Flat,High-Rise,245000.0,348.0,12
Riana Green Condominium,Tropicana,TROPICANA,SELANGOR | TROPICANA,Selangor,SELANGOR,Leasehold,Condominium,Condominium,Condominium,High-Rise,495000.0,445.0,12
Subang Avenue,Subang Jaya,SUBANG JAYA,SELANGOR | SUBANG JAYA,Selangor,SELANGOR,Freehold,Service Residence,Service Residence,Service Residence,High-Rise,470000.0,470.0,12
M City,Ampang,AMPANG,KUALA LUMPUR | AMPANG,Kuala Lumpur,KUALA LUMPUR,Freehold,Service Residence,Service Residence,Service Residence,High-Rise,530000.0,598.0,12
D'Inspire Residence (Inspira Bestari),Iskandar Puteri (Nusajaya),ISKANDAR PUTERI (NUSAJAYA),JOHOR | ISKANDAR PUTERI (NUSAJAYA),Johor,JOHOR,Freehold,Service Residence,Service Residence,Service Residence,High-Rise,446150.0,437.0,12
Centrio Avenue,Gelugor,GELUGOR,PENANG | GELUGOR,Penang,PENANG,Freehold,Apartment,Apartment,Apartment,High-Rise,330000.0,483.0,12
Bukit Saujana,Ayer Itam,AYER ITAM,PENANG | AYER ITAM,Penang,PENANG,Freehold,Flat,Flat,Flat,High-Rise,220000.0,319.0,12
Berjaya Times Square,Bukit Bintang,BUKIT BINTANG,KUALA LUMPUR | BUKIT BINTANG,Kuala Lumpur,KUALA LUMPUR,Freehold,Service Residence,Service Residence,Service Residence,High-Rise,499600.0,805.0,12
Pelangi Indah Condominium,Jalan Kuching,JALAN KUCHING,KUALA LUMPUR | JALAN KUCHING,Kuala Lumpur,KUALA LUMPUR,Freehold,Condominium,Condominium,Condominium,High-Rise,295000.0,293.0,12
Palmville Resort Condominium,Bandar Sunway,BANDAR SUNWAY,SELANGOR | BANDAR SUNWAY,Selangor,SELANGOR,Leasehold,Condominium,Condominium,Condominium,High-Rise,692500.0,469.0,12
SD Apartments II,Bandar Sri Damansara,BANDAR SRI DAMANSARA,SELANGOR | BANDAR SRI DAMANSARA,Selangor,SELANGOR,Freehold,Apartment,Apartment,Apartment,High-Rise,340000.0,430.0,12
Greenview Residence,Bandar Sungai Long,BANDAR SUNGAI LONG,SELANGOR | BANDAR SUNGAI LONG,Selangor,SELANGOR,Freehold,Condominium,Condominium,Condominium,High-Rise,650000.0,479.0,12
The Regina,Subang Jaya,SUBANG JAYA,SELANGOR | SUBANG JAYA,Selangor,SELANGOR,Leasehold,Condominium,Condominium,Condominium,High-Rise,545000.0,446.0,12
Beverly Hills 5,Kota Kinabalu,KOTA KINABALU,SABAH | KOTA KINABALU,Sabah,SABAH,Leasehold,Apartment,Apartment,Apartment,High-Rise,185000.0,402.0,12
Flat Danau Kota,Setapak,SETAPAK,KUALA LUMPUR | SETAPAK,Kuala Lumpur,KUALA LUMPUR,Leasehold,Flat,Flat,Flat,High-Rise,190000.0,271.0,12
Putra Damai,Putrajaya,PUTRAJAYA,PUTRAJAYA | PUTRAJAYA,Putrajaya,PUTRAJAYA,Freehold,Flat,Flat,Flat,High-Rise,250000.0,357.0,12
Anggerik Apartment,Serendah,SERENDAH,SELANGOR | SERENDAH,Selangor,SELANGOR,Freehold,Apartment,Apartment,Apartment,High-Rise,130000.0,185.0,12
Cyber Heights Villa,Cyberjaya,CYBERJAYA,SELANGOR | CYBERJAYA,Selangor,SELANGOR,Freehold,Condominium,Condominium,Condominium,High-Rise,364315.0,284.0,12
Straits Quay (The Suites at Waterside),Tanjong Tokong,TANJONG TOKONG,PENANG | TANJONG TOKONG,Penang,PENANG,Freehold,Service Residence,Service Residence,Service Residence,High-Rise,1130000.0,851.0,12
Wisma 2020,Muar,MUAR,JOHOR | MUAR,Johor,JOHOR,Freehold,Apartment,Apartment,Apartment,High-Rise,155000.0,220.0,12
Karisma @ Eco Majestic,Semenyih,SEMENYIH,SELANGOR | SEMENYIH,Selangor,SELANGOR,Freehold,Apartment,Apartment,Apartment,High-Rise,262500.0,329.0,12
Sentul Utama Condominium,Sentul,SENTUL,KUALA LUMPUR | SENTUL,Kuala Lumpur,KUALA LUMPUR,Leasehold,Condominium,Condominium,Condominium,High-Rise,342500.0,385.0,12
D'carlton (Residensi Seri Mega),Masai,MASAI,JOHOR | MASAI,Johor,JOHOR,Freehold,Service Residence,Service Residence,Service Residence,High-Rise,410000.0,414.0,12
Vista Indah Putra,Klang,KLANG,SELANGOR | KLANG,Selangor,SELANGOR,Freehold,Apartment,Apartment,Apartment,High-Rise,330000.0,336.0,12
Pangsapuri Cemara,Cheras,CHERAS,KUALA LUMPUR | CHERAS,Kuala Lumpur,KUALA LUMPUR,Leasehold,Apartment,Apartment,Apartment,High-Rise,377500.0,512.0,12
Pangsapuri Seri Inai,Serendah,SERENDAH,SELANGOR | SERENDAH,Selangor,SELANGOR,Freehold,Flat,Flat,Flat,High-Rise,132500.0,166.0,12
Subang Perdana Goodyear Court 6,Subang Jaya,SUBANG JAYA,SELANGOR | SUBANG JAYA,Selangor,SELANGOR,Freehold,Apartment,Apartment,Apartment,High-Rise,282500.0,345.0,12
Tuaran Impian,Tuaran,TUARAN,SABAH | TUARAN,Sabah,SABAH,Leasehold,Apartment,Apartment,Apartment,High-Rise,195000.0,234.0,12
KL Traders Square,Setapak,SETAPAK,KUALA LUMPUR | SETAPAK,Kuala Lumpur,KUALA LUMPUR,Freehold,Service Residence,Service Residence,Service Residence,High-Rise,500000.0,533.0,12
Mesahill,Nilai,NILAI,NEGERI SEMBILAN | NILAI,Negeri Sembilan,NEGERI SEMBILAN,Freehold,Service Residence,Service Residence,Service Residence,High-Rise,260000.0,446.0,12
The Peak Residences,Tanjong Tokong,TANJONG TOKONG,PENANG | TANJONG TOKONG,Penang,PENANG,Freehold,Condominium,Condominium,Condominium,High-Rise,570000.0,544.0,12
Taman Telipok Ria Fasa 1 & Fasa 2,Tuaran,TUARAN,SABAH | TUARAN,Sabah,SABAH,Leasehold,Apartment,Apartment,Apartment,High-Rise,160000.0,263.0,12
TAMAN GAMELAN INDAH,Sungai Bakap,SUNGAI BAKAP,PENANG | SUNGAI BAKAP,Penang,PENANG,Freehold,"Terrace House, Semi D","Semi D, Terrace House",Semi D,Landed,408000.0,264.0,11
TAMAN MERU 2B (FASA I-IV),Ipoh,IPOH,PERAK | IPOH,Perak,PERAK,Leasehold,Terrace House,Terrace House,Terrace House,Landed,280000.0,247.0,11
TAMAN TASEK MUTIARA,Ipoh,IPOH,PERAK | IPOH,Perak,PERAK,Freehold,Terrace House,Terrace House,Terrace House,Landed,370000.0,250.0,11
SEMENYIH PARKLANDS,Beranang,BERANANG,SELANGOR | BERANANG,Selangor,SELANGOR,Freehold,Terrace House,Terrace House,Terrace House,Landed,465000.0,357.0,11
TAMAN MASTIARA,Batu Caves,BATU CAVES,KUALA LUMPUR | BATU CAVES,Kuala Lumpur,KUALA LUMPUR,Leasehold,Terrace House,Terrace House,Terrace House,Landed,590000.0,586.0,11
TAMAN PERWIRA,Simpang Ampat,SIMPANG AMPAT,PENANG | SIMPANG AMPAT,Penang,PENANG,Freehold,Terrace House,Terrace House,Terrace House,Landed,290000.0,248.0,11
GALENA VILLA @TAMAN BUKIT GALENA,Seremban,SEREMBAN,NEGERI SEMBILAN | SEREMBAN,Negeri Sembilan,NEGERI SEMBILAN,Freehold,Terrace House,Terrace House,Terrace House,Landed,568000.0,397.0,11
TAMAN GADONG UTAMA,Bertam,BERTAM,MELAKA | BERTAM,Melaka,MELAKA,Mixed,"Semi D, Terrace House","Semi D, Terrace House",Semi D,Landed,320000.0,204.0,11
BANDAR JAYA,Bintulu,BINTULU,SARAWAK | BINTULU,Sarawak,SARAWAK,Leasehold,"Terrace House, Semi D","Semi D, Terrace House",Semi D,Landed,500000.0,250.0,11
RESIDENSI VILLA MUTIARA,Sungai Bakap,SUNGAI BAKAP,PENANG | SUNGAI BAKAP,Penang,PENANG,Freehold,"Terrace House, Semi D","Semi D, Terrace House",Semi D,Landed,560000.0,345.0,11
TAMAN AIR PUTIH PERMAI (PL 30779),Taiping,TAIPING,PERAK | TAIPING,Perak,PERAK,Freehold,Semi D,Semi D,Semi D,Landed,369900.0,128.0,11
TAMAN SEREMBAN 3,Rasah,RASAH,NEGERI SEMBILAN | RASAH,Negeri Sembilan,NEGERI SEMBILAN,Freehold,Terrace House,Terrace House,Terrace House,Landed,390000.0,231.0,11
TAMAN PENGKALAN PRISMA,Batu Gajah,BATU GAJAH,PERAK | BATU GAJAH,Perak,PERAK,Leasehold,Terrace House,Terrace House,Terrace House,Landed,290000.0,168.0,11
TAMAN KIEN LEONG/KIM CHUAN,Klang,KLANG,SELANGOR | KLANG,Selangor,SELANGOR,Freehold,Terrace House,Terrace House,Terrace House,Landed,500000.0,325.0,11
TAMAN MOSEY HILL,Ipoh,IPOH,PERAK | IPOH,Perak,PERAK,Leasehold,Terrace House,Terrace House,Terrace House,Landed,399880.0,211.0,11
TAMAN KURAU MURNI (BATU KURAU),Batu Kurau,BATU KURAU,PERAK | BATU KURAU,Perak,PERAK,Freehold,"Cluster House, Terrace House","Cluster House, Terrace House",Cluster House,Landed,318800.0,177.0,11
GARDEN CITY HOMES @ SEREMBAN 2,Seremban 2,SEREMBAN 2,NEGERI SEMBILAN | SEREMBAN 2,Negeri Sembilan,NEGERI SEMBILAN,Freehold,"Terrace House, Semi D","Semi D, Terrace House",Semi D,Landed,755000.0,236.0,11
PARK AVENUE @ SEREMBAN 2,Seremban 2,SEREMBAN 2,NEGERI SEMBILAN | SEREMBAN 2,Negeri Sembilan,NEGERI SEMBILAN,Freehold,"Terrace House, Semi D, Bungalow","Bungalow, Semi D, Terrace House",Bungalow,Landed,580000.0,207.0,11
TAMAN RAIA PERDANA,Gopeng,GOPENG,PERAK | GOPENG,Perak,PERAK,Leasehold,Terrace House,Terrace House,Terrace House,Landed,140000.0,117.0,11
TAMAN OREN,Butterworth,BUTTERWORTH,PENANG | BUTTERWORTH,Penang,PENANG,Freehold,Terrace House,Terrace House,Terrace House,Landed,1230800.0,778.0,11
TAMAN CEMPAKA PERDANA,Senawang,SENAWANG,NEGERI SEMBILAN | SENAWANG,Negeri Sembilan,NEGERI SEMBILAN,Leasehold,Terrace House,Terrace House,Terrace House,Landed,397083.0,244.0,11
RENDANG EXORA (PEC LOT 24818),Pekan,PEKAN,PAHANG | PEKAN,Pahang,PAHANG,Freehold,Terrace House,Terrace House,Terrace House,Landed,260000.0,186.0,11
TAMAN PERMAI 2,Bukit Kepayang,BUKIT KEPAYANG,NEGERI SEMBILAN | BUKIT KEPAYANG,Negeri Sembilan,NEGERI SEMBILAN,Freehold,Terrace House,Terrace House,Terrace House,Landed,260000.0,209.0,11
TAMAN JENGKA SEJAHTERA (PT 29246),Chenor,CHENOR,PAHANG | CHENOR,Pahang,PAHANG,Leasehold,Terrace House,Terrace House,Terrace House,Landed,243750.0,158.0,11
TAMAN PERDANA (CASA PERDANA),Simpang Ampat,SIMPANG AMPAT,PENANG | SIMPANG AMPAT,Penang,PENANG,Freehold,"Terrace House, Semi D","Semi D, Terrace House",Semi D,Landed,575000.0,374.0,11
TAMAN IMPIAN PUTRA,Port Dickson,PORT DICKSON,NEGERI SEMBILAN | PORT DICKSON,Negeri Sembilan,NEGERI SEMBILAN,Leasehold,"Terrace House, Semi D","Semi D, Terrace House",Semi D,Landed,375000.0,173.0,11
TAMAN PENGKALAN SURIA,Ipoh,IPOH,PERAK | IPOH,Perak,PERAK,Leasehold,"Cluster House, Semi D","Semi D, Cluster House",Semi D,Landed,435240.0,182.0,11
"TAMAN PESONA, SUNGAI SEGAMAT",Segamat,SEGAMAT,JOHOR | SEGAMAT,Johor,JOHOR,Freehold,Terrace House,Terrace House,Terrace House,Landed,363500.0,190.0,11
TAMAN RIANG DIAWAN,Kampar,KAMPAR,PERAK | KAMPAR,Perak,PERAK,Leasehold,Terrace House,Terrace House,Terrace House,Landed,239800.0,171.0,11
RESIDENSI BUKIT ORKID,Ulu Langat,ULU LANGAT,SELANGOR | ULU LANGAT,Selangor,SELANGOR,Freehold,"Semi D, Terrace House","Semi D, Terrace House",Semi D,Landed,1150000.0,760.0,11
T.VISTA @ BALOK PERMAI (P/L :15153),Sungai Karang,SUNGAI KARANG,PAHANG | SUNGAI KARANG,Pahang,PAHANG,Leasehold,Terrace House,Terrace House,Terrace House,Landed,340000.0,134.0,11
TAMAN DESA ANUGERAH,Sepang,SEPANG,SELANGOR | SEPANG,Selangor,SELANGOR,Leasehold,Terrace House,Terrace House,Terrace House,Landed,381000.0,272.0,11
TAMAN GAMELAN,Kuala Kedah,KUALA KEDAH,KEDAH | KUALA KEDAH,Kedah,KEDAH,Freehold,"Semi D, Terrace House","Semi D, Terrace House",Semi D,Landed,350260.0,148.0,11
TAMAN SERAI MERBAU,Bagan Serai,BAGAN SERAI,PERAK | BAGAN SERAI,Perak,PERAK,Freehold,"Semi D, Terrace House","Semi D, Terrace House",Semi D,Landed,317800.0,187.0,11
TAMAN MATANG MURNI (PL 13411 - 13412),Simpang,SIMPANG,PERAK | SIMPANG,Perak,PERAK,Freehold,Terrace House,Terrace House,Terrace House,Landed,288000.0,187.0,11
TAMAN SERI AMPANG,Ipoh,IPOH,PERAK | IPOH,Perak,PERAK,Leasehold,Terrace House,Terrace House,Terrace House,Landed,280000.0,183.0,11
TAMAN MAJU JASIN,Jasin,JASIN,MELAKA | JASIN,Melaka,MELAKA,Leasehold,"Cluster House, Terrace House","Cluster House, Terrace House",Cluster House,Landed,220000.0,144.0,11
SUNWAY CITY,Tambun,TAMBUN,PERAK | TAMBUN,Perak,PERAK,Leasehold,"Town House, Terrace House","Terrace House, Town House",Terrace House,Landed,608000.0,294.0,11
GLENMARIE COVE,Klang,KLANG,SELANGOR | KLANG,Selangor,SELANGOR,Freehold,Semi D,Semi D,Semi D,Landed,1120000.0,334.0,11
TAMAN GEMILANG,Kulai,KULAI,JOHOR | KULAI,Johor,JOHOR,Freehold,Terrace House,Terrace House,Terrace House,Landed,488000.0,290.0,11
TAMAN AMALINA LESTARI,Raub,RAUB,PAHANG | RAUB,Pahang,PAHANG,Leasehold,Terrace House,Terrace House,Terrace House,Landed,200000.0,168.0,11
SANCTUARY GARDEN,Bukit Mertajam,BUKIT MERTAJAM,PENANG | BUKIT MERTAJAM,Penang,PENANG,Freehold,Semi D,Semi D,Semi D,Landed,860000.0,329.0,11
TAMAN PANDAN JAYA,Ampang,AMPANG,SELANGOR | AMPANG,Selangor,SELANGOR,Leasehold,Terrace House,Terrace House,Terrace House,Landed,530000.0,500.0,11
TAMAN MEGAH,Pontian,PONTIAN,JOHOR | PONTIAN,Johor,JOHOR,Freehold,"Terrace House, Semi D","Semi D, Terrace House",Semi D,Landed,366000.0,234.0,11
TAMAN ABADI HEIGHTS,Puchong,PUCHONG,SELANGOR | PUCHONG,Selangor,SELANGOR,Leasehold,"Semi D, Terrace House","Semi D, Terrace House",Semi D,Landed,756000.0,538.0,11
TAMAN WAWASAN / BANDAR BARU MERSING,Mersing,MERSING,JOHOR | MERSING,Johor,JOHOR,Freehold,Terrace House,Terrace House,Terrace House,Landed,260000.0,214.0,11
TAMAN SRI SETIA,Johor Bahru,JOHOR BAHRU,JOHOR | JOHOR BAHRU,Johor,JOHOR,Freehold,"Terrace House, Semi D","Semi D, Terrace House",Semi D,Landed,738000.0,289.0,11
SETIA INDAH 11,Setia Alam,SETIA ALAM,SELANGOR | SETIA ALAM,Selangor,SELANGOR,Freehold,Terrace House,Terrace House,Terrace House,Landed,700000.0,507.0,11
TAMAN PARIT BAKAR INDAH-TR.149,Muar,MUAR,JOHOR | MUAR,Johor,JOHOR,Freehold,Terrace House,Terrace House,Terrace House,Landed,498000.0,282.0,11
TAMAN VILLA MUTIARA INDAH,Sungai Bakap,SUNGAI BAKAP,PENANG | SUNGAI BAKAP,Penang,PENANG,Freehold,"Semi D, Terrace House","Semi D, Terrace House",Semi D,Landed,670000.0,246.0,11
TAMAN SUTERA WANGI,Batu Berendam,BATU BERENDAM,MELAKA | BATU BERENDAM,Melaka,MELAKA,Leasehold,Terrace House,Terrace House,Terrace House,Landed,388000.0,250.0,11
TAMAN JATI,Batu Berendam,BATU BERENDAM,MELAKA | BATU BERENDAM,Melaka,MELAKA,Mixed,Terrace House,Terrace House,Terrace House,Landed,380000.0,269.0,11
TAMAN SERI BAYU 2,Sungai Petani,SUNGAI PETANI,KEDAH | SUNGAI PETANI,Kedah,KEDAH,Freehold,Terrace House,Terrace House,Terrace House,Landed,175000.0,155.0,11
TAMAN REDANG,Masai,MASAI,JOHOR | MASAI,Johor,JOHOR,Mixed,Terrace House,Terrace House,Terrace House,Landed,780000.0,393.0,11
SEKSYEN 19 SHAH ALAM,Shah Alam,SHAH ALAM,SELANGOR | SHAH ALAM,Selangor,SELANGOR,Leasehold,Terrace House,Terrace House,Terrace House,Landed,450000.0,321.0,11
"TAMAN DESA UTAMA, SUNGAI MERAB",Dengkil,DENGKIL,SELANGOR | DENGKIL,Selangor,SELANGOR,Freehold,Terrace House,Terrace House,Terrace House,Landed,685000.0,393.0,11
TAMAN BATU GAJAH PERDANA,Batu Gajah,BATU GAJAH,PERAK | BATU GAJAH,Perak,PERAK,Leasehold,Terrace House,Terrace House,Terrace House,Landed,275000.0,151.0,11
TAMAN BACANG BARU,Bachang,BACHANG,MELAKA | BACHANG,Melaka,MELAKA,Leasehold,Terrace House,Terrace House,Terrace House,Landed,300000.0,219.0,11
TAMAN IMPIAN EHSAN,Balakong,BALAKONG,SELANGOR | BALAKONG,Selangor,SELANGOR,Leasehold,Terrace House,Terrace House,Terrace House,Landed,330000.0,322.0,11
TAMAN DUSUN SETIA,Seremban,SEREMBAN,NEGERI SEMBILAN | SEREMBAN,Negeri Sembilan,NEGERI SEMBILAN,Freehold,Terrace House,Terrace House,Terrace House,Landed,275000.0,238.0,11
HIJAYU 3B,Bandar Sri Sendayan,BANDAR SRI SENDAYAN,NEGERI SEMBILAN | BANDAR SRI SENDAYAN,Negeri Sembilan,NEGERI SEMBILAN,Freehold,Terrace House,Terrace House,Terrace House,Landed,580000.0,309.0,11
E-RESIDENCE,Kuching,KUCHING,SARAWAK | KUCHING,Sarawak,SARAWAK,Leasehold,Terrace House,Terrace House,Terrace House,Landed,600000.0,254.0,11
TAMAN IMPIAN ALMA,Bukit Mertajam,BUKIT MERTAJAM,PENANG | BUKIT MERTAJAM,Penang,PENANG,Freehold,Terrace House,Terrace House,Terrace House,Landed,400000.0,268.0,11
PALM WALK,Bandar Sungai Long,BANDAR SUNGAI LONG,SELANGOR | BANDAR SUNGAI LONG,Selangor,SELANGOR,Freehold,Terrace House,Terrace House,Terrace House,Landed,748000.0,508.0,11
TAMAN SPPK,Ipoh,IPOH,PERAK | IPOH,Perak,PERAK,Leasehold,"Terrace House, Semi D","Semi D, Terrace House",Semi D,Landed,250000.0,146.0,11
SEKSYEN 18,Petaling Jaya,PETALING JAYA,SELANGOR | PETALING JAYA,Selangor,SELANGOR,Mixed,"Terrace House, Bungalow","Bungalow, Terrace House",Bungalow,Landed,695000.0,162.0,11
TAMAN SRI NANDING,Ulu Langat,ULU LANGAT,SELANGOR | ULU LANGAT,Selangor,SELANGOR,Leasehold,Terrace House,Terrace House,Terrace House,Landed,280000.0,250.0,11
TAMAN RIMBA (PEC LOT 1135),Mentakab,MENTAKAB,PAHANG | MENTAKAB,Pahang,PAHANG,Freehold,Terrace House,Terrace House,Terrace House,Landed,137000.0,186.0,11
TAMAN BUKIT RAMBAI (BARU),Bukit Rambai,BUKIT RAMBAI,MELAKA | BUKIT RAMBAI,Melaka,MELAKA,Freehold,"Terrace House, Semi D","Semi D, Terrace House",Semi D,Landed,280000.0,182.0,11
TAMAN SRI SEGAMBUT,Segambut,SEGAMBUT,KUALA LUMPUR | SEGAMBUT,Kuala Lumpur,KUALA LUMPUR,Leasehold,Terrace House,Terrace House,Terrace House,Landed,650000.0,441.0,11
KAMPUNG TASIK TAMBAHAN,Ampang,AMPANG,SELANGOR | AMPANG,Selangor,SELANGOR,Leasehold,Terrace House,Terrace House,Terrace House,Landed,420000.0,405.0,11
TAMAN BERTAM INDAH,Kepala Batas,KEPALA BATAS,PENANG | KEPALA BATAS,Penang,PENANG,Freehold,"Semi D, Terrace House","Semi D, Terrace House",Semi D,Landed,310000.0,215.0,11
SUBANG 2,Sungai Buloh,SUNGAI BULOH,SELANGOR | SUNGAI BULOH,Selangor,SELANGOR,Leasehold,Terrace House,Terrace House,Terrace House,Landed,575000.0,463.0,11
TAMAN SEKIAH MAKMUR,Ulu Bernam,ULU BERNAM,PERAK | ULU BERNAM,Perak,PERAK,Leasehold,Terrace House,Terrace House,Terrace House,Landed,260000.0,179.0,11
RPR SUNGAI PLAN,Bintulu,BINTULU,SARAWAK | BINTULU,Sarawak,SARAWAK,Leasehold,Terrace House,Terrace House,Terrace House,Landed,270000.0,196.0,11
TAMAN METRO PENGKALAN,Batu Gajah,BATU GAJAH,PERAK | BATU GAJAH,Perak,PERAK,Leasehold,Terrace House,Terrace House,Terrace House,Landed,260000.0,186.0,11
TAMAN BUKIT JURU,Juru,JURU,PENANG | JURU,Penang,PENANG,Freehold,Terrace House,Terrace House,Terrace House,Landed,625000.0,375.0,11
TAMAN KULIM TECHNOCITY FASA 3,Kulim,KULIM,KEDAH | KULIM,Kedah,KEDAH,Freehold,Terrace House,Terrace House,Terrace House,Landed,395000.0,318.0,11
TAMAN PUTRA INDAH,Ipoh,IPOH,PERAK | IPOH,Perak,PERAK,Freehold,Terrace House,Terrace House,Terrace House,Landed,240000.0,180.0,11
BANDAR SERI BOTANI,Batu Gajah,BATU GAJAH,PERAK | BATU GAJAH,Perak,PERAK,Freehold,Terrace House,Terrace House,Terrace House,Landed,825510.0,320.0,11
BANDAR PUNCAK SENA,Pokok Sena,POKOK SENA,KEDAH | POKOK SENA,Kedah,KEDAH,Freehold,Terrace House,Terrace House,Terrace House,Landed,326800.0,267.0,11
TAMAN SRI REMBAU,Rembau,REMBAU,NEGERI SEMBILAN | REMBAU,Negeri Sembilan,NEGERI SEMBILAN,Freehold,"Semi D, Terrace House","Semi D, Terrace House",Semi D,Landed,280000.0,128.0,11
TAMAN GUNUNG MAS,Tampin,TAMPIN,NEGERI SEMBILAN | TAMPIN,Negeri Sembilan,NEGERI SEMBILAN,Freehold,Terrace House,Terrace House,Terrace House,Landed,200000.0,159.0,11
TAMAN AMAN PUTRI,Sungai Buloh,SUNGAI BULOH,SELANGOR | SUNGAI BULOH,Selangor,SELANGOR,Freehold,Terrace House,Terrace House,Terrace House,Landed,872000.0,464.0,11
TAMAN DATO CHELLAM,Ulu Tiram,ULU TIRAM,JOHOR | ULU TIRAM,Johor,JOHOR,Freehold,Terrace House,Terrace House,Terrace House,Landed,630000.0,427.0,11
MUTIARA DAMANSARA,Mutiara Damansara,MUTIARA DAMANSARA,SELANGOR | MUTIARA DAMANSARA,Selangor,SELANGOR,Freehold,"Terrace House, Bungalow","Bungalow, Terrace House",Bungalow,Landed,1430000.0,858.0,11
TAMAN BIDARA PALMA,Sungei Baru Tengah,SUNGEI BARU TENGAH,MELAKA | SUNGEI BARU TENGAH,Melaka,MELAKA,Freehold,Terrace House,Terrace House,Terrace House,Landed,240000.0,118.0,11
TAMAN DAMAI IMPIAN 2,Kuala Lipis,KUALA LIPIS,PAHANG | KUALA LIPIS,Pahang,PAHANG,Freehold,Terrace House,Terrace House,Terrace House,Landed,289000.0,202.0,11
TAMAN INDUSTRI SRI SULONG,Batu Pahat,BATU PAHAT,JOHOR | BATU PAHAT,Johor,JOHOR,Freehold,"Semi D, Terrace House","Semi D, Terrace House",Semi D,Landed,235000.0,100.0,11
TABUAN TRANQUILITY,Kuching,KUCHING,SARAWAK | KUCHING,Sarawak,SARAWAK,Mixed,Terrace House,Terrace House,Terrace House,Landed,730000.0,362.0,11
BUNGA RAYA,Bukit Baru,BUKIT BARU,MELAKA | BUKIT BARU,Melaka,MELAKA,Mixed,Terrace House,Terrace House,Terrace House,Landed,300000.0,169.0,11
TAMAN SRI ANGGERIK,Rantau,RANTAU,NEGERI SEMBILAN | RANTAU,Negeri Sembilan,NEGERI SEMBILAN,Mixed,Terrace House,Terrace House,Terrace House,Landed,190000.0,122.0,11
TAMAN GADONG PERDANA,Bertam,BERTAM,MELAKA | BERTAM,Melaka,MELAKA,Mixed,Terrace House,Terrace House,Terrace House,Landed,300000.0,207.0,11
TAMAN BUNGA RAYA,Sungai Petani,SUNGAI PETANI,KEDAH | SUNGAI PETANI,Kedah,KEDAH,Freehold,"Terrace House, Semi D","Semi D, Terrace House",Semi D,Landed,230000.0,131.0,11
TAMAN RIMBA (PEC LOT 3021),Mentakab,MENTAKAB,PAHANG | MENTAKAB,Pahang,PAHANG,Freehold,Terrace House,Terrace House,Terrace House,Landed,308000.0,185.0,11
TAMAN CEMPAKASARI,Kapar,KAPAR,SELANGOR | KAPAR,Selangor,SELANGOR,Leasehold,Terrace House,Terrace House,Terrace House,Landed,360000.0,276.0,11
TAMAN NIRWANA,Bukit Mertajam,BUKIT MERTAJAM,PENANG | BUKIT MERTAJAM,Penang,PENANG,Freehold,Terrace House,Terrace House,Terrace House,Landed,350000.0,310.0,11
TAMAN KLEBANG PUTRA,Chemor,CHEMOR,PERAK | CHEMOR,Perak,PERAK,Freehold,Terrace House,Terrace House,Terrace House,Landed,255000.0,190.0,11
TAMAN SETIA JAYA,Batu Pahat,BATU PAHAT,JOHOR | BATU PAHAT,Johor,JOHOR,Freehold,Terrace House,Terrace House,Terrace House,Landed,380000.0,234.0,11
TAMAN ERA,Simpang Rengam,SIMPANG RENGAM,JOHOR | SIMPANG RENGAM,Johor,JOHOR,Freehold,Terrace House,Terrace House,Terrace House,Landed,405900.0,231.0,11
TAMAN CHERAS IDAMAN,Cheras,CHERAS,SELANGOR | CHERAS,Selangor,SELANGOR,Mixed,Terrace House,Terrace House,Terrace House,Landed,830000.0,473.0,11
TAMAN JUJUR,Sikamat,SIKAMAT,NEGERI SEMBILAN | SIKAMAT,Negeri Sembilan,NEGERI SEMBILAN,Freehold,Cluster House,Cluster House,Cluster House,Landed,143000.0,129.0,11
TAMAN IMPIAN INDAH,Bukit Mertajam,BUKIT MERTAJAM,PENANG | BUKIT MERTAJAM,Penang,PENANG,Freehold,Terrace House,Terrace House,Terrace House,Landed,375000.0,310.0,11
TAMAN MAWAR,Tanjong Duabelas,TANJONG DUABELAS,SELANGOR | TANJONG DUABELAS,Selangor,SELANGOR,Freehold,Terrace House,Terrace House,Terrace House,Landed,390000.0,219.0,11
TAMAN BANDAR BARU SP (PKNK),Sungai Petani,SUNGAI PETANI,KEDAH | SUNGAI PETANI,Kedah,KEDAH,Freehold,Terrace House,Terrace House,Terrace House,Landed,200000.0,192.0,11
TAMAN IDAMAN,Simpang Ampat,SIMPANG AMPAT,PENANG | SIMPANG AMPAT,Penang,PENANG,Freehold,"Semi D, Terrace House","Semi D, Terrace House",Semi D,Landed,495000.0,299.0,11
TAMAN PUTERI,Kuching,KUCHING,SARAWAK | KUCHING,Sarawak,SARAWAK,Leasehold,Terrace House,Terrace House,Terrace House,Landed,400000.0,179.0,11
TAMAN SKUDAI INDAH,Skudai,SKUDAI,JOHOR | SKUDAI,Johor,JOHOR,Freehold,"Terrace House, Cluster House","Cluster House, Terrace House",Cluster House,Landed,650000.0,426.0,11
TAMAN PULAI BAYU,Skudai,SKUDAI,JOHOR | SKUDAI,Johor,JOHOR,Freehold,"Semi D, Cluster House","Semi D, Cluster House",Semi D,Landed,900000.0,264.0,11
USJ 20,Subang Jaya,SUBANG JAYA,SELANGOR | SUBANG JAYA,Selangor,SELANGOR,Freehold,Terrace House,Terrace House,Terrace House,Landed,915000.0,515.0,11
PERKAMPUNGAN KERTIH,Kerteh,KERTEH,TERENGGANU | KERTEH,Terengganu,TERENGGANU,Mixed,"Bungalow, Semi D","Bungalow, Semi D",Bungalow,Landed,360000.0,83.0,11
TAMAN PIASAU,Miri,MIRI,SARAWAK | MIRI,Sarawak,SARAWAK,Leasehold,Bungalow,Bungalow,Bungalow,Landed,680000.0,114.0,11
TAMAN INTAN BAIDURI,Batu Caves,BATU CAVES,KUALA LUMPUR | BATU CAVES,Kuala Lumpur,KUALA LUMPUR,Leasehold,Terrace House,Terrace House,Terrace House,Landed,820000.0,442.0,11
TAMAN AIRPORT,Sandakan,SANDAKAN,SABAH | SANDAKAN,Sabah,SABAH,Leasehold,Terrace House,Terrace House,Terrace House,Landed,400000.0,322.0,11
TAMAN PULAI FLORA,Skudai,SKUDAI,JOHOR | SKUDAI,Johor,JOHOR,Freehold,"Cluster House, Terrace House","Cluster House, Terrace House",Cluster House,Landed,600000.0,357.0,11
TAMAN SENTORIA,Kota Samarahan,KOTA SAMARAHAN,SARAWAK | KOTA SAMARAHAN,Sarawak,SARAWAK,Freehold,Terrace House,Terrace House,Terrace House,Landed,320000.0,248.0,11
SEKSYEN 5 BANDAR BARU BANGI,Bangi,BANGI,SELANGOR | BANGI,Selangor,SELANGOR,Leasehold,Terrace House,Terrace House,Terrace House,Landed,360000.0,360.0,11
TAMAN LAKE VIEW,Taiping,TAIPING,PERAK | TAIPING,Perak,PERAK,Freehold,"Terrace House, Semi D","Semi D, Terrace House",Semi D,Landed,405000.0,193.0,11
SEKSYEN 15 BANDAR BARU BANGI,Bangi,BANGI,SELANGOR | BANGI,Selangor,SELANGOR,Leasehold,Terrace House,Terrace House,Terrace House,Landed,550000.0,406.0,11
TAYNTON VIEW,Cheras,CHERAS,KUALA LUMPUR | CHERAS,Kuala Lumpur,KUALA LUMPUR,Freehold,Terrace House,Terrace House,Terrace House,Landed,625000.0,362.0,11
TAMAN DESA CEMERLANG,Batu Pahat,BATU PAHAT,JOHOR | BATU PAHAT,Johor,JOHOR,Freehold,Terrace House,Terrace House,Terrace House,Landed,439800.0,260.0,11
TAMAN PUTERA INDAH,Muar,MUAR,JOHOR | MUAR,Johor,JOHOR,Freehold,"Terrace House, Semi D","Semi D, Terrace House",Semi D,Landed,560000.0,259.0,11
BANDAR PULAI JAYA,Simpang Pulai,SIMPANG PULAI,PERAK | SIMPANG PULAI,Perak,PERAK,Leasehold,Terrace House,Terrace House,Terrace House,Landed,310000.0,220.0,11
MUTIARA RESIDENCE,Jitra,JITRA,KEDAH | JITRA,Kedah,KEDAH,Freehold,"Terrace House, Semi D","Semi D, Terrace House",Semi D,Landed,410400.0,267.0,11
TAMAN BUKIT MELAKA,Bukit Baru,BUKIT BARU,MELAKA | BUKIT BARU,Melaka,MELAKA,Freehold,Terrace House,Terrace House,Terrace House,Landed,438000.0,227.0,11
TAMAN PAHLAWAN,Telok Panglima Garang,TELOK PANGLIMA GARANG,SELANGOR | TELOK PANGLIMA GARANG,Selangor,SELANGOR,Freehold,"Semi D, Terrace House","Semi D, Terrace House",Semi D,Landed,365000.0,277.0,11
TAMAN SAGA,Senai,SENAI,JOHOR | SENAI,Johor,JOHOR,Freehold,Terrace House,Terrace House,Terrace House,Landed,270000.0,259.0,11
TAMAN ANGGERIK,Tampoi,TAMPOI,JOHOR | TAMPOI,Johor,JOHOR,Freehold,Terrace House,Terrace House,Terrace House,Landed,335000.0,357.0,11
TAMAN DESA IDAMAN,Durian Tunggal,DURIAN TUNGGAL,MELAKA | DURIAN TUNGGAL,Melaka,MELAKA,Freehold,Terrace House,Terrace House,Terrace House,Landed,320000.0,188.0,11
TAMAN BANANG HEIGHTS,Batu Pahat,BATU PAHAT,JOHOR | BATU PAHAT,Johor,JOHOR,Freehold,Terrace House,Terrace House,Terrace House,Landed,410000.0,254.0,11
DIAMOND RESIDENCE,Semenyih,SEMENYIH,SELANGOR | SEMENYIH,Selangor,SELANGOR,Freehold,"Semi D, Terrace House","Semi D, Terrace House",Semi D,Landed,675000.0,366.0,11
TAMAN KERIAN INDAH,Parit Buntar,PARIT BUNTAR,PERAK | PARIT BUNTAR,Perak,PERAK,Freehold,Terrace House,Terrace House,Terrace House,Landed,498800.0,357.0,11
TAMAN SRI LALANG,Kota Tinggi,KOTA TINGGI,JOHOR | KOTA TINGGI,Johor,JOHOR,Freehold,Terrace House,Terrace House,Terrace House,Landed,340000.0,167.0,11
TAMAN TASEK,Johor Bahru,JOHOR BAHRU,JOHOR | JOHOR BAHRU,Johor,JOHOR,Freehold,"Semi D, Terrace House","Semi D, Terrace House",Semi D,Landed,615000.0,250.0,11
TAMAN SEROJA,Sepang,SEPANG,SELANGOR | SEPANG,Selangor,SELANGOR,Leasehold,Terrace House,Terrace House,Terrace House,Landed,400000.0,156.0,11
BANDAR SERI EHSAN,Tanjong Duabelas,TANJONG DUABELAS,SELANGOR | TANJONG DUABELAS,Selangor,SELANGOR,Leasehold,Terrace House,Terrace House,Terrace House,Landed,300000.0,209.0,11
TAMAN JELITA BLOK 30,Miri,MIRI,SARAWAK | MIRI,Sarawak,SARAWAK,Leasehold,Terrace House,Terrace House,Terrace House,Landed,180000.0,179.0,11
TAMAN PERWIRA INDAH,Simpang Ampat,SIMPANG AMPAT,PENANG | SIMPANG AMPAT,Penang,PENANG,Freehold,Terrace House,Terrace House,Terrace House,Landed,440000.0,338.0,11
KINGFISHER PARK PH2,Kota Kinabalu,KOTA KINABALU,SABAH | KOTA KINABALU,Sabah,SABAH,Leasehold,"Semi D, Terrace House","Semi D, Terrace House",Semi D,Landed,950000.0,256.0,11
Taman Daya - Jalan Nibong 28,Tebrau,TEBRAU,JOHOR | TEBRAU,Johor,JOHOR,Freehold,Flat,Flat,Flat,High-Rise,150000.0,263.0,11
PKNS Seksyen 24,Shah Alam,SHAH ALAM,SELANGOR | SHAH ALAM,Selangor,SELANGOR,Leasehold,Flat,Flat,Flat,High-Rise,212000.0,292.0,11
Taman Mawar,Sandakan,SANDAKAN,SABAH | SANDAKAN,Sabah,SABAH,Leasehold,Flat,Flat,Flat,High-Rise,125000.0,228.0,11
Utama @ Utropolis,Batu Kawan,BATU KAWAN,PENANG | BATU KAWAN,Penang,PENANG,Freehold,Service Residence,Service Residence,Service Residence,High-Rise,320000.0,628.0,11
Anggerik Villa 2,Kajang,KAJANG,SELANGOR | KAJANG,Selangor,SELANGOR,Freehold,Apartment,Apartment,Apartment,High-Rise,220000.0,198.0,11
Miharja (LRT Maluri),Cheras,CHERAS,KUALA LUMPUR | CHERAS,Kuala Lumpur,KUALA LUMPUR,Leasehold,Flat,Flat,Flat,High-Rise,245000.0,305.0,11
Petrie Condominium,Johor Bahru,JOHOR BAHRU,JOHOR | JOHOR BAHRU,Johor,JOHOR,Freehold,Condominium,Condominium,Condominium,High-Rise,499000.0,279.0,11
USJ One Avenue Condo,Subang Jaya,SUBANG JAYA,SELANGOR | SUBANG JAYA,Selangor,SELANGOR,Leasehold,Condominium,Condominium,Condominium,High-Rise,500000.0,372.0,11
Sri Cempaka,Puchong,PUCHONG,SELANGOR | PUCHONG,Selangor,SELANGOR,Freehold,Apartment,Apartment,Apartment,High-Rise,380000.0,471.0,11
Iskandar Residences,Iskandar Puteri (Nusajaya),ISKANDAR PUTERI (NUSAJAYA),JOHOR | ISKANDAR PUTERI (NUSAJAYA),Johor,JOHOR,Freehold,Condominium,Condominium,Condominium,High-Rise,873000.0,601.0,11
D'Rich Executive Suites,Iskandar Puteri (Nusajaya),ISKANDAR PUTERI (NUSAJAYA),JOHOR | ISKANDAR PUTERI (NUSAJAYA),Johor,JOHOR,Freehold,Apartment,Apartment,Apartment,High-Rise,400000.0,418.0,11
Sri Impian Apartment,Ayer Itam,AYER ITAM,PENANG | AYER ITAM,Penang,PENANG,Leasehold,Apartment,Apartment,Apartment,High-Rise,278000.0,392.0,11
Sri Alam Condominium,Shah Alam,SHAH ALAM,SELANGOR | SHAH ALAM,Selangor,SELANGOR,Leasehold,Condominium,Condominium,Condominium,High-Rise,450000.0,324.0,11
Taman Lone Pine (Medium Low Cost),Ayer Itam,AYER ITAM,PENANG | AYER ITAM,Penang,PENANG,Freehold,Apartment,Apartment,Apartment,High-Rise,250000.0,436.0,11
De Tropicana,Kuchai Lama,KUCHAI LAMA,KUALA LUMPUR | KUCHAI LAMA,Kuala Lumpur,KUALA LUMPUR,Leasehold,Condominium,Condominium,Condominium,High-Rise,280000.0,287.0,11
Taman Lembah Maju,Ampang,AMPANG,SELANGOR | AMPANG,Selangor,SELANGOR,Leasehold,Apartment,Apartment,Apartment,High-Rise,158000.0,195.0,11
Abadi Villa,Taman Desa,TAMAN DESA,KUALA LUMPUR | TAMAN DESA,Kuala Lumpur,KUALA LUMPUR,Leasehold,Condominium,Condominium,Condominium,High-Rise,450000.0,370.0,11
Cheras Ria,Cheras,CHERAS,KUALA LUMPUR | CHERAS,Kuala Lumpur,KUALA LUMPUR,Freehold,Flat,Flat,Flat,High-Rise,138000.0,242.0,11
Bandar Baru Ampang,Ampang,AMPANG,SELANGOR | AMPANG,Selangor,SELANGOR,Leasehold,Flat,Flat,Flat,High-Rise,139900.0,243.0,11
Villa Bestari Apartment,Iskandar Puteri (Nusajaya),ISKANDAR PUTERI (NUSAJAYA),JOHOR | ISKANDAR PUTERI (NUSAJAYA),Johor,JOHOR,Freehold,Apartment,Apartment,Apartment,High-Rise,380000.0,327.0,11
7 Tree Seven Residence,Cheras,CHERAS,SELANGOR | CHERAS,Selangor,SELANGOR,Freehold,Condominium,Condominium,Condominium,High-Rise,400000.0,403.0,11
Sunway Court,Bandar Sunway,BANDAR SUNWAY,SELANGOR | BANDAR SUNWAY,Selangor,SELANGOR,Leasehold,Apartment,Apartment,Apartment,High-Rise,380000.0,392.0,11
Skudai Villa,Skudai,SKUDAI,JOHOR | SKUDAI,Johor,JOHOR,Freehold,Condominium,Condominium,Condominium,High-Rise,370000.0,334.0,11
Koi Tropika,Puchong,PUCHONG,SELANGOR | PUCHONG,Selangor,SELANGOR,Leasehold,Service Residence,Service Residence,Service Residence,High-Rise,470000.0,459.0,11
Ria 2 Apartment,Masai,MASAI,JOHOR | MASAI,Johor,JOHOR,Freehold,Apartment,Apartment,Apartment,High-Rise,210000.0,260.0,11
Aman Puri Apartment,Kepong,KEPONG,SELANGOR | KEPONG,Selangor,SELANGOR,Freehold,Apartment,Apartment,Apartment,High-Rise,320000.0,353.0,11
Casa Ria,Cheras,CHERAS,KUALA LUMPUR | CHERAS,Kuala Lumpur,KUALA LUMPUR,Leasehold,Condominium,Condominium,Condominium,High-Rise,400000.0,392.0,11
Desa Villa Condominium,Taman Desa,TAMAN DESA,KUALA LUMPUR | TAMAN DESA,Kuala Lumpur,KUALA LUMPUR,Freehold,Condominium,Condominium,Condominium,High-Rise,485000.0,417.0,11
Pauh Damai,Bukit Mertajam,BUKIT MERTAJAM,PENANG | BUKIT MERTAJAM,Penang,PENANG,Freehold,Flat,Flat,Flat,High-Rise,200000.0,315.0,11
Zennith Suites (Pangsapuri Kebun Teh),Johor Bahru,JOHOR BAHRU,JOHOR | JOHOR BAHRU,Johor,JOHOR,Leasehold,Apartment,Apartment,Apartment,High-Rise,225000.0,488.0,11
Hillview Loft,Batu Pahat,BATU PAHAT,JOHOR | BATU PAHAT,Johor,JOHOR,Freehold,Condominium,Condominium,Condominium,High-Rise,320000.0,303.0,11
Prai Inai,Perai,PERAI,PENANG | PERAI,Penang,PENANG,Freehold,Apartment,Apartment,Apartment,High-Rise,280000.0,314.0,11
Le Yuan Residence,Jalan Klang Lama (Old Klang Road),JALAN KLANG LAMA (OLD KLANG ROAD),KUALA LUMPUR | JALAN KLANG LAMA (OLD KLANG ROAD),Kuala Lumpur,KUALA LUMPUR,Freehold,Condominium,Condominium,Condominium,High-Rise,840000.0,541.0,11
Desa Sri Puteri,Desa Petaling,DESA PETALING,KUALA LUMPUR | DESA PETALING,Kuala Lumpur,KUALA LUMPUR,Leasehold,Flat,Flat,Flat,High-Rise,130000.0,216.0,11
The Westside One,Desa ParkCity,DESA PARKCITY,KUALA LUMPUR | DESA PARKCITY,Kuala Lumpur,KUALA LUMPUR,Freehold,Condominium,Condominium,Condominium,High-Rise,1380000.0,787.0,11
Taman Air Itam,Ayer Itam,AYER ITAM,PENANG | AYER ITAM,Penang,PENANG,Freehold,Flat,Flat,Flat,High-Rise,270000.0,402.0,11
Gemilang Indah,Jalan Klang Lama (Old Klang Road),JALAN KLANG LAMA (OLD KLANG ROAD),KUALA LUMPUR | JALAN KLANG LAMA (OLD KLANG ROAD),Kuala Lumpur,KUALA LUMPUR,Freehold,Condominium,Condominium,Condominium,High-Rise,265000.0,314.0,11
P' Residence,Kuching,KUCHING,SARAWAK | KUCHING,Sarawak,SARAWAK,Leasehold,Condominium,Condominium,Condominium,High-Rise,470000.0,408.0,11
Anjali North Kiara,Segambut,SEGAMBUT,KUALA LUMPUR | SEGAMBUT,Kuala Lumpur,KUALA LUMPUR,Freehold,Condominium,Condominium,Condominium,High-Rise,1050000.0,619.0,11
Lily & Jasmine Apartment,Tampoi,TAMPOI,JOHOR | TAMPOI,Johor,JOHOR,Leasehold,Apartment,Apartment,Apartment,High-Rise,285000.0,285.0,11
Apartment Harmoni,Damansara Damai,DAMANSARA DAMAI,SELANGOR | DAMANSARA DAMAI,Selangor,SELANGOR,Leasehold,Flat,Flat,Flat,High-Rise,133000.0,205.0,11
The Place @ Cyberjaya,Cyberjaya,CYBERJAYA,SELANGOR | CYBERJAYA,Selangor,SELANGOR,Freehold,Service Residence,Service Residence,Service Residence,High-Rise,170000.0,304.0,11
Mawar Apartment,Genting Highlands,GENTING HIGHLANDS,PAHANG | GENTING HIGHLANDS,Pahang,PAHANG,Freehold,Apartment,Apartment,Apartment,High-Rise,550000.0,650.0,11
Molek Pine 1,Johor Bahru,JOHOR BAHRU,JOHOR | JOHOR BAHRU,Johor,JOHOR,Freehold,Apartment,Apartment,Apartment,High-Rise,520000.0,358.0,11
Ketumbar Hill,Cheras,CHERAS,KUALA LUMPUR | CHERAS,Kuala Lumpur,KUALA LUMPUR,Freehold,Condominium,Condominium,Condominium,High-Rise,350000.0,367.0,11
Glory Beach Resort,Port Dickson,PORT DICKSON,NEGERI SEMBILAN | PORT DICKSON,Negeri Sembilan,NEGERI SEMBILAN,Freehold,Condominium,Condominium,Condominium,High-Rise,300000.0,321.0,11
Taman Bukit Erskine,Tanjong Tokong,TANJONG TOKONG,PENANG | TANJONG TOKONG,Penang,PENANG,Freehold,Apartment,Apartment,Apartment,High-Rise,268000.0,410.0,11
Bayu Villa,Klang,KLANG,SELANGOR | KLANG,Selangor,SELANGOR,Freehold,Apartment,Apartment,Apartment,High-Rise,300000.0,346.0,11
Warisan City View,Cheras,CHERAS,KUALA LUMPUR | CHERAS,Kuala Lumpur,KUALA LUMPUR,Leasehold,Condominium,Condominium,Condominium,High-Rise,410000.0,451.0,11
Stulang Laut,Johor Bahru,JOHOR BAHRU,JOHOR | JOHOR BAHRU,Johor,JOHOR,Leasehold,Flat,Flat,Flat,High-Rise,200000.0,264.0,11
Holiday Place (D-Villa Residence),Ampang,AMPANG,KUALA LUMPUR | AMPANG,Kuala Lumpur,KUALA LUMPUR,Freehold,Service Residence,Service Residence,Service Residence,High-Rise,400000.0,431.0,11
D'Piazza,Bayan Baru,BAYAN BARU,PENANG | BAYAN BARU,Penang,PENANG,Freehold,Condominium,Condominium,Condominium,High-Rise,485000.0,518.0,11
Swiss Garden Residences,Bukit Bintang,BUKIT BINTANG,KUALA LUMPUR | BUKIT BINTANG,Kuala Lumpur,KUALA LUMPUR,Freehold,Service Residence,Service Residence,Service Residence,High-Rise,510000.0,902.0,11
Nautica Lake Suites,Bandar Sunway,BANDAR SUNWAY,SELANGOR | BANDAR SUNWAY,Selangor,SELANGOR,Leasehold,Condominium,Condominium,Condominium,High-Rise,830000.0,520.0,11
Prominence,Bukit Mertajam,BUKIT MERTAJAM,PENANG | BUKIT MERTAJAM,Penang,PENANG,Freehold,Condominium,Condominium,Condominium,High-Rise,470000.0,370.0,11
Prisma Cheras,Cheras,CHERAS,KUALA LUMPUR | CHERAS,Kuala Lumpur,KUALA LUMPUR,Freehold,Condominium,Condominium,Condominium,High-Rise,426000.0,362.0,11
The Grand Subang Jaya SS13,Subang Jaya,SUBANG JAYA,SELANGOR | SUBANG JAYA,Selangor,SELANGOR,Freehold,Service Residence,Service Residence,Service Residence,High-Rise,455000.0,880.0,11
Vista Bayu,Klang,KLANG,SELANGOR | KLANG,Selangor,SELANGOR,Freehold,Apartment,Apartment,Apartment,High-Rise,300000.0,280.0,11
Pusat Komersial Seksyen 7,Shah Alam,SHAH ALAM,SELANGOR | SHAH ALAM,Selangor,SELANGOR,Leasehold,Flat,Flat,Flat,High-Rise,300000.0,376.0,11
Bistari Lavender Condominium,City Centre,CITY CENTRE,KUALA LUMPUR | CITY CENTRE,Kuala Lumpur,KUALA LUMPUR,Freehold,Condominium,Condominium,Condominium,High-Rise,460000.0,417.0,11
The Wadihana,Johor Bahru,JOHOR BAHRU,JOHOR | JOHOR BAHRU,Johor,JOHOR,Freehold,Condominium,Condominium,Condominium,High-Rise,528000.0,302.0,11
Batu Caves Centerpoint,Batu Caves,BATU CAVES,SELANGOR | BATU CAVES,Selangor,SELANGOR,Freehold,Flat,Flat,Flat,High-Rise,170000.0,253.0,11
Sun Moon City,Ayer Itam,AYER ITAM,PENANG | AYER ITAM,Penang,PENANG,Freehold,Flat,Flat,Flat,High-Rise,138000.0,232.0,11
Sri Lempah,Taman Desa,TAMAN DESA,KUALA LUMPUR | TAMAN DESA,Kuala Lumpur,KUALA LUMPUR,Leasehold,Flat,Flat,Flat,High-Rise,197000.0,353.0,11
Fairway Suites,Iskandar Puteri (Nusajaya),ISKANDAR PUTERI (NUSAJAYA),JOHOR | ISKANDAR PUTERI (NUSAJAYA),Johor,JOHOR,Freehold,Condominium,Condominium,Condominium,High-Rise,465000.0,455.0,11
The Riviera,Ampang,AMPANG,SELANGOR | AMPANG,Selangor,SELANGOR,Leasehold,Apartment,Apartment,Apartment,High-Rise,210000.0,224.0,11
Tiffani Kiara,Mont Kiara,MONT KIARA,KUALA LUMPUR | MONT KIARA,Kuala Lumpur,KUALA LUMPUR,Freehold,Condominium,Condominium,Condominium,High-Rise,1120000.0,561.0,11
Alpine Village,Tambun,TAMBUN,PERAK | TAMBUN,Perak,PERAK,Leasehold,Apartment,Apartment,Apartment,High-Rise,250000.0,287.0,11
Tun Perak,Melaka City,MELAKA CITY,MELAKA | MELAKA CITY,Melaka,MELAKA,Leasehold,Apartment,Apartment,Apartment,High-Rise,478000.0,440.0,11
Genting Permai Resort,Bentong,BENTONG,PAHANG | BENTONG,Pahang,PAHANG,Freehold,Apartment,Apartment,Apartment,High-Rise,210000.0,298.0,11
Casa Desa,Taman Desa,TAMAN DESA,KUALA LUMPUR | TAMAN DESA,Kuala Lumpur,KUALA LUMPUR,Freehold,Condominium,Condominium,Condominium,High-Rise,540000.0,442.0,11
Taman Merak Jaya,Simpang Ampat,SIMPANG AMPAT,PENANG | SIMPANG AMPAT,Penang,PENANG,Freehold,Flat,Flat,Flat,High-Rise,100000.0,186.0,11
Skyvilla Residences,Kuching,KUCHING,SARAWAK | KUCHING,Sarawak,SARAWAK,Leasehold,Condominium,Condominium,Condominium,High-Rise,450000.0,400.0,11
Birchwood Court,Rawang,RAWANG,SELANGOR | RAWANG,Selangor,SELANGOR,Leasehold,Flat,Flat,Flat,High-Rise,165000.0,207.0,11
MJC Courtyard Sanctuary,Kuching,KUCHING,SARAWAK | KUCHING,Sarawak,SARAWAK,Leasehold,Apartment,Apartment,Apartment,High-Rise,295000.0,345.0,11
Taman Orkid,Cheras,CHERAS,SELANGOR | CHERAS,Selangor,SELANGOR,Freehold,Flat,Flat,Flat,High-Rise,165000.0,218.0,11
Tree Sparina,Bayan Lepas,BAYAN LEPAS,PENANG | BAYAN LEPAS,Penang,PENANG,Freehold,Condominium,Condominium,Condominium,High-Rise,639700.0,527.0,11
Garden Plaza,Cyberjaya,CYBERJAYA,SELANGOR | CYBERJAYA,Selangor,SELANGOR,Freehold,Service Residence,Service Residence,Service Residence,High-Rise,210000.0,415.0,11
Widuri Apartment,Butterworth,BUTTERWORTH,PENANG | BUTTERWORTH,Penang,PENANG,Freehold,Apartment,Apartment,Apartment,High-Rise,220000.0,294.0,11
Impian Sentosa,Klang,KLANG,SELANGOR | KLANG,Selangor,SELANGOR,Freehold,Apartment,Apartment,Apartment,High-Rise,300000.0,398.0,11
The Rainz,Bukit Jalil,BUKIT JALIL,KUALA LUMPUR | BUKIT JALIL,Kuala Lumpur,KUALA LUMPUR,Freehold,Condominium,Condominium,Condominium,High-Rise,950000.0,621.0,11
Pertiwi Indah,Cheras,CHERAS,KUALA LUMPUR | CHERAS,Kuala Lumpur,KUALA LUMPUR,Leasehold,Condominium,Condominium,Condominium,High-Rise,450000.0,371.0,11
Mahsuri Square,Bayan Baru,BAYAN BARU,PENANG | BAYAN BARU,Penang,PENANG,Leasehold,Condominium,Condominium,Condominium,High-Rise,498000.0,476.0,11
Halaman Kenanga,Sungai Dua,SUNGAI DUA,PENANG | SUNGAI DUA,Penang,PENANG,Leasehold,Apartment,Apartment,Apartment,High-Rise,250000.0,375.0,11
Grandeur Tower,Ampang,AMPANG,SELANGOR | AMPANG,Selangor,SELANGOR,Leasehold,Apartment,Apartment,Apartment,High-Rise,305000.0,322.0,11
Frinza Court,Johor Bahru,JOHOR BAHRU,JOHOR | JOHOR BAHRU,Johor,JOHOR,Freehold,Apartment,Apartment,Apartment,High-Rise,350000.0,260.0,11
Puncak Seri Kelana,Ara Damansara,ARA DAMANSARA,SELANGOR | ARA DAMANSARA,Selangor,SELANGOR,Leasehold,Condominium,Condominium,Condominium,High-Rise,420000.0,400.0,11
Concerto North Kiara,Dutamas,DUTAMAS,KUALA LUMPUR | DUTAMAS,Kuala Lumpur,KUALA LUMPUR,Freehold,Condominium,Condominium,Condominium,High-Rise,1765800.0,913.0,11
Suria @ Hijau E-Komuniti,Batu Kawan,BATU KAWAN,PENANG | BATU KAWAN,Penang,PENANG,Leasehold,Apartment,Apartment,Apartment,High-Rise,330000.0,333.0,11
Taman Desa Cheras,Cheras,CHERAS,KUALA LUMPUR | CHERAS,Kuala Lumpur,KUALA LUMPUR,Freehold,Flat,Flat,Flat,High-Rise,110000.0,165.0,11
Mutiara Ville,Cyberjaya,CYBERJAYA,SELANGOR | CYBERJAYA,Selangor,SELANGOR,Freehold,Service Residence,Service Residence,Service Residence,High-Rise,400000.0,400.0,11
Ascenda Residence @ Skyarena,Setapak,SETAPAK,KUALA LUMPUR | SETAPAK,Kuala Lumpur,KUALA LUMPUR,Leasehold,Condominium,Condominium,Condominium,High-Rise,493000.0,455.0,11
Hann's Residence,Sibu,SIBU,SARAWAK | SIBU,Sarawak,SARAWAK,Leasehold,Apartment,Apartment,Apartment,High-Rise,450000.0,593.0,11
Menara Avenue (Menara Promenade),KLCC,KLCC,KUALA LUMPUR | KLCC,Kuala Lumpur,KUALA LUMPUR,Freehold,Condominium,Condominium,Condominium,High-Rise,430000.0,459.0,11
Paramount Utropolis,Glenmarie,GLENMARIE,SELANGOR | GLENMARIE,Selangor,SELANGOR,Freehold,Service Residence,Service Residence,Service Residence,High-Rise,560000.0,708.0,11
Pangsapuri Cempaka,Puchong,PUCHONG,SELANGOR | PUCHONG,Selangor,SELANGOR,Freehold,Flat,Flat,Flat,High-Rise,162500.0,250.0,11
Taman Daya - Jalan Sagu 34,Tebrau,TEBRAU,JOHOR | TEBRAU,Johor,JOHOR,Freehold,Flat,Flat,Flat,High-Rise,150000.0,228.0,11
BANDAR SUNWAY SEMENYIH,Semenyih,SEMENYIH,SELANGOR | SEMENYIH,Selangor,SELANGOR,Freehold,Terrace House,Terrace House,Terrace House,Landed,561000.0,277.0,10
TAMAN MERANTI JAYA,Puchong,PUCHONG,SELANGOR | PUCHONG,Selangor,SELANGOR,Freehold,Terrace House,Terrace House,Terrace House,Landed,1075000.0,475.0,10
TAMAN CEMPAKA INDAH,Teloi Kiri,TELOI KIRI,KEDAH | TELOI KIRI,Kedah,KEDAH,Freehold,"Semi D, Terrace House","Semi D, Terrace House",Semi D,Landed,195000.0,122.0,10
TAMAN KASA HEIGHTS,Alor Gajah,ALOR GAJAH,MELAKA | ALOR GAJAH,Melaka,MELAKA,Freehold,"Cluster House, Town House, Terrace House","Cluster House, Terrace House, Town House",Cluster House,Landed,205000.0,173.0,10
RPA BEMBAN II,Batu Gajah,BATU GAJAH,PERAK | BATU GAJAH,Perak,PERAK,Leasehold,Terrace House,Terrace House,Terrace House,Landed,97500.0,77.0,10
TAMAN BIDARA,Bukit Mertajam,BUKIT MERTAJAM,PENANG | BUKIT MERTAJAM,Penang,PENANG,Freehold,Terrace House,Terrace House,Terrace House,Landed,279000.0,282.0,10
TAMAN SERI PAYA RUMPUT,Sungei Baru Tengah,SUNGEI BARU TENGAH,MELAKA | SUNGEI BARU TENGAH,Melaka,MELAKA,Freehold,Terrace House,Terrace House,Terrace House,Landed,260000.0,174.0,10
SUBANG BESTARI,Shah Alam,SHAH ALAM,SELANGOR | SHAH ALAM,Selangor,SELANGOR,Leasehold,"Terrace House, Semi D","Semi D, Terrace House",Semi D,Landed,690000.0,414.0,10
TAMAN KOTA SARANG SEMUT,Kota Sarang Semut,KOTA SARANG SEMUT,KEDAH | KOTA SARANG SEMUT,Kedah,KEDAH,Freehold,Terrace House,Terrace House,Terrace House,Landed,225000.0,173.0,10
TAMAN IMPIAN PUTRA,Bangi,BANGI,SELANGOR | BANGI,Selangor,SELANGOR,Leasehold,Terrace House,Terrace House,Terrace House,Landed,440000.0,365.0,10
TAMAN DESA DUYUNG,Duyong,DUYONG,MELAKA | DUYONG,Melaka,MELAKA,Mixed,Terrace House,Terrace House,Terrace House,Landed,245000.0,187.0,10
DESA PANTAI INDAH,Teluk Kumbar,TELUK KUMBAR,PENANG | TELUK KUMBAR,Penang,PENANG,Freehold,Terrace House,Terrace House,Terrace House,Landed,750000.0,536.0,10
TAMAN SERI KERAMAT,Ulu Klang,ULU KLANG,SELANGOR | ULU KLANG,Selangor,SELANGOR,Leasehold,Terrace House,Terrace House,Terrace House,Landed,640000.0,359.0,10
TAMAN SERING UKAY,Ulu Klang,ULU KLANG,SELANGOR | ULU KLANG,Selangor,SELANGOR,Freehold,Terrace House,Terrace House,Terrace House,Landed,1260000.0,611.0,10
TAMAN MANIS,Batu Pahat,BATU PAHAT,JOHOR | BATU PAHAT,Johor,JOHOR,Freehold,"Semi D, Terrace House","Semi D, Terrace House",Semi D,Landed,220000.0,194.0,10
TAMAN TAN YEW LAI,Jalan Klang Lama (Old Klang Road),JALAN KLANG LAMA (OLD KLANG ROAD),KUALA LUMPUR | JALAN KLANG LAMA (OLD KLANG ROAD),Kuala Lumpur,KUALA LUMPUR,Freehold,Terrace House,Terrace House,Terrace House,Landed,575000.0,417.0,10
TAMAN KERAMAT PERMAI,Ulu Klang,ULU KLANG,SELANGOR | ULU KLANG,Selangor,SELANGOR,Leasehold,Terrace House,Terrace House,Terrace House,Landed,600000.0,452.0,10
BANDAR NUSA RHU,Shah Alam,SHAH ALAM,SELANGOR | SHAH ALAM,Selangor,SELANGOR,Leasehold,"Bungalow, Terrace House","Bungalow, Terrace House",Bungalow,Landed,591500.0,400.0,10
SS4 PETALING JAYA,Petaling Jaya,PETALING JAYA,SELANGOR | PETALING JAYA,Selangor,SELANGOR,Freehold,"Terrace House, Semi D","Semi D, Terrace House",Semi D,Landed,842500.0,472.0,10
TAMAN LANGAT UTAMA 2,Tanjong Duabelas,TANJONG DUABELAS,SELANGOR | TANJONG DUABELAS,Selangor,SELANGOR,Leasehold,Terrace House,Terrace House,Terrace House,Landed,435000.0,244.0,10
TAMAN CAHAYA KRISTAL II,Bandar Baharu,BANDAR BAHARU,KEDAH | BANDAR BAHARU,Kedah,KEDAH,Freehold,Semi D,Semi D,Semi D,Landed,438488.0,152.0,10
TAMAN SEMANTAN INDAH,Mentakab,MENTAKAB,PAHANG | MENTAKAB,Pahang,PAHANG,Freehold,Terrace House,Terrace House,Terrace House,Landed,257500.0,146.0,10
BANDAR SEJAHTERA FASA 3,Pokok Sena,POKOK SENA,KEDAH | POKOK SENA,Kedah,KEDAH,Freehold,"Cluster House, Terrace House","Cluster House, Terrace House",Cluster House,Landed,408900.0,156.0,10
TAMAN SCIENTEX UTAMA,Kulai,KULAI,JOHOR | KULAI,Johor,JOHOR,Freehold,Terrace House,Terrace House,Terrace House,Landed,500000.0,426.0,10
TAMAN PAHLAWAN 2,Gemas,GEMAS,NEGERI SEMBILAN | GEMAS,Negeri Sembilan,NEGERI SEMBILAN,Freehold,Terrace House,Terrace House,Terrace House,Landed,350000.0,246.0,10
TAMAN SERI SEMENTA,Kapar,KAPAR,SELANGOR | KAPAR,Selangor,SELANGOR,Leasehold,Terrace House,Terrace House,Terrace House,Landed,332500.0,246.0,10
"TAMAN OSCAR, SUNGAI BESAR",Sungai Besar,SUNGAI BESAR,SELANGOR | SUNGAI BESAR,Selangor,SELANGOR,Leasehold,Terrace House,Terrace House,Terrace House,Landed,343440.0,147.0,10
TAMAN PADANG TEMU PERMATA,Melaka City,MELAKA CITY,MELAKA | MELAKA CITY,Melaka,MELAKA,Freehold,"Terrace House, Semi D","Semi D, Terrace House",Semi D,Landed,250000.0,147.0,10
TAMAN MENGKUANG JAYA,Bukit Mertajam,BUKIT MERTAJAM,PENANG | BUKIT MERTAJAM,Penang,PENANG,Freehold,"Semi D, Terrace House","Semi D, Terrace House",Semi D,Landed,512500.0,348.0,10
TAMAN KULIM SQUARE,Lunas,LUNAS,KEDAH | LUNAS,Kedah,KEDAH,Freehold,Semi D,Semi D,Semi D,Landed,445000.0,270.0,10
"TAMAN MESRA, OFF JALAN SUNGAI JATI",Klang,KLANG,SELANGOR | KLANG,Selangor,SELANGOR,Freehold,"Semi D, Terrace House","Semi D, Terrace House",Semi D,Landed,506100.0,349.0,10
TAMAN WANGSA INDAH,Batu Pahat,BATU PAHAT,JOHOR | BATU PAHAT,Johor,JOHOR,Freehold,"Semi D, Terrace House","Semi D, Terrace House",Semi D,Landed,646076.0,311.0,10
TAMAN MEGA RIA 2,Tangkak,TANGKAK,JOHOR | TANGKAK,Johor,JOHOR,Freehold,Terrace House,Terrace House,Terrace House,Landed,100000.0,104.0,10
TAMAN NESA DELIMA,Rantau,RANTAU,NEGERI SEMBILAN | RANTAU,Negeri Sembilan,NEGERI SEMBILAN,Freehold,Semi D,Semi D,Semi D,Landed,401531.0,143.0,10
TAMAN SERI ROTAN,Kuala Kedah,KUALA KEDAH,KEDAH | KUALA KEDAH,Kedah,KEDAH,Freehold,Semi D,Semi D,Semi D,Landed,379505.0,147.0,10
SAMARIANG AMAN,Kuching,KUCHING,SARAWAK | KUCHING,Sarawak,SARAWAK,Leasehold,Terrace House,Terrace House,Terrace House,Landed,372500.0,198.0,10
RESIDENSI EMERALD DAMAI (EMERALD HILLS),Cheras,CHERAS,KUALA LUMPUR | CHERAS,Kuala Lumpur,KUALA LUMPUR,Freehold,Terrace House,Terrace House,Terrace House,Landed,1770000.0,978.0,10
P/L : 2195 (PT24541-PT24570),Sungai Karang,SUNGAI KARANG,PAHANG | SUNGAI KARANG,Pahang,PAHANG,Freehold,Semi D,Semi D,Semi D,Landed,380000.0,121.0,10
P/L 3487(LABU),Sepang,SEPANG,SELANGOR | SEPANG,Selangor,SELANGOR,Leasehold,Terrace House,Terrace House,Terrace House,Landed,395000.0,211.0,10
TAMAN RAMAL KLASIK,Kajang,KAJANG,SELANGOR | KAJANG,Selangor,SELANGOR,Freehold,Terrace House,Terrace House,Terrace House,Landed,752400.0,561.0,10
IDAMAN GRAND RESIDENCE/SENTOSA IDAMAN,Klang,KLANG,SELANGOR | KLANG,Selangor,SELANGOR,Freehold,Terrace House,Terrace House,Terrace House,Landed,1205000.0,532.0,10
TAMAN MH PERMATANG BADAK FASA 6 (P/L30398),Kuantan,KUANTAN,PAHANG | KUANTAN,Pahang,PAHANG,Freehold,"Terrace House, Semi D","Semi D, Terrace House",Semi D,Landed,289000.0,184.0,10
TAMAN MUHIBAH FASA 16,Merlimau,MERLIMAU,MELAKA | MERLIMAU,Melaka,MELAKA,Freehold,Cluster House,Cluster House,Cluster House,Landed,398800.0,147.0,10
TAMAN DENAI HIJAU,Gerik,GERIK,PERAK | GERIK,Perak,PERAK,Freehold,Terrace House,Terrace House,Terrace House,Landed,265000.0,189.0,10
TAMAN BUKIT TUNKU,Kulim,KULIM,KEDAH | KULIM,Kedah,KEDAH,Freehold,Terrace House,Terrace House,Terrace House,Landed,383000.0,242.0,10
"TAMAN SRI JAYA, SRI AMAN",Sri Aman,SRI AMAN,SARAWAK | SRI AMAN,Sarawak,SARAWAK,Mixed,Terrace House,Terrace House,Terrace House,Landed,295000.0,106.0,10
TAMAN SIKAMAT PERDANA,Sikamat,SIKAMAT,NEGERI SEMBILAN | SIKAMAT,Negeri Sembilan,NEGERI SEMBILAN,Mixed,Terrace House,Terrace House,Terrace House,Landed,356500.0,247.0,10
TAMAN ARMANI SUNGAI PANDAN 2 (PL8492),Kuantan,KUANTAN,PAHANG | KUANTAN,Pahang,PAHANG,Freehold,Terrace House,Terrace House,Terrace House,Landed,266500.0,175.0,10
ARDEN HILL @SEREMBAN FOREST HEIGHTS,Ampangan,AMPANGAN,NEGERI SEMBILAN | AMPANGAN,Negeri Sembilan,NEGERI SEMBILAN,Freehold,Terrace House,Terrace House,Terrace House,Landed,614500.0,418.0,10
TAMAN KUANTAN JAYA,Kuantan,KUANTAN,PAHANG | KUANTAN,Pahang,PAHANG,Leasehold,Terrace House,Terrace House,Terrace House,Landed,285000.0,165.0,10
TAMAN RAMBAI TENGAH SENTOSA,Bukit Rambai,BUKIT RAMBAI,MELAKA | BUKIT RAMBAI,Melaka,MELAKA,Freehold,Semi D,Semi D,Semi D,Landed,422300.0,126.0,10
TAMAN BUKIT KEMAYAN (KEMAYAN HEIGHTS),Rasah,RASAH,NEGERI SEMBILAN | RASAH,Negeri Sembilan,NEGERI SEMBILAN,Freehold,Semi D,Semi D,Semi D,Landed,1103000.0,335.0,10
TAMAN PERMAI INDAH FASA 2,Kuala Lipis,KUALA LIPIS,PAHANG | KUALA LIPIS,Pahang,PAHANG,Freehold,"Terrace House, Semi D","Semi D, Terrace House",Semi D,Landed,326300.0,115.0,10
MAHKOTA IMPIAN (P/L 164414),Kuantan,KUANTAN,PAHANG | KUANTAN,Pahang,PAHANG,Freehold,Terrace House,Terrace House,Terrace House,Landed,314500.0,169.0,10
TAMAN CEMPAKA [SENAWANG],Senawang,SENAWANG,NEGERI SEMBILAN | SENAWANG,Negeri Sembilan,NEGERI SEMBILAN,Leasehold,Terrace House,Terrace House,Terrace House,Landed,295000.0,224.0,10
TAMAN KUCAI INDAH II,Lunas,LUNAS,KEDAH | LUNAS,Kedah,KEDAH,Freehold,"Semi D, Terrace House","Semi D, Terrace House",Semi D,Landed,490000.0,303.0,10
YARRA PARK SPRINGFIELD,Sungai Petani,SUNGAI PETANI,KEDAH | SUNGAI PETANI,Kedah,KEDAH,Freehold,Terrace House,Terrace House,Terrace House,Landed,357900.0,233.0,10
BB SETIA AWAN PERDANA RESIDEN 1,Sitiawan,SITIAWAN,PERAK | SITIAWAN,Perak,PERAK,Freehold,"Cluster House, Terrace House","Cluster House, Terrace House",Cluster House,Landed,220000.0,138.0,10
TAMAN SUNGAI SERDANG JAYA,Kapar,KAPAR,SELANGOR | KAPAR,Selangor,SELANGOR,Freehold,Semi D,Semi D,Semi D,Landed,504850.0,161.0,10
DAHLIA GARDEN,Simpang Ampat,SIMPANG AMPAT,PENANG | SIMPANG AMPAT,Penang,PENANG,Freehold,Terrace House,Terrace House,Terrace House,Landed,627000.0,462.0,10
TAMAN LUKUT ERA,Lukut,LUKUT,NEGERI SEMBILAN | LUKUT,Negeri Sembilan,NEGERI SEMBILAN,Freehold,Terrace House,Terrace House,Terrace House,Landed,418000.0,217.0,10
TAMAN SINAR PELANGI,Batu Pahat,BATU PAHAT,JOHOR | BATU PAHAT,Johor,JOHOR,Freehold,Terrace House,Terrace House,Terrace House,Landed,594150.0,341.0,10
TAMAN PERMAI PUTEH,Tronoh,TRONOH,PERAK | TRONOH,Perak,PERAK,Leasehold,Terrace House,Terrace House,Terrace House,Landed,305000.0,218.0,10
TAMAN PENAGA INDAH,Penaga,PENAGA,PENANG | PENAGA,Penang,PENANG,Freehold,Semi D,Semi D,Semi D,Landed,499000.0,214.0,10
TAMAN PD RESTU,Port Dickson,PORT DICKSON,NEGERI SEMBILAN | PORT DICKSON,Negeri Sembilan,NEGERI SEMBILAN,Freehold,Terrace House,Terrace House,Terrace House,Landed,292045.0,209.0,10
TAMAN SEMARANG TROPIKA,Dengkil,DENGKIL,SELANGOR | DENGKIL,Selangor,SELANGOR,Leasehold,Terrace House,Terrace House,Terrace House,Landed,640000.0,457.0,10
TAMAN PERMATANG BAIDURI,Kuala Sungai Baru,KUALA SUNGAI BARU,MELAKA | KUALA SUNGAI BARU,Melaka,MELAKA,Freehold,Terrace House,Terrace House,Terrace House,Landed,334000.0,216.0,10
TAMAN DESA INTAN,Kapar,KAPAR,SELANGOR | KAPAR,Selangor,SELANGOR,Mixed,Terrace House,Terrace House,Terrace House,Landed,423250.0,322.0,10
TAMAN JERNIH,Bukit Mertajam,BUKIT MERTAJAM,PENANG | BUKIT MERTAJAM,Penang,PENANG,Freehold,Cluster House,Cluster House,Cluster House,Landed,414500.0,330.0,10
GLENMARIE HEIGHTS,Tebrau,TEBRAU,JOHOR | TEBRAU,Johor,JOHOR,Freehold,Terrace House,Terrace House,Terrace House,Landed,906950.0,413.0,10
MUKIM MACHANG,Machang,MACHANG,KELANTAN | MACHANG,Kelantan,KELANTAN,Freehold,Bungalow,Bungalow,Bungalow,Landed,342500.0,97.0,10
KAMPUNG PANDAN DALAM,Ampang,AMPANG,SELANGOR | AMPANG,Selangor,SELANGOR,Leasehold,"Bungalow, Semi D","Bungalow, Semi D",Bungalow,Landed,372500.0,128.0,10
PEKAN BARU,Parit Buntar,PARIT BUNTAR,PERAK | PARIT BUNTAR,Perak,PERAK,Leasehold,"Semi D, Terrace House","Semi D, Terrace House",Semi D,Landed,210000.0,212.0,10
TAMAN SAUJANA HARMONI,Batu Gajah,BATU GAJAH,PERAK | BATU GAJAH,Perak,PERAK,Leasehold,Terrace House,Terrace House,Terrace House,Landed,288000.0,180.0,10
TAMAN SAUJANA SEKSYEN 2 (TAMAN SETIA),Bukit Katil,BUKIT KATIL,MELAKA | BUKIT KATIL,Melaka,MELAKA,Freehold,"Semi D, Town House","Semi D, Town House",Semi D,Landed,200000.0,136.0,10
TAMAN ILMU,Nibong Tebal,NIBONG TEBAL,PENANG | NIBONG TEBAL,Penang,PENANG,Freehold,"Terrace House, Cluster House","Cluster House, Terrace House",Cluster House,Landed,310500.0,251.0,10
BANDAR BARU KUANTAN PUTRI,Kuantan,KUANTAN,PAHANG | KUANTAN,Pahang,PAHANG,Leasehold,Terrace House,Terrace House,Terrace House,Landed,202500.0,159.0,10
TAMAN MELAKA BARU FASA 3A,Batu Berendam,BATU BERENDAM,MELAKA | BATU BERENDAM,Melaka,MELAKA,Leasehold,Terrace House,Terrace House,Terrace House,Landed,256500.0,211.0,10
CYBERIA SMART HOMES,Cyberjaya,CYBERJAYA,SELANGOR | CYBERJAYA,Selangor,SELANGOR,Freehold,Town House,Town House,Town House,Landed,352500.0,209.0,10
PUTERI RESIDENCE,Sungai Petani,SUNGAI PETANI,KEDAH | SUNGAI PETANI,Kedah,KEDAH,Freehold,Semi D,Semi D,Semi D,Landed,420000.0,131.0,10
TAMAN RAUB JAYA 3,Raub,RAUB,PAHANG | RAUB,Pahang,PAHANG,Freehold,Terrace House,Terrace House,Terrace House,Landed,272500.0,251.0,10
TAMAN BERCHAM RAYA,Tambun,TAMBUN,PERAK | TAMBUN,Perak,PERAK,Leasehold,Terrace House,Terrace House,Terrace House,Landed,194000.0,177.0,10
TAMAN ECO MEADOW,Simpang Ampat,SIMPANG AMPAT,PENANG | SIMPANG AMPAT,Penang,PENANG,Freehold,Terrace House,Terrace House,Terrace House,Landed,815000.0,533.0,10
TAMAN DESARIA,Nilai,NILAI,NEGERI SEMBILAN | NILAI,Negeri Sembilan,NEGERI SEMBILAN,Freehold,Terrace House,Terrace House,Terrace House,Landed,310000.0,177.0,10
BANDAR TIRAM,Ulu Tiram,ULU TIRAM,JOHOR | ULU TIRAM,Johor,JOHOR,Freehold,Terrace House,Terrace House,Terrace House,Landed,580000.0,393.0,10
TAMAN FLORA HEIGHTS,Pasir Gudang,PASIR GUDANG,JOHOR | PASIR GUDANG,Johor,JOHOR,Freehold,Terrace House,Terrace House,Terrace House,Landed,497250.0,286.0,10
JALAN STAMPIN,Kuching,KUCHING,SARAWAK | KUCHING,Sarawak,SARAWAK,Leasehold,"Bungalow, Semi D","Bungalow, Semi D",Bungalow,Landed,865000.0,274.0,10
DESA SALAK PEKERTI,Sepang,SEPANG,SELANGOR | SEPANG,Selangor,SELANGOR,Leasehold,Terrace House,Terrace House,Terrace House,Landed,499500.0,200.0,10
BERJAYA PERMAI,Kuantan,KUANTAN,PAHANG | KUANTAN,Pahang,PAHANG,Leasehold,"Semi D, Terrace House","Semi D, Terrace House",Semi D,Landed,200000.0,96.0,10
TAMAN LIP SIN,Sungai Dua,SUNGAI DUA,PENANG | SUNGAI DUA,Penang,PENANG,Freehold,Terrace House,Terrace House,Terrace House,Landed,865000.0,596.0,10
GREENWOOD PARK,Kota Samarahan,KOTA SAMARAHAN,SARAWAK | KOTA SAMARAHAN,Sarawak,SARAWAK,Leasehold,"Terrace House, Semi D","Semi D, Terrace House",Semi D,Landed,341500.0,152.0,10
TAMAN NUSANTARA,Kuala Kedah,KUALA KEDAH,KEDAH | KUALA KEDAH,Kedah,KEDAH,Freehold,"Semi D, Terrace House","Semi D, Terrace House",Semi D,Landed,347500.0,186.0,10
TAMAN GUNUNG PULAI,Kulai,KULAI,JOHOR | KULAI,Johor,JOHOR,Freehold,Terrace House,Terrace House,Terrace House,Landed,318000.0,307.0,10
LAMAN INDAH 1,Iskandar Puteri (Nusajaya),ISKANDAR PUTERI (NUSAJAYA),JOHOR | ISKANDAR PUTERI (NUSAJAYA),Johor,JOHOR,Freehold,Terrace House,Terrace House,Terrace House,Landed,385000.0,358.0,10
MEDAN BEMBAN MESRA,Batu Gajah,BATU GAJAH,PERAK | BATU GAJAH,Perak,PERAK,Leasehold,Terrace House,Terrace House,Terrace House,Landed,230000.0,164.0,10
TAMAN DELIMA,Tebrau,TEBRAU,JOHOR | TEBRAU,Johor,JOHOR,Mixed,"Terrace House, Semi D","Semi D, Terrace House",Semi D,Landed,425000.0,256.0,10
SEKSYEN 4,Petaling Jaya,PETALING JAYA,SELANGOR | PETALING JAYA,Selangor,SELANGOR,Leasehold,"Bungalow, Terrace House","Bungalow, Terrace House",Bungalow,Landed,1237500.0,254.0,10
BUKIT SAUJANA,Ijok,IJOK,SELANGOR | IJOK,Selangor,SELANGOR,Leasehold,"Semi D, Terrace House","Semi D, Terrace House",Semi D,Landed,700000.0,263.0,10
TAMAN BUNGA MAWAR,Kuching,KUCHING,SARAWAK | KUCHING,Sarawak,SARAWAK,Leasehold,Terrace House,Terrace House,Terrace House,Landed,245000.0,187.0,10
TAMAN BENTONG MAKMUR,Bentong,BENTONG,PAHANG | BENTONG,Pahang,PAHANG,Freehold,Terrace House,Terrace House,Terrace House,Landed,460000.0,309.0,10
RPA RIMBA PANJANG,Sungai Siput,SUNGAI SIPUT,PERAK | SUNGAI SIPUT,Perak,PERAK,Leasehold,Terrace House,Terrace House,Terrace House,Landed,115000.0,77.0,10
TAMAN INDAH JAYA,Kluang,KLUANG,JOHOR | KLUANG,Johor,JOHOR,Freehold,Terrace House,Terrace House,Terrace House,Landed,240000.0,179.0,10
SETIA IMPIAN 7,Setia Alam,SETIA ALAM,SELANGOR | SETIA ALAM,Selangor,SELANGOR,Freehold,Semi D,Semi D,Semi D,Landed,789000.0,473.0,10
TAMAN SENTOSA IMPIAN,Dengkil,DENGKIL,SELANGOR | DENGKIL,Selangor,SELANGOR,Freehold,Semi D,Semi D,Semi D,Landed,910500.0,233.0,10
TAMAN PAYA RUMPUT INDAH,Paya Rumput,PAYA RUMPUT,MELAKA | PAYA RUMPUT,Melaka,MELAKA,Leasehold,"Semi D, Terrace House","Semi D, Terrace House",Semi D,Landed,235000.0,165.0,10
TAMAN BERTAM PUTRA,Tanjong Minyak,TANJONG MINYAK,MELAKA | TANJONG MINYAK,Melaka,MELAKA,Freehold,Terrace House,Terrace House,Terrace House,Landed,488000.0,311.0,10
TAMAN SRI SENAI,Senai,SENAI,JOHOR | SENAI,Johor,JOHOR,Freehold,Terrace House,Terrace House,Terrace House,Landed,280000.0,278.0,10
TAMAN ANDALAS JAYA,Klang,KLANG,SELANGOR | KLANG,Selangor,SELANGOR,Freehold,Terrace House,Terrace House,Terrace House,Landed,655000.0,410.0,10
TAMAN ANJUNG BERCHAM MEGAH,Ipoh,IPOH,PERAK | IPOH,Perak,PERAK,Freehold,Terrace House,Terrace House,Terrace House,Landed,337500.0,224.0,10
TAMAN PUNCAK JELAPANG MAJU,Ipoh,IPOH,PERAK | IPOH,Perak,PERAK,Leasehold,"Terrace House, Semi D","Semi D, Terrace House",Semi D,Landed,290000.0,195.0,10
TAMAN TIONG UNG SIEW,Sibu,SIBU,SARAWAK | SIBU,Sarawak,SARAWAK,Leasehold,Terrace House,Terrace House,Terrace House,Landed,480000.0,272.0,10
TAMAN DESA RISHAH INDAH,Ipoh,IPOH,PERAK | IPOH,Perak,PERAK,Leasehold,Terrace House,Terrace House,Terrace House,Landed,449000.0,261.0,10
